{"mae_0_1": 0.02674870547112888, "median_var_1": 0.42926995547303337, "max_error_0_1": 0.14205969983745925, "min_var_0": 0.00017923691493226812, "mae_0": 0.02674870547112888, "mean_var_1": 0.4770689258725579, "min_var_1": 0.28108380913163133, "mean_var_0": 0.0012893875190217487, "max_var_0": 0.00842395785376171, "max_var_1": 1.654035378035347, "train_size": 250, "std_var_0": 0.000994258032754224, "_step": 0, "coregionalized": true, "median_var_0": 0.001009941884437815, "_runtime": 220.90515613555908, "std_var_1": 0.16489786025816694, "r2_0_1": 0.9790823896566773, "max_error_0": 0.14205969983745925, "_timestamp": 1596815565.932707, "r2_0": 0.9790823896566773}
