{"_timestamp": 1596816719.9562938, "_step": 0, "min_var_0": 0.00015906130964360443, "std_var_0": 0.0009208504093948694, "median_var_0": 0.0008966722030718799, "coregionalized": true, "median_var_1": 0.42676051408070115, "max_error_0_1": 0.16319387435837474, "r2_0_1": 0.9760419663967616, "mae_0_1": 0.02856272778843076, "r2_0": 0.9760419663967616, "train_size": 250, "mean_var_0": 0.0011466644778259294, "std_var_1": 0.1408641402626785, "min_var_1": 0.31100607366143485, "_runtime": 134.37352180480957, "max_var_0": 0.011711506926133097, "mae_0": 0.02856272778843076, "max_error_0": 0.16319387435837474, "mean_var_1": 0.46539263305545103, "max_var_1": 1.9389672435406913}
