{"_step": 1, "cv_mean": 0.9547339994715207, "_timestamp": 1599570738.6879091, "_runtime": 16318.56571316719, "cv_std": 0.006877308721158845}
