{"_step": 1, "cv_mean": 0.9448772209387366, "_timestamp": 1599554328.296287, "_runtime": 1262.8951749801636, "cv_std": 0.0023463249873919003}
