{"max_error_0_1": 0.10829936599407564, "r2_0_1": 0.9817544733517631, "std_var_1": 0.0048633956451820505, "min_var_1": 0.5793249103860726, "r2_0": 0.9817544733517631, "_runtime": 1633.8582451343536, "max_var_1": 0.6160404193726324, "max_error_0": 0.10829936599407564, "min_var_0": 0.033002583630990213, "mean_var_0": 0.03318809102649433, "mae_0_1": 0.02551307611920379, "mae_0": 0.02551307611920379, "median_var_0": 0.03314495630569326, "std_var_0": 0.00015282886926274258, "mean_var_1": 0.5848833140369932, "_timestamp": 1597407228.683639, "train_size": 1250, "_step": 0, "median_var_1": 0.5834857174787077, "coregionalized": false, "max_var_0": 0.03442297970279099}
