{"_timestamp": 1599569349.7844522, "cv_mean": 0.9450112286198081, "_step": 1, "_runtime": 14923.216375112534, "cv_std": 0.004763029924186389}
