{"max_error_0_1": 0.6522295409531202, "r2_0_1": 0.7405898765818228, "std_var_1": 29.066326843911487, "min_var_1": 0.012874321234903618, "r2_0": 0.7405898765818228, "_runtime": 122.5624029636383, "max_var_1": 384.7081240472189, "max_error_0": 0.6522295409531202, "min_var_0": 2.668228425140029e-05, "mean_var_0": 0.014096275941957833, "mae_0_1": 0.0684648262299147, "mae_0": 0.0684648262299147, "median_var_0": 0.0005448638290364016, "std_var_0": 0.060222893408746765, "mean_var_1": 6.803484345602813, "_timestamp": 1597405717.3877969, "train_size": 25, "_step": 0, "median_var_1": 0.2629581611049616, "coregionalized": true, "max_var_0": 0.7970810399263977}
