{"_step": 0, "mean_var_1": 3.5957333369365676, "train_size": 25, "min_var_0": 3.818447895653776e-07, "mae_0_1": 0.09609834226155008, "mean_var_0": 0.011958784515982833, "std_var_0": 0.01630394136701321, "r2_0_1": 0.5960377577407496, "min_var_1": 0.3605281057526822, "max_error_0_1": 0.5727903457271286, "mae_0": 0.09609834226155008, "median_var_0": 0.006655702118275819, "coregionalized": true, "std_var_1": 4.357748876364737, "max_var_1": 31.19864163441628, "max_error_0": 0.5727903457271286, "r2_0": 0.5960377577407496, "max_var_0": 0.11579345603581093, "_timestamp": 1597514271.0752268, "_runtime": 2427.6111917495728, "median_var_1": 2.1418564499400685}
