{"mean_var_1": 1.254211817060605, "max_var_0": 0.014535805377799527, "max_var_1": 4.813694763642603, "coregionalized": true, "min_var_0": 0.0003976178212257153, "median_var_1": 1.1489597148968067, "median_var_0": 0.0024894328485469686, "mae_0_1": 0.03437147215881282, "max_error_0_1": 0.12632204369229294, "r2_0_1": 0.9650598876794527, "max_error_0": 0.12632204369229294, "mean_var_0": 0.002834359861224719, "train_size": 25, "min_var_1": 0.54689047871044, "_runtime": 109.41819500923157, "_step": 0, "std_var_0": 0.0015880760180952374, "_timestamp": 1596816494.497851, "mae_0": 0.03437147215881282, "r2_0": 0.9650598876794527, "std_var_1": 0.49121930455336577}
