{"_timestamp": 1596817108.56454, "_step": 0, "min_var_0": 0.0007165578956602628, "std_var_0": 0.00010049507920840496, "median_var_0": 0.0007956154932842066, "coregionalized": false, "median_var_1": 0.3516636339097061, "max_error_0_1": 0.08570482771279275, "r2_0_1": 0.9856627672565755, "mae_0_1": 0.02222355741833947, "r2_0": 0.9856627672565755, "train_size": 750, "mean_var_0": 0.0008233383993320199, "std_var_1": 0.05216135065488909, "min_var_1": 0.31163630925192076, "_runtime": 522.9817678928375, "max_var_0": 0.0018987067578806075, "mae_0": 0.02222355741833947, "max_error_0": 0.08570482771279275, "mean_var_1": 0.3660544749527802, "max_var_1": 0.932711048020505}
