{"std_var_1": 0.2024472372216176, "mae_0_1": 0.06475261147203235, "max_error_0_1": 0.2429235131636429, "max_var_0": 0.16155432489219948, "mean_var_1": 3.0599109721729296, "_step": 0, "max_var_1": 3.4574891596534387, "std_var_0": 0.015173882538965512, "min_var_0": 0.05549803848630083, "train_size": 18, "mean_var_0": 0.0841296618018575, "max_error_0": 0.2429235131636429, "median_var_1": 3.078235447175029, "_timestamp": 1597921580.531788, "median_var_0": 0.08153734001950272, "r2_0": 0.8464183935065932, "min_var_1": 2.2470766561224598, "r2_0_1": 0.8464183935065932, "mae_0": 0.06475261147203235, "coregionalized": false, "_runtime": 249.664870262146}
