{"std_var_0": 0.023682713433396393, "_step": 0, "_runtime": 329.82825088500977, "min_var_0": 0.046440315410227195, "max_error_0": 0.36987751221933896, "median_var_0": 0.09627806300266241, "mae_0_1": 0.07772835717695584, "mean_var_0": 0.09923742118703648, "median_var_1": 2.567730503666196, "mae_0": 0.07772835717695584, "std_var_1": 0.3055626451006346, "coregionalized": false, "_timestamp": 1597751613.723294, "max_var_0": 0.21007516226211864, "r2_0": 0.7708566768358751, "min_var_1": 1.5360141625791146, "max_error_0_1": 0.36987751221933896, "train_size": 25, "max_var_1": 3.416361098695188, "mean_var_1": 2.568924063033585, "r2_0_1": 0.7708566768358751}
