{"cv_mean": 0.9147640423514949, "_runtime": 1110.7895879745483, "_timestamp": 1599554364.190378, "_step": 1, "cv_std": 0.010890978481928508}
