{"mae_0_1": 0.0214449104291205, "median_var_1": 0.47646488959892963, "max_error_0_1": 0.10489707509573698, "min_var_0": 0.0006745725157492091, "mae_0": 0.0214449104291205, "mean_var_1": 0.5932231506480828, "min_var_1": 0.08507270035092063, "mean_var_0": 0.0009381080380118094, "max_var_0": 0.0024532506155102753, "max_var_1": 3.4902335209937974, "train_size": 250, "std_var_0": 0.0002379432356130122, "_step": 0, "coregionalized": false, "median_var_0": 0.0008646945123628216, "_runtime": 154.64251589775085, "std_var_1": 0.4385148705000696, "r2_0_1": 0.9857828175482811, "max_error_0": 0.10489707509573698, "_timestamp": 1596815499.6700668, "r2_0": 0.9857828175482811}
