{"_timestamp": 1596816870.27634, "_step": 0, "min_var_0": 0.00016635174480583714, "std_var_0": 0.001231375350907858, "median_var_0": 0.0009446674169897307, "coregionalized": true, "median_var_1": 0.318583501876181, "max_error_0_1": 0.11319729565900216, "r2_0_1": 0.9805477515532508, "mae_0_1": 0.02618140158502463, "r2_0": 0.9805477515532508, "train_size": 750, "mean_var_0": 0.0013027655280676655, "std_var_1": 0.08336934452783333, "min_var_1": 0.2616743210771705, "_runtime": 284.6935679912567, "max_var_0": 0.015830752698880346, "mae_0": 0.02618140158502463, "max_error_0": 0.11319729565900216, "mean_var_1": 0.342723889744801, "max_var_1": 1.2480014881345953}
