{"max_error_0_1": 0.12271758868251315, "r2_0_1": 0.9799407859285516, "std_var_1": 0.006519655282554503, "min_var_1": 0.5313288463522893, "r2_0": 0.9799407859285516, "_runtime": 444.8738112449646, "max_var_1": 0.5818243273750708, "max_error_0": 0.12271758868251315, "min_var_0": 0.032249532134986054, "mean_var_0": 0.03283342250056579, "mae_0_1": 0.026320299178219715, "mae_0": 0.026320299178219715, "median_var_0": 0.032761724700073, "std_var_0": 0.0003683257850623676, "mean_var_1": 0.5418519956096554, "_timestamp": 1597406039.6992052, "train_size": 250, "_step": 0, "median_var_1": 0.5405379184439706, "coregionalized": false, "max_var_0": 0.03541880518825657}
