{"_timestamp": 1596816803.278455, "_step": 0, "min_var_0": 9.999900463242284e-09, "std_var_0": 0.0008943329306229662, "median_var_0": 0.0008102887668797187, "coregionalized": true, "median_var_1": 0.48913398148049053, "max_error_0_1": 0.11931720992022132, "r2_0_1": 0.9792824768754429, "mae_0_1": 0.026781346600158202, "r2_0": 0.9792824768754429, "train_size": 250, "mean_var_0": 0.0010553412704913186, "std_var_1": 0.1486471427968262, "min_var_1": 0.3687910615802093, "_runtime": 217.69568300247192, "max_var_0": 0.00847027490555341, "mae_0": 0.026781346600158202, "max_error_0": 0.11931720992022132, "mean_var_1": 0.5277046516311956, "max_var_1": 1.7530402910877978}
