{"_timestamp": 1597473998.120021, "max_var_0": 0.05905005800779328, "_runtime": 91.04033589363098, "std_var_0": 0.008313420349984049, "r2_0": 0.6973439414485217, "mean_var_0": 0.010400556581447775, "mae_0": 0.07985683063250133, "min_var_1": 1.615435889541469, "r2_0_1": 0.6973439414485217, "mean_var_1": 7.23149452750601, "_step": 0, "std_var_1": 4.6296620226125915, "max_var_1": 34.14050044861916, "max_error_0_1": 0.4441738678672036, "median_var_1": 6.064774211594351, "median_var_0": 0.008298696760884905, "coregionalized": true, "min_var_0": 5.003674790060586e-07, "train_size": 25, "max_error_0": 0.4441738678672036, "mae_0_1": 0.07985683063250133}
