{"mae_0_1": 0.052476841027149564, "median_var_1": 1.3349699522659648, "max_error_0_1": 0.21879706773535101, "min_var_0": 0.00038844177838015526, "mae_0": 0.052476841027149564, "mean_var_1": 1.5095216545640124, "min_var_1": 0.29762944172182415, "mean_var_0": 0.0018800977543384817, "max_var_0": 0.006359784020073533, "max_var_1": 4.781080518259387, "train_size": 25, "std_var_0": 0.0010283165441515526, "_step": 0, "coregionalized": false, "median_var_0": 0.0016216216559428176, "_runtime": 53.21545124053955, "std_var_1": 0.7803139435615671, "r2_0_1": 0.9127410928661994, "max_error_0": 0.21879706773535101, "_timestamp": 1596815398.2430022, "r2_0": 0.9127410928661994}
