{"_step": 1, "cv_mean": 368.61068647738983, "_timestamp": 1599547493.231806, "_runtime": 1117.5848729610443, "cv_std": 254.72143201408556}
