{"max_error_0_1": 1.0310967341250143, "r2_0_1": -9.367329126754462e+30, "std_var_1": 0.0, "min_var_1": 1.1294627140912166, "r2_0": -9.367329126754462e+30, "_runtime": 56.226980209350586, "max_var_1": 1.1294627140912166, "max_error_0": 1.0310967341250143, "min_var_0": 0.007525163187593646, "mean_var_0": 0.007525163187593647, "mae_0_1": 0.372729367146546, "mae_0": 0.372729367146546, "median_var_0": 0.007525163187593646, "std_var_0": 8.673617379884035e-19, "mean_var_1": 1.1294627140912166, "_timestamp": 1597405651.0523741, "train_size": 2, "_step": 0, "median_var_1": 1.1294627140912166, "coregionalized": true, "max_var_0": 0.007525163187593646}
