{"std_var_0": 0.0004360428078620672, "_step": 0, "_runtime": 140863.3239250183, "min_var_0": 0.03176029053140124, "max_error_0": 0.1190348486984818, "median_var_0": 0.03218295604566754, "mae_0_1": 0.026894411932963633, "mean_var_0": 0.03229158332526277, "median_var_1": 0.5780950319320761, "mae_0": 0.026894411932963633, "std_var_1": 0.0086777947252051, "coregionalized": false, "_timestamp": 1597892147.2189682, "max_var_0": 0.035464833913287586, "r2_0": 0.9790477175787864, "min_var_1": 0.5698379070432391, "max_error_0_1": 0.1190348486984818, "train_size": 1250, "max_var_1": 0.6440939492080128, "mean_var_1": 0.5803135243232173, "r2_0_1": 0.9790477175787864}
