{"mae_0_1": 0.02567643940416276, "coregionalized": true, "r2_0": 0.981140370962928, "min_var_1": 0.2751072419673248, "std_var_1": 0.05339720509228335, "median_var_1": 0.322453124440406, "mean_var_0": 0.0011272384155140572, "mae_0": 0.02567643940416276, "_step": 0, "_timestamp": 1596846102.5094998, "std_var_0": 0.0009189299059246693, "max_var_1": 0.7446025767940994, "min_var_0": 0.0001836823743879279, "max_error_0_1": 0.12984261276019282, "median_var_0": 0.0008842527814501011, "_runtime": 13146.31988978386, "max_var_0": 0.00882682152835823, "mean_var_1": 0.33675052216340945, "max_error_0": 0.12984261276019282, "train_size": 1250, "r2_0_1": 0.981140370962928}
