{"mae_0_1": 0.020758170479338048, "median_var_1": 0.3377244184453353, "max_error_0_1": 0.09911908191026297, "min_var_0": 0.0006381994029727984, "mae_0": 0.020758170479338048, "mean_var_1": 0.3518522593618975, "min_var_1": 0.30137399019489164, "mean_var_0": 0.0007499410541497403, "max_var_0": 0.0016295181079773718, "max_var_1": 0.7465396791854196, "train_size": 750, "std_var_0": 0.00010578645702773961, "_step": 0, "coregionalized": true, "median_var_0": 0.0007183639068291931, "_runtime": 349.59736800193787, "std_var_1": 0.04762222713088452, "r2_0_1": 0.986627765042389, "max_error_0": 0.09911908191026297, "_timestamp": 1596815694.624919, "r2_0": 0.986627765042389}
