{"max_error_0": 0.08381872740360174, "max_error_0_1": 0.08381872740360174, "mae_0": 0.01996170879160926, "_timestamp": 1597015700.6288562, "r2_0_1": 0.989074319919554, "mean_var_0": 0.0006992574392991743, "min_var_1": 0.30839665594354354, "max_var_1": 0.35743819263840176, "r2_0": 0.989074319919554, "std_var_0": 1.3736175082197472e-05, "mean_var_1": 0.31607991723849466, "median_var_0": 0.0006953968456644504, "coregionalized": true, "_step": 0, "_runtime": 43083.45966911316, "std_var_1": 0.0062492881758698425, "mae_0_1": 0.01996170879160926, "min_var_0": 0.0006823688711483727, "max_var_0": 0.000790213720769603, "train_size": 2000, "median_var_1": 0.3143211121897917}
