{"r2_0_1": 0.978552364354487, "min_var_0": 0.03284723944206664, "max_var_0": 0.054736008175607614, "median_var_0": 0.03541288698017411, "r2_0": 0.978552364354487, "_runtime": 663.1084179878235, "min_var_1": 0.6335684285031019, "std_var_1": 0.05448117633750353, "coregionalized": true, "mean_var_0": 0.03599221544469431, "mean_var_1": 0.7080982917918179, "max_error_0": 0.14869766148966246, "mae_0": 0.027974723331676978, "train_size": 93, "_timestamp": 1597982724.596937, "max_var_1": 1.1556142842720818, "median_var_1": 0.6939166648735516, "mae_0_1": 0.027974723331676978, "_step": 0, "max_error_0_1": 0.14869766148966246, "std_var_0": 0.0022516552149202283}
