{"_timestamp": 1597484044.419735, "max_var_0": 0.042080390506255554, "_runtime": 10137.340049743652, "std_var_0": 0.0006684425024611641, "r2_0": 0.9784123596933866, "mean_var_0": 0.03295680238232385, "mae_0": 0.026486725452313, "min_var_1": 0.5717058169424989, "r2_0_1": 0.9784123596933866, "mean_var_1": 0.5756558757113167, "_step": 0, "std_var_1": 0.003117337822960775, "max_var_1": 0.5940097716914874, "max_error_0_1": 0.11371320708738963, "median_var_1": 0.5749565678993652, "median_var_0": 0.0328193329258394, "coregionalized": false, "min_var_0": 0.032573320738485144, "train_size": 1250, "max_error_0": 0.11371320708738963, "mae_0_1": 0.026486725452313}
