{"_timestamp": 1596816590.8619049, "_step": 0, "min_var_0": 0.0005957897784338861, "std_var_0": 0.0019263042949160887, "median_var_0": 0.002769558237495584, "coregionalized": true, "median_var_1": 0.8265464422285628, "max_error_0_1": 0.19997843583326969, "r2_0_1": 0.9254618590555164, "mae_0_1": 0.045246035657218554, "r2_0": 0.9254618590555164, "train_size": 25, "mean_var_0": 0.0032592824255048562, "std_var_1": 0.5748867808335025, "min_var_1": 0.17780655246741717, "_runtime": 5.279132843017578, "max_var_0": 0.012175257719791333, "mae_0": 0.045246035657218554, "max_error_0": 0.19997843583326969, "mean_var_1": 0.9726994666987097, "max_var_1": 3.633587605219817}
