{"median_var_0": 0.0009096417212797192, "max_error_0": 0.13942918963252815, "r2_0_1": 0.9754777623695502, "mean_var_1": 0.4288683950407001, "_timestamp": 1596875552.1707468, "r2_0": 0.9754777623695502, "std_var_0": 0.001020204797937889, "_runtime": 4378.010443687439, "train_size": 250, "min_var_1": 0.2667526500882873, "_step": 0, "coregionalized": true, "median_var_1": 0.3867551343743203, "min_var_0": 0.00010910540587971695, "mae_0": 0.029246617315965086, "max_var_1": 1.7117509761252536, "std_var_1": 0.14441436612334405, "mean_var_0": 0.0012079445070207696, "mae_0_1": 0.029246617315965086, "max_error_0_1": 0.13942918963252815, "max_var_0": 0.010480765059712738}
