{"std_var_0": 0.0018764104731635502, "_step": 0, "_runtime": 1505.765282869339, "min_var_0": 0.0327624048420956, "max_error_0": 0.13850815250182924, "median_var_0": 0.03506968352374678, "mae_0_1": 0.029021312517470095, "mean_var_0": 0.0356373117610686, "median_var_1": 0.6356635782787744, "mae_0": 0.029021312517470095, "std_var_1": 0.04338043011922915, "coregionalized": false, "_timestamp": 1597752789.660326, "max_var_0": 0.045252188996039035, "r2_0": 0.9737315511878794, "min_var_1": 0.5832369501752034, "max_error_0_1": 0.13850815250182924, "train_size": 125, "max_var_1": 0.8776070321196362, "mean_var_1": 0.6480415602390925, "r2_0_1": 0.9737315511878794}
