{"_timestamp": 1597473937.465697, "max_var_0": 0.16671609435023024, "_runtime": 30.386011838912964, "std_var_0": 3.3423007027971917e-07, "r2_0": -10697774.689062446, "mean_var_0": 0.16671607331810348, "mae_0": 0.22571989246100138, "min_var_1": 0.6305457841854454, "r2_0_1": -10697774.689062446, "mean_var_1": 0.6305723061401093, "_step": 0, "std_var_1": 1.264162608895876e-06, "max_var_1": 0.6305723856901877, "max_error_0_1": 0.7471640122057064, "median_var_1": 0.6305723856901809, "median_var_0": 0.16671609435022847, "coregionalized": false, "min_var_0": 0.16670906121799156, "train_size": 2, "max_error_0": 0.7471640122057064, "mae_0_1": 0.22571989246100138}
