{"r2_0": 0.7062257918626632, "median_var_0": 0.002226290726312641, "max_error_0_1": 0.3445477853408718, "max_var_0": 0.07889815943542278, "train_size": 25, "_runtime": 108.16353297233582, "_timestamp": 1597431281.480845, "_step": 0, "std_var_1": 2.3906028887765554, "r2_0_1": 0.7062257918626632, "min_var_1": 0.9528834471622682, "std_var_0": 0.005983617865721944, "max_error_0": 0.3445477853408718, "min_var_0": 2.2909152939121213e-06, "coregionalized": true, "mae_0_1": 0.09795791518533559, "mean_var_0": 0.004713470195128616, "mean_var_1": 2.9242609593084445, "max_var_1": 31.065472027423713, "mae_0": 0.09795791518533559, "median_var_1": 1.9456724366877476}
