{"_timestamp": 1596968595.1584032, "median_var_0": 0.0007934909375375554, "train_size": 750, "r2_0_1": 0.9788399297818996, "min_var_1": 0.28482469950474104, "median_var_1": 0.339397213736975, "std_var_0": 0.0012126395557882487, "_runtime": 12617.518853187561, "mae_0": 0.027024361148428967, "mae_0_1": 0.027024361148428967, "max_var_0": 0.020464808232384613, "coregionalized": true, "_step": 0, "mean_var_0": 0.0010748428240918784, "max_var_1": 1.6786438458605224, "max_error_0": 0.11576045779053068, "std_var_1": 0.09019726255265476, "mean_var_1": 0.35943656081805403, "max_error_0_1": 0.11576045779053068, "r2_0": 0.9788399297818996, "min_var_0": 9.999895134171776e-09}
