{"r2_0_1": 0.9805160099545654, "min_var_0": 0.033156121812949246, "max_var_0": 0.05076044735002996, "median_var_0": 0.03501700297321118, "r2_0": 0.9805160099545654, "_runtime": 3759.5612032413483, "min_var_1": 0.5820012540349467, "std_var_1": 0.03332500153978537, "coregionalized": true, "mean_var_0": 0.035420310621277686, "mean_var_1": 0.6280106002449818, "max_error_0": 0.13955015078555766, "mae_0": 0.026918057734261414, "train_size": 187, "_timestamp": 1597985821.0497222, "max_var_1": 0.9473151503385996, "median_var_1": 0.6196663824299096, "mae_0_1": 0.026918057734261414, "_step": 0, "max_error_0_1": 0.13955015078555766, "std_var_0": 0.0016153912701186827}
