{"mean_var_1": 1.2414586085209622, "max_var_0": 0.017393274861705166, "max_var_1": 7.385719214251139, "coregionalized": false, "min_var_0": 0.0004304356274751342, "median_var_1": 1.0567894808211804, "median_var_0": 0.002541244232340034, "mae_0_1": 0.0458342104745774, "max_error_0_1": 0.17220196191075932, "r2_0_1": 0.949752818884711, "max_error_0": 0.17220196191075932, "mean_var_0": 0.003005018434915891, "train_size": 25, "min_var_1": 0.1873314602045184, "_runtime": 90.27414011955261, "_step": 0, "std_var_0": 0.0019481069013047546, "_timestamp": 1596816475.353796, "mae_0": 0.0458342104745774, "r2_0": 0.949752818884711, "std_var_1": 0.7766564494512239}
