{"r2_0_1": 0.9675195618006143, "min_var_0": 0.038533522042492524, "max_var_0": 0.05210215974055067, "median_var_0": 0.04063986121464815, "r2_0": 0.9675195618006143, "_runtime": 859.9176301956177, "min_var_1": 0.6251694626369777, "std_var_1": 0.06433364980977245, "coregionalized": true, "mean_var_0": 0.04099287983352273, "mean_var_1": 0.7097254237191979, "max_error_0": 0.16071883021347544, "mae_0": 0.03373988143532729, "train_size": 93, "_timestamp": 1597982921.4061491, "max_var_1": 1.15884979286636, "median_var_1": 0.693724603026549, "mae_0_1": 0.03373988143532729, "_step": 0, "max_error_0_1": 0.16071883021347544, "std_var_0": 0.0015879648805257364}
