{"_timestamp": 1597473956.5239968, "max_var_0": 0.0173890018832829, "_runtime": 49.44431161880493, "std_var_0": 0.0025268493395724225, "r2_0": -910.2499096889119, "mean_var_0": 0.009009822295507479, "mae_0": 0.20918852590841105, "min_var_1": 13.006689374998013, "r2_0_1": -910.2499096889119, "mean_var_1": 13.392557078318182, "_step": 0, "std_var_1": 0.11102063666190613, "max_var_1": 13.760707975948174, "max_error_0_1": 0.7211222739207797, "median_var_1": 13.389473819275418, "median_var_0": 0.00893964677399988, "coregionalized": true, "min_var_0": 0.00022740507458734365, "train_size": 2, "max_error_0": 0.7211222739207797, "mae_0_1": 0.20918852590841105}
