{"mae_0_1": 0.0407893172552479, "coregionalized": true, "r2_0": 0.9499348583982634, "min_var_1": 0.3890408541882293, "std_var_1": 0.8743764056859747, "median_var_1": 1.3301476792835187, "mean_var_0": 0.004336263426702104, "mae_0": 0.0407893172552479, "_step": 0, "_timestamp": 1596832997.6304488, "std_var_0": 0.002752403541848941, "max_var_1": 5.880986887257668, "min_var_0": 0.0008120813279873015, "max_error_0_1": 0.19380059621826495, "median_var_0": 0.0036714698264299957, "_runtime": 41.44083881378174, "max_var_0": 0.01830954583789616, "mean_var_1": 1.5386332018411157, "max_error_0": 0.19380059621826495, "train_size": 25, "r2_0_1": 0.9499348583982634}
