{"max_error_0_1": 0.15207581449997543, "r2_0_1": 0.9683015303390754, "std_var_1": 0.826977899942844, "min_var_1": 0.00898092241732229, "r2_0": 0.9683015303390754, "_runtime": 269.279580116272, "max_var_1": 11.038938153707477, "max_error_0": 0.15207581449997543, "min_var_0": 0.0008608097242518018, "mean_var_0": 0.0019041799361937243, "mae_0_1": 0.03246678548356061, "mae_0": 0.03246678548356061, "median_var_0": 0.001628918948259742, "std_var_0": 0.001059252754078866, "mean_var_1": 0.7162802166964218, "_timestamp": 1597405864.104974, "train_size": 250, "_step": 0, "median_var_1": 0.48619891139014726, "coregionalized": true, "max_var_0": 0.01453687659747456}
