{"_step": 0, "mean_var_1": 0.5664172283846941, "train_size": 250, "min_var_0": 0.02693354550866082, "mae_0_1": 0.026782634377806154, "mean_var_0": 0.02777304396863678, "std_var_0": 0.0009587707981220379, "r2_0_1": 0.9798899877475663, "min_var_1": 0.5558453461931603, "max_error_0_1": 0.1335481751395875, "mae_0": 0.026782634377806154, "median_var_0": 0.02754547865689634, "coregionalized": false, "std_var_1": 0.008676570839975212, "max_var_1": 0.6588687299324574, "max_error_0": 0.1335481751395875, "r2_0": 0.9798899877475663, "max_var_0": 0.03872481764536706, "_timestamp": 1597515250.975582, "_runtime": 3407.5115468502045, "median_var_1": 0.5645711209773113}
