{"max_error_0": 0.2920147052632962, "max_error_0_1": 0.2920147052632962, "min_var_0": 0.01568488670979272, "r2_0": 0.8292092024491331, "median_var_1": 2.4512907238754535, "coregionalized": true, "_runtime": 71.97128009796143, "median_var_0": 0.06700358847636707, "max_var_0": 0.19498735960304994, "max_var_1": 4.296492753062365, "mae_0": 0.07411666162985674, "_step": 0, "std_var_0": 0.026485404007371167, "mae_0_1": 0.07411666162985674, "min_var_1": 1.9388646379234928, "_timestamp": 1597900106.704231, "r2_0_1": 0.8292092024491331, "mean_var_0": 0.07139632068692156, "mean_var_1": 2.5288446741441324, "std_var_1": 0.3652400340491435, "train_size": 12}
