{"max_error_0_1": 0.11073030167217102, "r2_0_1": 0.9825764940259326, "std_var_1": 0.0011865085599903722, "min_var_1": 0.5846380471274764, "r2_0": 0.9825764940259326, "_runtime": 18179.955888032913, "max_var_1": 0.5939677790347728, "max_error_0": 0.11073030167217102, "min_var_0": 0.03146109195768528, "mean_var_0": 0.031736003900723064, "mae_0_1": 0.025085007379162215, "mae_0": 0.025085007379162215, "median_var_0": 0.031612457085447174, "std_var_0": 0.0004348571085497514, "mean_var_1": 0.5863361090537111, "_timestamp": 1597423774.781282, "train_size": 2000, "_step": 0, "median_var_1": 0.5860478433860182, "coregionalized": false, "max_var_0": 0.037781290861974015}
