{"r2_0_1": 0.793176756663064, "min_var_0": 0.05481472281098679, "max_var_0": 0.3024649783367378, "median_var_0": 0.14147364059184503, "r2_0": 0.793176756663064, "_runtime": 58.104480028152466, "min_var_1": 2.6531692653755283, "std_var_1": 0.08754865868612723, "coregionalized": true, "mean_var_0": 0.14641150498943517, "mean_var_1": 2.789955312768575, "max_error_0": 0.32791161129350055, "mae_0": 0.08552407779345132, "train_size": 9, "_timestamp": 1597982119.592999, "max_var_1": 3.216389315965315, "median_var_1": 2.770351809039818, "mae_0_1": 0.08552407779345132, "_step": 0, "max_error_0_1": 0.32791161129350055, "std_var_0": 0.04124328959231716}
