{"std_var_0": 0.007137079313523803, "_step": 0, "_runtime": 51.95307970046997, "min_var_0": 0.0005725341742466306, "max_error_0": 0.3796548049538102, "median_var_0": 0.007091599646381397, "mae_0_1": 0.10313963865388921, "mean_var_0": 0.009651954612017719, "median_var_1": 0.9320054039074535, "mae_0": 0.10313963865388921, "std_var_1": 0.9379836926181724, "coregionalized": true, "_timestamp": 1597751335.8481228, "max_var_0": 0.04448430703976136, "r2_0": 0.692309019231991, "min_var_1": 0.07524351795223083, "max_error_0_1": 0.3796548049538102, "train_size": 12, "max_var_1": 5.846305191123179, "mean_var_1": 1.2684977805573399, "r2_0_1": 0.692309019231991}
