{"_step": 1, "cv_mean": 0.9490789470403452, "_timestamp": 1599566105.596215, "_runtime": 11685.474019050598, "cv_std": 0.007929239587882256}
