{"mae_0_1": 0.024074548091440464, "coregionalized": false, "r2_0": 0.9830767955423051, "min_var_1": 0.08482667433581526, "std_var_1": 0.3636786376932057, "median_var_1": 0.4080764771319707, "mean_var_0": 0.000970248877088564, "mae_0": 0.024074548091440464, "_step": 0, "_timestamp": 1596845281.254206, "std_var_0": 0.00013765477992391914, "max_var_1": 3.397438856482921, "min_var_0": 0.0008064644319542214, "max_error_0_1": 0.13224380253085055, "median_var_0": 0.0009368967779802762, "_runtime": 12325.064595937729, "max_var_0": 0.0020452012257205143, "mean_var_1": 0.5042751914261684, "max_error_0": 0.13224380253085055, "train_size": 250, "r2_0_1": 0.9830767955423051}
