{"std_var_0": 0.0206692593109144, "_step": 0, "_runtime": 382.7889039516449, "min_var_0": 0.04717094026894523, "max_error_0": 0.4016715907623376, "median_var_0": 0.08149177180392288, "mae_0_1": 0.07105819588899737, "mean_var_0": 0.08509049842282536, "median_var_1": 2.3565158640289994, "mae_0": 0.07105819588899737, "std_var_1": 0.5107928072005693, "coregionalized": false, "_timestamp": 1597751666.683947, "max_var_0": 0.15425035627269165, "r2_0": 0.8018417048831905, "min_var_1": 1.0737699295679444, "max_error_0_1": 0.4016715907623376, "train_size": 25, "max_var_1": 3.762234229691873, "mean_var_1": 2.3810564185718044, "r2_0_1": 0.8018417048831905}
