{"_step": 0, "mean_var_1": 8.11556879168981, "train_size": 2, "min_var_0": 0.004782027158611938, "mae_0_1": 0.25359377313959924, "mean_var_0": 0.023813040476717014, "std_var_0": 0.00681728594563595, "r2_0_1": -217.09438619687845, "min_var_1": 7.699574013964388, "max_error_0_1": 0.89190417623769, "mae_0": 0.25359377313959924, "median_var_0": 0.02372072061788362, "coregionalized": true, "std_var_1": 0.14901756959770443, "max_var_1": 8.517120109013867, "max_error_0": 0.89190417623769, "r2_0": -217.09438619687845, "max_var_0": 0.04218329144400286, "_timestamp": 1597514100.9791281, "_runtime": 2257.51509308815, "median_var_1": 8.113550791990399}
