{"mae_0_1": 0.022164535572051728, "coregionalized": false, "r2_0": 0.9861921430387371, "min_var_1": 0.3202313266164271, "std_var_1": 0.052457453743015685, "median_var_1": 0.3623562019019079, "mean_var_0": 0.0007530850468193122, "mae_0": 0.022164535572051728, "_step": 0, "_timestamp": 1596845390.244701, "std_var_0": 8.328778905652725e-05, "max_var_1": 0.7709222438751528, "min_var_0": 0.0006612632510669228, "max_error_0_1": 0.10308969462474149, "median_var_0": 0.0007306200307144009, "_runtime": 12434.055090904236, "max_var_0": 0.001381379395161541, "mean_var_1": 0.3768080422928655, "max_error_0": 0.10308969462474149, "train_size": 750, "r2_0_1": 0.9861921430387371}
