{"mean_var_1": 0.5284002813895137, "max_var_0": 0.008282253892922364, "max_var_1": 3.089292392504902, "coregionalized": false, "min_var_0": 0.00016074338585569947, "median_var_1": 0.41909298335440326, "median_var_0": 0.001006752372452402, "mae_0_1": 0.02808212308680768, "max_error_0_1": 0.12188867173470719, "r2_0_1": 0.9788253945815528, "max_error_0": 0.12188867173470719, "mean_var_0": 0.0012917012600777934, "train_size": 250, "min_var_1": 0.06951483570152561, "_runtime": 155.65272498130798, "_step": 0, "std_var_0": 0.0009800593160209578, "_timestamp": 1596816540.7323809, "mae_0": 0.02808212308680768, "r2_0": 0.9788253945815528, "std_var_1": 0.37857286913304905}
