{"mae_0_1": 0.027461503776007867, "median_var_1": 0.4400023769378123, "max_error_0_1": 0.16152893786380318, "min_var_0": 9.999841399377374e-09, "mae_0": 0.027461503776007867, "mean_var_1": 0.49022746480551643, "min_var_1": 0.31321999115591836, "mean_var_0": 0.001185907529133432, "max_var_0": 0.009253290251514112, "max_var_1": 1.798722872097656, "train_size": 250, "std_var_0": 0.0009866467750359715, "_step": 0, "coregionalized": true, "median_var_0": 0.0008920533885281579, "_runtime": 247.61991095542908, "std_var_1": 0.17159710111122456, "r2_0_1": 0.9773175935395211, "max_error_0": 0.16152893786380318, "_timestamp": 1596815592.647462, "r2_0": 0.9773175935395211}
