{"r2_0_1": 0.9685752886837663, "min_var_0": 0.008339081786365518, "max_var_0": 0.11690317060159713, "median_var_0": 0.03238298595505137, "r2_0": 0.9685752886837663, "_runtime": 443.0414659976959, "min_var_1": 0.5087521042029894, "std_var_1": 0.15308615339785595, "coregionalized": true, "mean_var_0": 0.03477695514160421, "mean_var_1": 0.7259173433263097, "max_error_0": 0.15610915348775256, "mae_0": 0.03323193756854992, "train_size": 93, "_timestamp": 1597982504.529985, "max_var_1": 1.7362581857494326, "median_var_1": 0.6895256701684671, "mae_0_1": 0.03323193756854992, "_step": 0, "max_error_0_1": 0.15610915348775256, "std_var_0": 0.013889434942980464}
