{"cv_mean": 419.94232939347404, "_runtime": 27.141326189041138, "_step": 1, "_timestamp": 1599549825.507894, "cv_std": 290.98954406547176}
