{"std_var_0": 0.0018316588238647777, "_step": 0, "_runtime": 758.7953808307648, "min_var_0": 0.03363042565722571, "max_error_0": 0.12530890178427567, "median_var_0": 0.03606398102452564, "mae_0_1": 0.027127015608085607, "mean_var_0": 0.03649862071290493, "median_var_1": 0.6618782565016836, "mae_0": 0.027127015608085607, "std_var_1": 0.2523747554559361, "coregionalized": false, "_timestamp": 1597752042.690424, "max_var_0": 0.0458590898923982, "r2_0": 0.9775858920387469, "min_var_1": 0.08876710766310926, "max_error_0_1": 0.12530890178427567, "train_size": 125, "max_var_1": 1.7822470395799106, "mean_var_1": 0.6919500758331526, "r2_0_1": 0.9775858920387469}
