{"mae_0_1": 0.0211819892321214, "coregionalized": true, "r2_0": 0.9873635867265491, "min_var_1": 0.2837245238207391, "std_var_1": 0.03533544577059525, "median_var_1": 0.3144428580145462, "mean_var_0": 0.0007614658227007293, "mae_0": 0.0211819892321214, "_step": 0, "_timestamp": 1596845792.322127, "std_var_0": 7.179165068537695e-05, "max_var_1": 0.6589162946348655, "min_var_0": 0.0006807293285927198, "max_error_0_1": 0.09263153462340634, "median_var_0": 0.0007442267522886549, "_runtime": 12836.13251709938, "max_var_0": 0.001434370845728581, "mean_var_1": 0.32304355143663643, "max_error_0": 0.09263153462340634, "train_size": 1250, "r2_0_1": 0.9873635867265491}
