{"max_var_1": 4.322805083659517, "r2_0": 0.4623320427939652, "std_var_1": 0.5654110799938747, "max_var_0": 0.26457289088404695, "_timestamp": 1597960137.544106, "std_var_0": 0.03549623090555964, "train_size": 18, "mean_var_0": 0.10836952247517498, "_step": 0, "mae_0": 0.11428576285016107, "coregionalized": true, "max_error_0": 0.4079908218461834, "min_var_1": 0.4224044235999015, "r2_0_1": 0.4623320427939652, "mean_var_1": 1.8152305539592992, "min_var_0": 0.004442558328997483, "mae_0_1": 0.11428576285016107, "median_var_1": 1.7449199755582327, "max_error_0_1": 0.4079908218461834, "_runtime": 328.53751707077026, "median_var_0": 0.1043036743346262}
