{"cv_mean": 542.0844989512822, "_timestamp": 1599551261.440094, "_step": 1, "_runtime": 27.84774613380432, "cv_std": 397.24253159142387}
