{"mae_0_1": 0.021135258417949956, "coregionalized": true, "r2_0": 0.9877922916970373, "min_var_1": 0.2998106913593457, "std_var_1": 0.013051333329098868, "median_var_1": 0.31181673574716307, "mean_var_0": 0.0007125095721004607, "mae_0": 0.021135258417949956, "_step": 0, "_timestamp": 1596860683.694269, "std_var_0": 3.4751629302949845e-05, "max_var_1": 0.4293102459934399, "min_var_0": 0.000672140948813975, "max_error_0_1": 0.09272803664059248, "median_var_0": 0.0007035223286269308, "_runtime": 27727.504658937454, "max_var_0": 0.001021107983183682, "mean_var_1": 0.3151542738941357, "max_error_0": 0.09272803664059248, "train_size": 2000, "r2_0_1": 0.9877922916970373}
