{"max_var_1": 0.7809601728146542, "r2_0": 0.9812399631595692, "std_var_1": 0.017959586813446025, "max_var_0": 0.04219563786343119, "_timestamp": 1597968947.853911, "std_var_0": 0.0009268939365867101, "train_size": 375, "mean_var_0": 0.0340348115183437, "_step": 0, "mae_0": 0.025998888873144905, "coregionalized": false, "max_error_0": 0.10620902438926771, "min_var_1": 0.600554168480108, "r2_0_1": 0.9812399631595692, "mean_var_1": 0.62210624143265, "min_var_0": 0.03291377825783313, "mae_0_1": 0.025998888873144905, "median_var_1": 0.6173577786616802, "max_error_0_1": 0.10620902438926771, "_runtime": 9138.847321987152, "median_var_0": 0.03379593309312589}
