{"mae_0_1": 0.04150975710114198, "median_var_1": 1.9027222167364641, "max_error_0_1": 0.18723648533344583, "min_var_0": 0.0008725740217485622, "mae_0": 0.04150975710114198, "mean_var_1": 2.229259993437026, "min_var_1": 0.45165243843817393, "mean_var_0": 0.00471244811071487, "max_var_0": 0.02814029147777708, "max_var_1": 11.181766193411221, "train_size": 25, "std_var_0": 0.0030245188447938676, "_step": 0, "coregionalized": false, "median_var_0": 0.003956446592986218, "_runtime": 29.070247888565063, "std_var_1": 1.336271975699166, "r2_0_1": 0.9451082447004688, "max_error_0": 0.18723648533344583, "_timestamp": 1596815374.0977988, "r2_0": 0.9451082447004688}
