{"_timestamp": 1596961025.407077, "median_var_0": 0.0009230090564313898, "train_size": 250, "r2_0_1": 0.9744042896573801, "min_var_1": 0.3157782784100852, "median_var_1": 0.4512794546547304, "std_var_0": 0.0014358872837639737, "_runtime": 5047.767527103424, "mae_0": 0.029597031713204013, "mae_0_1": 0.029597031713204013, "max_var_0": 0.02451424278084069, "coregionalized": true, "_step": 0, "mean_var_0": 0.0012869817584311028, "max_var_1": 3.667538233316555, "max_error_0": 0.1368345339643815, "std_var_1": 0.2098538677775095, "mean_var_1": 0.5004826015053437, "max_error_0_1": 0.1368345339643815, "r2_0": 0.9744042896573801, "min_var_0": 0.00017739307025887996}
