{"mean_var_0": 0.0014402793530477879, "mae_0": 0.06471544374483627, "max_var_0": 0.25216554057135454, "r2_0": 0.8920809092225908, "coregionalized": true, "r2_0_1": 0.8920809092225908, "max_error_0_1": 0.344482829064346, "_step": 0, "_runtime": 273.6709620952606, "min_var_0": 8.125955851312483e-06, "mae_0_1": 0.06471544374483627, "median_var_1": 0.6072338269784372, "max_var_1": 43.68480477968907, "train_size": 25, "_timestamp": 1597746680.266876, "max_error_0": 0.344482829064346, "mean_var_1": 0.895858226409959, "std_var_1": 1.9990368615816059, "std_var_0": 0.010970328996181592, "min_var_1": 0.4642846567901065, "median_var_0": 0.00018786472368503837}
