{"_step": 1, "_timestamp": 1599567505.7604601, "cv_mean": 0.9594561399260069, "_runtime": 13082.054072141647, "cv_std": 0.0064914765711935165}
