{"_timestamp": 1599558305.662126, "cv_mean": 0.9453862569207457, "_step": 1, "_runtime": 3879.094048976898, "cv_std": 0.0049496681366009015}
