{"_step": 0, "mean_var_1": 0.6683700280629084, "train_size": 250, "min_var_0": 9.554256910463688e-05, "mae_0_1": 0.038404534567008076, "mean_var_0": 0.0018098293704980303, "std_var_0": 0.0023070304918241936, "r2_0_1": 0.9587418242517044, "min_var_1": 0.29526179238946043, "max_error_0_1": 0.235837469655225, "mae_0": 0.038404534567008076, "median_var_0": 0.0010913959045350335, "coregionalized": true, "std_var_1": 0.42616799734092137, "max_var_1": 4.504034042065719, "max_error_0": 0.235837469655225, "r2_0": 0.9587418242517044, "max_var_0": 0.02396890488012319, "_timestamp": 1597516315.200545, "_runtime": 4471.736510038376, "median_var_1": 0.5377501412587617}
