{"_timestamp": 1596816610.477704, "_step": 0, "min_var_0": 0.0003433374449430815, "std_var_0": 0.0024129471786700626, "median_var_0": 0.0026550042087905013, "coregionalized": false, "median_var_1": 2.022614297150369, "max_error_0_1": 0.20547127911526042, "r2_0_1": 0.9496509960060101, "mae_0_1": 0.03980260195977665, "r2_0": 0.9496509960060101, "train_size": 25, "mean_var_0": 0.003332948366393762, "std_var_1": 1.5081324585510367, "min_var_1": 0.3615613390809074, "_runtime": 24.89493203163147, "max_var_0": 0.018637701823577935, "mae_0": 0.03980260195977665, "max_error_0": 0.20547127911526042, "mean_var_1": 2.4132052252641287, "max_var_1": 10.714614954061773}
