{"_timestamp": 1596816680.3673768, "_step": 0, "min_var_0": 0.0002699741727347771, "std_var_0": 0.0014219081011264316, "median_var_0": 0.0016610152101677045, "coregionalized": true, "median_var_1": 0.8114179799559786, "max_error_0_1": 0.19374783452785493, "r2_0_1": 0.9401155751740674, "mae_0_1": 0.04840080989434429, "r2_0": 0.9401155751740674, "train_size": 25, "mean_var_0": 0.0021018067499294093, "std_var_1": 0.6945829878532389, "min_var_1": 0.13195070839548118, "_runtime": 94.78460478782654, "max_var_0": 0.009583715726066089, "mae_0": 0.04840080989434429, "max_error_0": 0.19374783452785493, "mean_var_1": 1.026780316731776, "max_var_1": 4.681658201985657}
