{"r2_0_1": 0.3995231945691827, "min_var_0": 0.03791347924087443, "max_var_0": 0.26429577326366716, "median_var_0": 0.15370786824090132, "r2_0": 0.3995231945691827, "_runtime": 132.5802960395813, "min_var_1": 2.093514606907256, "std_var_1": 3.3785878840501027e-06, "coregionalized": false, "mean_var_0": 0.1565747869624897, "mean_var_1": 2.093629265151263, "max_error_0": 0.4521053925805272, "mae_0": 0.102215827314728, "train_size": 9, "_timestamp": 1597982194.068815, "max_var_1": 2.093629386463924, "median_var_1": 2.093629386463924, "mae_0_1": 0.102215827314728, "_step": 0, "max_error_0_1": 0.4521053925805272, "std_var_0": 0.036221010732070055}
