{"max_var_1": 0.8484344393221561, "r2_0": 0.9807072328580632, "std_var_1": 0.024791375895299617, "max_var_0": 0.04467156693178724, "_timestamp": 1597972203.8722692, "std_var_0": 0.0009401947027090162, "train_size": 375, "mean_var_0": 0.03519912541622431, "_step": 0, "mae_0": 0.0265800469893747, "coregionalized": false, "max_error_0": 0.10904689550653757, "min_var_1": 0.5613977008794059, "r2_0_1": 0.9807072328580632, "mean_var_1": 0.590048392183577, "min_var_0": 0.03406561989862409, "mae_0_1": 0.0265800469893747, "median_var_1": 0.5836945147322812, "max_error_0_1": 0.10904689550653757, "_runtime": 12394.865680217743, "median_var_0": 0.034956341418903525}
