{"max_error_0_1": 0.11244199090677309, "r2_0_1": 0.981923425651158, "std_var_1": 0.0031196063614718486, "min_var_1": 0.3268543715913071, "r2_0": 0.981923425651158, "_runtime": 23350.613801002502, "max_var_1": 0.3588075275857224, "max_error_0": 0.11244199090677309, "min_var_0": 0.0010581424524584708, "mean_var_0": 0.0010661322462880906, "mae_0_1": 0.02527966600552948, "mae_0": 0.02527966600552948, "median_var_0": 0.0010642344080420134, "std_var_0": 7.482226531693661e-06, "mean_var_1": 0.3299537785966171, "_timestamp": 1597428945.439195, "train_size": 2000, "_step": 0, "median_var_1": 0.3290711875397934, "coregionalized": true, "max_var_0": 0.0011360289593735633}
