{"_step": 1, "_timestamp": 1599568705.910678, "cv_mean": 0.961881417687352, "_runtime": 14282.204289913177, "cv_std": 0.004002138148642256}
