{"_timestamp": 1597474079.420973, "max_var_0": 0.05019441823487636, "_runtime": 172.34128785133362, "std_var_0": 0.003954651114508323, "r2_0": 0.7990929213173341, "mean_var_0": 0.0024698492719394467, "mae_0": 0.08643112291340783, "min_var_1": 1.7941167463321535, "r2_0_1": 0.7990929213173341, "mean_var_1": 4.02758561850721, "_step": 0, "std_var_1": 3.526919526763301, "max_var_1": 45.69814013717209, "max_error_0_1": 0.38485492251277575, "median_var_1": 3.00424360996644, "median_var_0": 0.001339653015263842, "coregionalized": true, "min_var_0": 3.504824196198797e-06, "train_size": 25, "max_error_0": 0.38485492251277575, "mae_0_1": 0.08643112291340783}
