{"_step": 1, "cv_mean": 424.276410737288, "_timestamp": 1599546398.065154, "_runtime": 22.41822099685669, "cv_std": 294.06289268825867}
