{"r2_0": -278919.5218336938, "median_var_0": 0.19921161048598315, "max_error_0_1": 0.8119764083832708, "max_var_0": 0.1992116104861803, "train_size": 2, "_runtime": 80.39050793647766, "_timestamp": 1597431253.70782, "_step": 0, "std_var_1": 0.0002609177907048918, "r2_0_1": -278919.5218336938, "min_var_1": 4.11411221532464, "std_var_0": 1.261412590637314e-05, "max_error_0": 0.8119764083832708, "min_var_0": 0.19889762724548252, "coregionalized": false, "mae_0_1": 0.20609727867601596, "mean_var_0": 0.19921101460981708, "mean_var_1": 4.120594498706297, "max_var_1": 4.120606824153607, "mae_0": 0.20609727867601596, "median_var_1": 4.120606824149529}
