{"r2_0_1": 0.8041827248795123, "min_var_0": 0.02470834569419799, "max_var_0": 0.17868744113491913, "median_var_0": 0.0840307738175371, "r2_0": 0.8041827248795123, "_runtime": 258.3629219532013, "min_var_1": 1.9650696124709492, "std_var_1": 0.09706694002765766, "coregionalized": false, "mean_var_0": 0.08628798384642065, "mean_var_1": 3.248879157429356, "max_error_0": 0.2995452738880604, "mae_0": 0.07669432005990875, "train_size": 18, "_timestamp": 1597982319.851441, "max_var_1": 3.30060362414703, "median_var_1": 3.2782443763879154, "mae_0_1": 0.07669432005990875, "_step": 0, "max_error_0_1": 0.2995452738880604, "std_var_0": 0.0230347709478555}
