{"max_error_0_1": 0.5514703500148932, "r2_0_1": -18.85304286038728, "std_var_1": 0.2029620191300013, "min_var_1": 12.930110748573156, "r2_0": -18.85304286038728, "_runtime": 4.765542030334473, "max_var_1": 15.207359546719985, "max_error_0": 0.5514703500148932, "min_var_0": 0.022679611257063748, "mean_var_0": 0.11360520177987891, "mae_0_1": 0.18271433959512937, "mae_0": 0.18271433959512937, "median_var_0": 0.11742477170029897, "std_var_0": 0.01187859484936572, "mean_var_1": 14.483698666767301, "_timestamp": 1597405599.590936, "train_size": 2, "_step": 0, "median_var_1": 14.548961236379895, "coregionalized": true, "max_var_0": 0.15595832005362986}
