{"max_var_1": 0.9529602199746215, "r2_0": 0.9794695363286776, "std_var_1": 0.0417722852608024, "max_var_0": 0.05188478813465778, "_timestamp": 1597963099.305378, "std_var_0": 0.001731995488933542, "train_size": 187, "mean_var_0": 0.03563539725875445, "_step": 0, "mae_0": 0.026954983541870182, "coregionalized": true, "max_error_0": 0.11464294908239037, "min_var_1": 0.5133648397558548, "r2_0_1": 0.9794695363286776, "mean_var_1": 0.5673241037374179, "min_var_0": 0.03333930577815319, "mae_0_1": 0.026954983541870182, "median_var_1": 0.5559637421757981, "max_error_0_1": 0.11464294908239037, "_runtime": 3290.298789024353, "median_var_0": 0.03516940899850611}
