{"max_var_1": 6.686873829607395, "min_var_0": 0.003456946884250708, "median_var_1": 6.5201767832020625, "std_var_1": 0.044778539982248934, "_runtime": 14.1149320602417, "r2_0_1": -376.439791323779, "mae_0": 0.19371491182434633, "max_error_0_1": 0.6061059556546995, "mae_0_1": 0.19371491182434633, "_timestamp": 1597746378.0100842, "min_var_1": 6.390933892199785, "r2_0": -376.439791323779, "std_var_0": 0.00176210410056212, "_step": 0, "max_error_0": 0.6061059556546995, "max_var_0": 0.015102636480935036, "coregionalized": true, "mean_var_1": 6.520322641633125, "train_size": 2, "mean_var_0": 0.008548592257981566, "median_var_0": 0.008542852505420103}
