{"_timestamp": 1599557117.8702888, "cv_mean": 0.9468029940568006, "_step": 1, "_runtime": 2691.3022117614746, "cv_std": 0.004851050064856536}
