{"max_var_1": 3.538083868491563, "r2_0": 0.7715684451864662, "std_var_1": 0.005412062867253886, "max_var_0": 0.13312533515712383, "_timestamp": 1597960178.5347662, "std_var_0": 0.009370980447485876, "train_size": 18, "mean_var_0": 0.07864513321021041, "_step": 0, "mae_0": 0.07217095381076788, "coregionalized": true, "max_error_0": 0.2879407991006957, "min_var_1": 3.4915410668652918, "r2_0_1": 0.7715684451864662, "mean_var_1": 3.499283597767238, "min_var_0": 0.06325966506152698, "mae_0_1": 0.07217095381076788, "median_var_1": 3.4979726873151105, "max_error_0_1": 0.2879407991006957, "_runtime": 369.52817726135254, "median_var_0": 0.07672661835340894}
