{"std_var_0": 0.010447214459913578, "_step": 0, "_runtime": 210.74424386024475, "min_var_0": 0.05797618989458333, "max_error_0": 0.267469274259333, "median_var_0": 0.0749571372817804, "mae_0_1": 0.07449720158869612, "mean_var_0": 0.07639926751356027, "median_var_1": 2.4430448585901265, "mae_0": 0.07449720158869612, "std_var_1": 0.23546175286818846, "coregionalized": false, "_timestamp": 1597751494.639287, "max_var_0": 0.12603320971418255, "r2_0": 0.8042228163307197, "min_var_1": 1.891665962771086, "max_error_0_1": 0.267469274259333, "train_size": 25, "max_var_1": 3.2470217469261984, "mean_var_1": 2.454382300324024, "r2_0_1": 0.8042228163307197}
