{"mae_0_1": 0.026348863886386232, "median_var_1": 0.3553629888582242, "max_error_0_1": 0.1368390018322736, "min_var_0": 0.0001151351901258483, "mae_0": 0.026348863886386232, "mean_var_1": 0.3788400049403296, "min_var_1": 0.29458502533981973, "mean_var_0": 0.001180640895858554, "max_var_0": 0.011305964009229008, "max_var_1": 1.057876576974457, "train_size": 750, "std_var_0": 0.0010161113780562956, "_step": 0, "coregionalized": true, "median_var_0": 0.000869817497632042, "_runtime": 505.531142950058, "std_var_1": 0.0768487713507459, "r2_0_1": 0.9792239432341467, "max_error_0": 0.1368390018322736, "_timestamp": 1596815850.558694, "r2_0": 0.9792239432341467}
