{"_runtime": 1043.0151810646057, "mae_0": 0.026421018809908537, "_step": 0, "mean_var_0": 0.0010915390223282103, "mae_0_1": 0.026421018809908537, "max_var_0": 0.008454478247005293, "train_size": 750, "median_var_0": 0.0008500693624973188, "median_var_1": 0.35371208497349405, "max_var_1": 0.7226296631478413, "r2_0_1": 0.9786949669455014, "min_var_0": 0.0001432060451704853, "std_var_0": 0.0008492060201429566, "mean_var_1": 0.3661771742530368, "max_error_0_1": 0.14204767165738508, "r2_0": 0.9786949669455014, "_timestamp": 1596972356.550435, "std_var_1": 0.046552718864553956, "min_var_1": 0.3104503415973163, "coregionalized": true, "max_error_0": 0.14204767165738508}
