{"max_error_0": 0.3001875650196566, "max_error_0_1": 0.3001875650196566, "min_var_0": 0.02598008617171948, "r2_0": 0.8777024078148992, "median_var_1": 2.596950885329218, "coregionalized": true, "_runtime": 339.7503821849823, "median_var_0": 0.0980918473493739, "max_var_0": 0.2523585255605585, "max_var_1": 5.063479746290412, "mae_0": 0.08060609949934316, "_step": 0, "std_var_0": 0.035800013568767414, "mae_0_1": 0.08060609949934316, "min_var_1": 1.8343544078004599, "_timestamp": 1597900374.483333, "r2_0_1": 0.8777024078148992, "mean_var_0": 0.10403526519611751, "mean_var_1": 2.713236946650223, "std_var_1": 0.535042173369345, "train_size": 25}
