{"median_var_0": 0.0007993191444395364, "max_error_0": 0.13022178901671344, "r2_0_1": 0.9763797141352667, "mean_var_1": 0.4258236877071293, "_timestamp": 1596873152.848475, "r2_0": 0.9763797141352667, "std_var_0": 0.0008794304440896235, "_runtime": 1978.688171863556, "train_size": 250, "min_var_1": 0.2940145185508922, "_step": 0, "coregionalized": true, "median_var_1": 0.3877779678843294, "min_var_0": 0.00020951893909870734, "mae_0": 0.028034041097239337, "max_var_1": 1.3557959367814587, "std_var_1": 0.12140456569442487, "mean_var_0": 0.0010943800608096054, "mae_0_1": 0.028034041097239337, "max_error_0_1": 0.13022178901671344, "max_var_0": 0.008181767441810983}
