{"median_var_0": 0.004598540089953751, "max_error_0": 0.26681315639048453, "r2_0_1": 0.840353816103917, "mean_var_1": 3.1089529004188314, "_timestamp": 1596871236.537743, "r2_0": 0.840353816103917, "std_var_0": 0.004814844354289675, "_runtime": 62.377439975738525, "train_size": 25, "min_var_1": 1.1542688482637469, "_step": 0, "coregionalized": true, "median_var_1": 2.6612679133435004, "min_var_0": 0.000645833423239317, "mae_0": 0.0636173448198968, "max_var_1": 13.094378858641427, "std_var_1": 1.5865487939643887, "mean_var_0": 0.005998504980741355, "mae_0_1": 0.0636173448198968, "max_error_0_1": 0.26681315639048453, "max_var_0": 0.03858101911015899}
