{"_timestamp": 1599570401.288631, "cv_mean": 0.9472458893073114, "_step": 1, "_runtime": 15974.72055387497, "cv_std": 0.004717342240318386}
