{"std_var_0": 0.018451155632747056, "_step": 0, "_runtime": 426.42213892936707, "min_var_0": 0.07649876438354992, "max_error_0": 0.33164738417799233, "median_var_0": 0.10762925476291033, "mae_0_1": 0.0765411564480037, "mean_var_0": 0.11073708601509825, "median_var_1": 2.6733668640707404, "mae_0": 0.0765411564480037, "std_var_1": 3.0373675899318704e-05, "coregionalized": false, "_timestamp": 1597751710.317182, "max_var_0": 0.18057361635674063, "r2_0": 0.7421771038089287, "min_var_1": 2.672609011810988, "max_error_0_1": 0.33164738417799233, "train_size": 25, "max_var_1": 2.6733668640707404, "mean_var_1": 2.6733655570120094, "r2_0_1": 0.7421771038089287}
