{"max_error_0": 0.5738068550166875, "max_error_0_1": 0.5738068550166875, "min_var_0": 0.01317506448564624, "r2_0": 0.1762094949157601, "median_var_1": 2.7606832562524914, "coregionalized": false, "_runtime": 185.756089925766, "median_var_0": 0.15002628619451128, "max_var_0": 0.25839043960004315, "max_var_1": 2.7606832562524914, "mae_0": 0.12200074319673992, "_step": 0, "std_var_0": 0.03629415861136002, "mae_0_1": 0.12200074319673992, "min_var_1": 2.7541837770202853, "_timestamp": 1597900220.4890409, "r2_0_1": 0.1762094949157601, "mean_var_0": 0.1480342349943425, "mean_var_1": 2.760672849875797, "std_var_1": 0.00025977087410980644, "train_size": 12}
