{"std_var_0": 0.00020991438997911544, "_step": 0, "_runtime": 1036.9825179576874, "min_var_0": 0.0010088467668542844, "max_error_0": 0.13963675518515029, "median_var_0": 0.0012416117013349403, "mae_0_1": 0.03103867670786201, "mean_var_0": 0.0012997584525762328, "median_var_1": 0.3886999311843462, "mae_0": 0.03103867670786201, "std_var_1": 0.11108621641622547, "coregionalized": true, "_timestamp": 1597752320.877561, "max_var_0": 0.0027217985396423582, "r2_0": 0.970892470168512, "min_var_1": 0.275390607396657, "max_error_0_1": 0.13963675518515029, "train_size": 125, "max_var_1": 1.1954049068489618, "mean_var_1": 0.42054679822712615, "r2_0_1": 0.970892470168512}
