{"_timestamp": 1596959283.372983, "median_var_0": 0.001734348707887383, "train_size": 25, "r2_0_1": 0.9582706651366878, "min_var_1": 0.1698578457333042, "median_var_1": 0.786330579576429, "std_var_0": 0.0015907024803816193, "_runtime": 3305.733433008194, "mae_0": 0.03752788969874924, "mae_0_1": 0.03752788969874924, "max_var_0": 0.02107445280837708, "coregionalized": false, "_step": 0, "mean_var_0": 0.002104829587951328, "max_var_1": 9.30728496413883, "max_error_0": 0.17766989403811873, "std_var_1": 0.6851858773539895, "mean_var_1": 0.9400254173610647, "max_error_0_1": 0.17766989403811873, "r2_0": 0.9582706651366878, "min_var_0": 0.000343461753124634}
