{"std_var_1": 0.028337689669758834, "mae_0_1": 0.10501473715648577, "max_error_0_1": 0.38439330167183217, "max_var_0": 0.2308367351757461, "mean_var_1": 3.130249416800422, "_step": 0, "max_var_1": 3.273288904747539, "std_var_0": 0.019978072085893868, "min_var_0": 0.1028345639018815, "train_size": 9, "mean_var_0": 0.14659695739489126, "max_error_0": 0.38439330167183217, "median_var_1": 3.1252391341124763, "_timestamp": 1597921518.097831, "median_var_0": 0.14417702738533916, "r2_0": 0.41284809893289875, "min_var_1": 3.07724686331847, "r2_0_1": 0.41284809893289875, "mae_0": 0.10501473715648577, "coregionalized": true, "_runtime": 187.23091316223145}
