{"mean_var_1": 1.2001930424322091, "max_var_0": 0.018751558159893378, "max_var_1": 6.140623975318038, "coregionalized": true, "min_var_0": 0.0004644185014797131, "median_var_1": 1.054477515527895, "median_var_0": 0.0027142263516459764, "mae_0_1": 0.045679174550866855, "max_error_0_1": 0.16994470627977387, "r2_0_1": 0.9497651941889892, "max_error_0": 0.16994470627977387, "mean_var_0": 0.0032024568559599347, "train_size": 25, "min_var_1": 0.4078755763753343, "_runtime": 84.03393888473511, "_step": 0, "std_var_0": 0.0020621393929374458, "_timestamp": 1596816469.1135948, "mae_0": 0.045679174550866855, "r2_0": 0.9497651941889892, "std_var_1": 0.6269522325816071}
