{"_runtime": 571.0687770843506, "mae_0": 0.03354247950228599, "_step": 0, "mean_var_0": 0.0004508994157702915, "mae_0_1": 0.03354247950228599, "max_var_0": 0.007891032818728494, "train_size": 25, "median_var_0": 0.00020947507378554775, "median_var_1": 8.145091000866744, "max_var_1": 8.366274841201845, "r2_0_1": 0.9650627802717138, "min_var_0": 9.118749694891903e-06, "std_var_0": 0.0008866038028166476, "mean_var_1": 8.152042606892984, "max_error_0_1": 0.1348125160877962, "r2_0": 0.9650627802717138, "_timestamp": 1596971884.604031, "std_var_1": 0.02552899300816348, "min_var_1": 8.139321913050283, "coregionalized": true, "max_error_0": 0.1348125160877962}
