{"_step": 0, "mean_var_1": 1.4866283721187585, "train_size": 25, "min_var_0": 2.4930223030686903e-05, "mae_0_1": 0.0869778831078384, "mean_var_0": 0.09458230024026433, "std_var_0": 0.04298964100990427, "r2_0_1": 0.5605410857385136, "min_var_1": 0.000777168222970853, "max_error_0_1": 0.6183591343150066, "mae_0": 0.0869778831078384, "median_var_0": 0.0928971164558108, "coregionalized": false, "std_var_1": 0.9727031843964562, "max_var_1": 3.9326136490130623, "max_error_0": 0.6183591343150066, "r2_0": 0.5605410857385136, "max_var_0": 0.22807133896776474, "_timestamp": 1597514280.025707, "_runtime": 2436.561671972275, "median_var_1": 1.3403744884140434}
