{"std_var_0": 0.000898248067250543, "_step": 0, "_runtime": 8503.86170077324, "min_var_0": 0.0322275808985179, "max_error_0": 0.1316072206931258, "median_var_0": 0.033221276047547516, "mae_0_1": 0.02749597156530218, "mean_var_0": 0.03343700914175802, "median_var_1": 0.6301648771628887, "mae_0": 0.02749597156530218, "std_var_1": 0.04898870624322946, "coregionalized": false, "_timestamp": 1597759787.756744, "max_var_0": 0.03871030900414023, "r2_0": 0.9776868910664358, "min_var_1": 0.5818057961204921, "max_error_0_1": 0.1316072206931258, "train_size": 250, "max_var_1": 0.9557514818309888, "mean_var_1": 0.6421790501280135, "r2_0_1": 0.9776868910664358}
