{"_timestamp": 1596817043.140238, "_step": 0, "min_var_0": 0.00018028946087600417, "std_var_0": 0.0008996688716890426, "median_var_0": 0.0008361790008373227, "coregionalized": true, "median_var_1": 0.3565656656333729, "max_error_0_1": 0.09934269778886384, "r2_0_1": 0.9779606886700816, "mae_0_1": 0.027648634332038922, "r2_0": 0.9779606886700816, "train_size": 750, "mean_var_0": 0.00110259180367321, "std_var_1": 0.07585176024704371, "min_var_1": 0.29532969096043327, "_runtime": 457.55746603012085, "max_var_0": 0.00800405752543254, "mae_0": 0.027648634332038922, "max_error_0": 0.09934269778886384, "mean_var_1": 0.3794067596375643, "max_var_1": 0.9263058814164438}
