{"_runtime": 583.9847040176392, "mae_0": 0.032413869112180145, "_step": 0, "mean_var_0": 0.001269806713404985, "mae_0_1": 0.032413869112180145, "max_var_0": 0.011007386688792753, "train_size": 25, "median_var_0": 0.000996503051054809, "median_var_1": 11.161124112363662, "max_var_1": 11.453755371083684, "r2_0_1": 0.9641367130715209, "min_var_0": 0.0001789312293936085, "std_var_0": 0.0010894734909352674, "mean_var_1": 11.169121217036489, "max_error_0_1": 0.13193919000458676, "r2_0": 0.9641367130715209, "_timestamp": 1596971897.519958, "std_var_1": 0.031850331810281, "min_var_1": 11.137216557616785, "coregionalized": true, "max_error_0": 0.13193919000458676}
