{"max_error_0": 0.13319376475217748, "max_error_0_1": 0.13319376475217748, "min_var_0": 0.03498830709764035, "r2_0": 0.9794930498047044, "median_var_1": 0.6644826590065938, "coregionalized": true, "_runtime": 2818.3913860321045, "median_var_0": 0.036877217359973014, "max_var_0": 0.049289092572123334, "max_var_1": 0.9799550841085244, "mae_0": 0.02696026265459144, "_step": 0, "std_var_0": 0.0019547908701564093, "mae_0_1": 0.02696026265459144, "min_var_1": 0.6173347669533097, "_timestamp": 1597902853.124337, "r2_0_1": 0.9794930498047044, "mean_var_0": 0.03737932898936472, "mean_var_1": 0.6782308127698313, "std_var_1": 0.050097285433550395, "train_size": 250}
