{"_step": 1, "_timestamp": 1599570402.0141802, "cv_mean": 0.9605396132918529, "_runtime": 15978.307792186737, "cv_std": 0.005515465665550106}
