{"_timestamp": 1599565377.167816, "cv_mean": 0.948209178808769, "_step": 1, "_runtime": 10950.599738836288, "cv_std": 0.004543690429596814}
