{"mae_0_1": 0.028002504243444595, "median_var_1": 0.36637034887095865, "max_error_0_1": 0.13006269538179227, "min_var_0": 0.0002200536368530681, "mae_0": 0.028002504243444595, "mean_var_1": 0.48406263747387984, "min_var_1": 0.10216419241703534, "mean_var_0": 0.0010980574871498486, "max_var_0": 0.009511325720618968, "max_var_1": 3.80046874057075, "train_size": 250, "std_var_0": 0.0009061568292185501, "_step": 0, "coregionalized": false, "median_var_0": 0.000814218855189619, "_runtime": 168.1725492477417, "std_var_1": 0.3769943536004752, "r2_0_1": 0.9777089550709775, "max_error_0": 0.13006269538179227, "_timestamp": 1596815513.2001002, "r2_0": 0.9777089550709775}
