{"mae_0_1": 0.021137030260628145, "coregionalized": true, "r2_0": 0.9877389728122936, "min_var_1": 0.2895562667448693, "std_var_1": 0.012834681953627398, "median_var_1": 0.3013476152022057, "mean_var_0": 0.0007101223461900511, "mae_0": 0.021137030260628145, "_step": 0, "_timestamp": 1596862467.54221, "std_var_0": 3.482858707648051e-05, "max_var_1": 0.4393997211058312, "min_var_0": 0.0006702492911939182, "max_error_0_1": 0.08817369416207876, "median_var_0": 0.0007017184481595316, "_runtime": 29511.352600097656, "max_var_0": 0.0010840235710714618, "mean_var_1": 0.30444450927569205, "max_error_0": 0.08817369416207876, "train_size": 2000, "r2_0_1": 0.9877389728122936}
