{"std_var_0": 0.0001209686483640247, "_step": 0, "_runtime": 3946.8572747707367, "min_var_0": 0.0008249350616116566, "max_error_0": 0.13887171245640584, "median_var_0": 0.0009276094464459014, "mae_0_1": 0.028584376890214837, "mean_var_0": 0.0009633883615363878, "median_var_1": 0.3576491771633589, "mae_0": 0.028584376890214837, "std_var_1": 0.04383890986694282, "coregionalized": true, "_timestamp": 1597755230.752318, "max_var_0": 0.0019589416882828366, "r2_0": 0.975879776917194, "min_var_1": 0.3201404510433638, "max_error_0_1": 0.13887171245640584, "train_size": 250, "max_var_1": 0.725620373934027, "mean_var_1": 0.3707436427290404, "r2_0_1": 0.975879776917194}
