{"_timestamp": 1596816762.292375, "_step": 0, "min_var_0": 0.00015284761259781732, "std_var_0": 0.0009378642710066822, "median_var_0": 0.0009564571748787998, "coregionalized": true, "median_var_1": 0.47050646477401487, "max_error_0_1": 0.1336210239290767, "r2_0_1": 0.9759256808499689, "mae_0_1": 0.028588953390270865, "r2_0": 0.9759256808499689, "train_size": 250, "mean_var_0": 0.0011701831023603277, "std_var_1": 0.1395914465864635, "min_var_1": 0.34597891759670646, "_runtime": 176.70960307121277, "max_var_0": 0.009304163668467424, "mae_0": 0.028588953390270865, "max_error_0": 0.1336210239290767, "mean_var_1": 0.5036355459452193, "max_var_1": 1.6662417307950894}
