{"max_error_0": 0.12115801395377845, "max_error_0_1": 0.12115801395377845, "mae_0": 0.029488616132911438, "_timestamp": 1596972914.92147, "r2_0_1": 0.9762693147820729, "mean_var_0": 0.0008236998574079534, "min_var_1": 0.0004126430358226685, "max_var_1": 1.9201501205730054, "r2_0": 0.9762693147820729, "std_var_0": 0.00054922344193085, "mean_var_1": 0.4021821735616933, "median_var_0": 0.0006727856579590297, "coregionalized": false, "_step": 0, "_runtime": 297.7522828578949, "std_var_1": 0.27627851116506424, "mae_0_1": 0.029488616132911438, "min_var_0": 9.137042159523823e-05, "max_var_0": 0.003912568714706244, "train_size": 250, "median_var_1": 0.32059920798030106}
