{"min_var_1": 12.286723976860024, "r2_0_1": 0.9492911424424606, "r2_0": 0.9492911424424606, "std_var_1": 0.05877899809945245, "_runtime": 13.366662740707397, "median_var_1": 12.352248823936186, "_timestamp": 1596814578.4057028, "mae_0_1": 0.039549956473776016, "max_var_0": 0.019954428383600842, "mae_0": 0.039549956473776016, "min_var_0": 0.0006255726240786963, "max_var_1": 12.758911686187226, "mean_var_1": 12.368451034166467, "std_var_0": 0.0024060998486460502, "median_var_0": 0.003307811684394313, "mean_var_0": 0.003971044077693967, "max_error_0": 0.16172335705858565, "coregionalized": true, "max_error_0_1": 0.16172335705858565, "train_size": 25, "_step": 0}
