{"_timestamp": 1597473980.5826519, "max_var_0": 0.08750333656349651, "_runtime": 73.50296664237976, "std_var_0": 0.005576110085294442, "r2_0": 0.8371013512424634, "mean_var_0": 0.0022196225354630885, "mae_0": 0.07024968437590173, "min_var_1": 7.165579137641775, "r2_0_1": 0.8371013512424634, "mean_var_1": 7.327192265537626, "_step": 0, "std_var_1": 0.23028789575502073, "max_var_1": 10.058416551155165, "max_error_0_1": 0.45168467276209245, "median_var_1": 7.262475908086248, "median_var_0": 0.0009590146148372725, "coregionalized": true, "min_var_0": 9.998969652258438e-09, "train_size": 25, "max_error_0": 0.45168467276209245, "mae_0_1": 0.07024968437590173}
