{"_timestamp": 1599558890.809942, "cv_mean": 0.9510348466306162, "_step": 1, "_runtime": 4464.2418649196625, "cv_std": 0.004655779778551441}
