{"mae_0_1": 0.020705430494892024, "median_var_1": 0.34426042135002627, "max_error_0_1": 0.10372257059645573, "min_var_0": 0.0006744906635679165, "mae_0": 0.020705430494892024, "mean_var_1": 0.3633387024747293, "min_var_1": 0.29855115534830384, "mean_var_0": 0.0007890104331698233, "max_var_0": 0.0016383407431395875, "max_var_1": 0.854690241147563, "train_size": 750, "std_var_0": 0.00010918644565958375, "_step": 0, "coregionalized": false, "median_var_0": 0.0007560592683096495, "_runtime": 698.172779083252, "std_var_1": 0.06283220909396887, "r2_0_1": 0.9869646441815757, "max_error_0": 0.10372257059645573, "_timestamp": 1596816043.20033, "r2_0": 0.9869646441815757}
