{"mae_0_1": 0.021046065135336637, "coregionalized": true, "r2_0": 0.9877702386161836, "min_var_1": 0.2941180144117819, "std_var_1": 0.01269234588604112, "median_var_1": 0.3056634341047751, "mean_var_0": 0.0007230041218988393, "mae_0": 0.021046065135336637, "_step": 0, "_timestamp": 1596861353.9980412, "std_var_0": 3.519259025090574e-05, "max_var_1": 0.4259501372145163, "min_var_0": 0.00068298216965718, "max_error_0_1": 0.08700976446122732, "median_var_0": 0.0007143467856637927, "_runtime": 28397.80843114853, "max_var_0": 0.0010545579908482524, "mean_var_1": 0.3087572670744406, "max_error_0": 0.08700976446122732, "train_size": 2000, "r2_0_1": 0.9877702386161836}
