{"r2_0_1": 0.9813238514558948, "min_var_0": 0.03297540808487624, "max_var_0": 0.043850831524501255, "median_var_0": 0.033938704311092874, "r2_0": 0.9813238514558948, "_runtime": 12672.763252019882, "min_var_1": 0.6158377658819283, "std_var_1": 0.021950799176124063, "coregionalized": true, "mean_var_0": 0.03422371816608304, "mean_var_1": 0.6414656690170797, "max_error_0": 0.13121265570860796, "mae_0": 0.02614146983043715, "train_size": 375, "_timestamp": 1597994734.251771, "max_var_1": 0.8438762433686828, "median_var_1": 0.6355180430916585, "mae_0_1": 0.02614146983043715, "_step": 0, "max_error_0_1": 0.13121265570860796, "std_var_0": 0.001051357352710232}
