{"max_error_0": 0.17637472316654446, "max_error_0_1": 0.17637472316654446, "mae_0": 0.0464082894667365, "_timestamp": 1596972684.061655, "r2_0_1": 0.9469471230736611, "mean_var_0": 0.0010798194838853306, "min_var_1": 0.00041902392445081205, "max_var_1": 2.0475688391722997, "r2_0": 0.9469471230736611, "std_var_0": 0.0007719740284850213, "mean_var_1": 0.2136695054344993, "median_var_0": 0.0008627786423858197, "coregionalized": false, "_step": 0, "_runtime": 66.89246797561646, "std_var_1": 0.21699842636580544, "mae_0_1": 0.0464082894667365, "min_var_0": 0.0001477999609278413, "max_var_0": 0.006437659697439813, "train_size": 25, "median_var_1": 0.15094196517384262}
