{"_step": 1, "_timestamp": 1599553440.544269, "_runtime": 202.58154487609863, "cv_mean": 0.9532661827452206, "cv_std": 0.005493328631812779}
