{"max_error_0_1": 0.11669557351099957, "r2_0_1": 0.9809499987259358, "std_var_1": 0.007107808505663532, "min_var_1": 0.6230848435653623, "r2_0": 0.9809499987259358, "_runtime": 579.0691120624542, "max_var_1": 0.6763951759535985, "max_error_0": 0.11669557351099957, "min_var_0": 0.03166200106710808, "mean_var_0": 0.0323103516027596, "mae_0_1": 0.025958089030389875, "mae_0": 0.025958089030389875, "median_var_0": 0.032235555697833956, "std_var_0": 0.00041675091848063337, "mean_var_1": 0.6350203487946404, "_timestamp": 1597406173.894506, "train_size": 250, "_step": 0, "median_var_1": 0.6337950973126109, "coregionalized": false, "max_var_0": 0.03562980536582364}
