{"_step": 1, "cv_mean": 0.9478782076981327, "_timestamp": 1599559350.952954, "_runtime": 4930.830758094788, "cv_std": 0.007937073888118054}
