{"_step": 1, "_timestamp": 1599560186.7019541, "cv_mean": 0.96033008483892, "_runtime": 5762.995566129684, "cv_std": 0.005178346240989324}
