{"_step": 1, "_timestamp": 1599566160.485287, "cv_mean": 0.960048703250213, "_runtime": 11736.778898954391, "cv_std": 0.005135077667929631}
