{"_step": 0, "mean_var_1": 0.5926165191753239, "train_size": 1250, "min_var_0": 0.032718901403394125, "mae_0_1": 0.025476772547004357, "mean_var_0": 0.03287216529675527, "std_var_0": 0.00010525158608265959, "r2_0_1": 0.9819931591128194, "min_var_1": 0.5902423487659888, "max_error_0_1": 0.11579439098992594, "mae_0": 0.025476772547004357, "median_var_0": 0.032847464410641736, "coregionalized": false, "std_var_1": 0.0014344686059065612, "max_var_1": 0.6016975133703272, "max_error_0": 0.11579439098992594, "r2_0": 0.9819931591128194, "max_var_0": 0.03361541816959273, "_timestamp": 1597544984.6712441, "_runtime": 33141.20720911026, "median_var_1": 0.59233935483045}
