{"_step": 1, "_timestamp": 1599571633.48046, "cv_mean": 0.9600033055120436, "_runtime": 17209.77407193184, "cv_std": 0.004357872621822116}
