{"mean_var_0": 0.1088904241603389, "mae_0": 0.21219360467000242, "max_var_0": 0.10889083596544832, "r2_0": -759621.3414823868, "coregionalized": false, "r2_0_1": -759621.3414823868, "max_error_0_1": 0.7656389124717642, "_step": 0, "_runtime": 47.92149519920349, "min_var_0": 0.10866097858481921, "mae_0_1": 0.21219360467000242, "median_var_1": 0.773006083479109, "max_var_1": 0.7730060834791135, "train_size": 2, "_timestamp": 1597746454.517409, "max_error_0": 0.7656389124717642, "mean_var_1": 0.7730060781387743, "std_var_1": 1.3166929345909704e-07, "std_var_0": 9.216616312164151e-06, "min_var_1": 0.7730027891036997, "median_var_0": 0.10889083596544426}
