{"_timestamp": 1597474088.811109, "max_var_0": 0.20540444807284386, "_runtime": 181.73142385482788, "std_var_0": 0.020078349942219888, "r2_0": 0.8502776108967395, "mean_var_0": 0.03476013298022871, "mae_0": 0.07655618655560208, "min_var_1": NaN, "r2_0_1": 0.8502776108967395, "mean_var_1": NaN, "_step": 0, "std_var_1": NaN, "max_var_1": NaN, "max_error_0_1": 0.3449147711296514, "median_var_1": NaN, "median_var_0": 0.03181326929502198, "coregionalized": false, "min_var_0": 2.7426498480349586e-05, "train_size": 25, "max_error_0": 0.3449147711296514, "mae_0_1": 0.07655618655560208}
