{"mae_0_1": 0.04070128297554581, "coregionalized": false, "r2_0": 0.95051693979362, "min_var_1": 0.38000555799501967, "std_var_1": 1.1388674914154882, "median_var_1": 1.6156664481014502, "mean_var_0": 0.0036641007320944666, "mae_0": 0.04070128297554581, "_step": 0, "_timestamp": 1596833005.186354, "std_var_0": 0.0023454279441180092, "max_var_1": 7.755950856452301, "min_var_0": 0.0006763551260648981, "max_error_0_1": 0.1948510446694125, "median_var_0": 0.003102988831309439, "_runtime": 48.99674391746521, "max_var_0": 0.015325036813749193, "mean_var_1": 1.8823433710468003, "max_error_0": 0.1948510446694125, "train_size": 25, "r2_0_1": 0.95051693979362}
