{"r2_0_1": 0.6776108945855874, "min_var_0": 0.03330322661862442, "max_var_0": 0.21925143004056238, "median_var_0": 0.12051801729213131, "r2_0": 0.6776108945855874, "_runtime": 104.00872707366943, "min_var_1": 1.751727515014622, "std_var_1": 0.2593772834123504, "coregionalized": false, "mean_var_0": 0.12117604759024649, "mean_var_1": 2.6697122106241475, "max_error_0": 0.3802340901701917, "mae_0": 0.0819238241265458, "train_size": 9, "_timestamp": 1597982165.497246, "max_var_1": 3.3101133323415572, "median_var_1": 2.689758595469512, "mae_0_1": 0.0819238241265458, "_step": 0, "max_error_0_1": 0.3802340901701917, "std_var_0": 0.02834411413277986}
