{"_timestamp": 1596967154.187618, "median_var_0": 0.0007871533170776668, "train_size": 750, "r2_0_1": 0.9854584498234131, "min_var_1": 0.29819336844507466, "median_var_1": 0.336643702207814, "std_var_0": 0.00012055661161875077, "_runtime": 11176.54806804657, "mae_0": 0.022495623756975766, "mae_0_1": 0.022495623756975766, "max_var_0": 0.0026722891655813607, "coregionalized": false, "_step": 0, "mean_var_0": 0.0008148321903271887, "max_var_1": 1.3817046343656807, "max_error_0": 0.09554907941685098, "std_var_1": 0.0659547268328551, "mean_var_1": 0.35149847535545686, "max_error_0_1": 0.09554907941685098, "r2_0": 0.9854584498234131, "min_var_0": 0.0007152331994651884}
