{"_step": 1, "cv_mean": 0.9172133124278206, "_timestamp": 1599555568.2577379, "_runtime": 1148.1355419158936, "cv_std": 0.008067754505520363}
