{"mae_0_1": 0.02562325083380569, "median_var_1": 0.3190652222511837, "max_error_0_1": 0.15320265683650813, "min_var_0": 0.0001891547956853757, "mae_0": 0.02562325083380569, "mean_var_1": 0.340693455272521, "min_var_1": 0.2641782245778338, "mean_var_0": 0.0010799002868136028, "max_var_0": 0.008610883483401999, "max_var_1": 0.867352435194605, "train_size": 750, "std_var_0": 0.0009338888415583729, "_step": 0, "coregionalized": true, "median_var_0": 0.0007833856065078139, "_runtime": 295.43723487854004, "std_var_1": 0.07098741012364683, "r2_0_1": 0.9795809766820421, "max_error_0": 0.15320265683650813, "_timestamp": 1596815640.4647858, "r2_0": 0.9795809766820421}
