{"max_error_0_1": 0.10937309489625502, "r2_0_1": 0.9820500305744975, "std_var_1": 0.002348852081043539, "min_var_1": 0.326822750352743, "r2_0": 0.9820500305744975, "_runtime": 20855.690569877625, "max_var_1": 0.35137017824542793, "max_error_0": 0.10937309489625502, "min_var_0": 0.00103689225556829, "mean_var_0": 0.0010458002066103462, "mae_0_1": 0.025211684592307305, "mae_0": 0.025211684592307305, "median_var_0": 0.0010433874156189802, "std_var_0": 8.292916059805634e-06, "mean_var_1": 0.32942304050815374, "_timestamp": 1597426450.5159638, "train_size": 2000, "_step": 0, "median_var_1": 0.3287512288321284, "coregionalized": true, "max_var_0": 0.0011224795196069124}
