{"r2_0": 0.763322554720083, "median_var_0": 0.002127595197632266, "max_error_0_1": 0.461491628827694, "max_var_0": 0.10461774350587748, "train_size": 25, "_runtime": 182.35756993293762, "_timestamp": 1597431355.674882, "_step": 0, "std_var_1": 3.452050312476804, "r2_0_1": 0.763322554720083, "min_var_1": 1.6029047562855836, "std_var_0": 0.007525531087437716, "max_error_0": 0.461491628827694, "min_var_0": 7.980338255336048e-08, "coregionalized": true, "mae_0_1": 0.09610157388356527, "mean_var_0": 0.004167508692686525, "mean_var_1": 3.7877150726666033, "max_var_1": 47.429984884748094, "mae_0": 0.09610157388356527, "median_var_1": 2.8133195299028144}
