{"median_var_0": 0.0021376908668662153, "max_error_0": 0.31298220306074676, "r2_0_1": 0.8978041649204643, "mean_var_1": 2.215090204630896, "_timestamp": 1596871191.766448, "r2_0": 0.8978041649204643, "std_var_0": 0.0017866428319109325, "_runtime": 17.606144905090332, "train_size": 25, "min_var_1": 0.9641077056496512, "_step": 0, "coregionalized": true, "median_var_1": 2.0055791168995096, "min_var_0": 0.000373447907827007, "mae_0": 0.055863221770189056, "max_var_1": 9.09656881961608, "std_var_1": 0.8943965125310365, "mean_var_0": 0.002629409092594247, "mae_0_1": 0.055863221770189056, "max_error_0_1": 0.31298220306074676, "max_var_0": 0.018107646996860183}
