{"_step": 1, "cv_mean": 0.9504525335575404, "_timestamp": 1599569149.26242, "_runtime": 14729.14022397995, "cv_std": 0.006998372335943215}
