{"mean_var_1": 1.259671751706949, "max_var_0": 0.007865899302544221, "max_var_1": 6.386916140431936, "coregionalized": false, "min_var_0": 0.00015169764049005607, "median_var_1": 1.0799307602426325, "median_var_0": 0.0012043696519512537, "mae_0_1": 0.05323306304943178, "max_error_0_1": 0.21500930583072164, "r2_0_1": 0.9323813481628942, "max_error_0": 0.21500930583072164, "mean_var_0": 0.0014501376117586574, "train_size": 25, "min_var_1": 0.179291010488555, "_runtime": 102.41404914855957, "_step": 0, "std_var_0": 0.0009235290752380011, "_timestamp": 1596816487.493705, "mae_0": 0.05323306304943178, "r2_0": 0.9323813481628942, "std_var_1": 0.7521342830414923}
