{"max_error_0": 0.12494571712413549, "max_error_0_1": 0.12494571712413549, "min_var_0": 0.03278045251895636, "r2_0": 0.9784493763061376, "median_var_1": 0.6411743342817363, "coregionalized": false, "_runtime": 1060.8489620685577, "median_var_0": 0.03542588097739253, "max_var_0": 0.0472817402188038, "max_var_1": 0.901356753385013, "mae_0": 0.02775220527729174, "_step": 0, "std_var_0": 0.002308991491117499, "mae_0_1": 0.02775220527729174, "min_var_1": 0.5835531168013062, "_timestamp": 1597901095.581913, "r2_0_1": 0.9784493763061376, "mean_var_0": 0.036082807877567714, "mean_var_1": 0.6554512658683241, "std_var_1": 0.05093523183701966, "train_size": 125}
