{"_step": 1, "_timestamp": 1599561284.7709749, "cv_mean": 0.9613614191891953, "_runtime": 6861.064586877823, "cv_std": 0.004136812759214115}
