{"_timestamp": 1597473925.040892, "max_var_0": 0.20236977427103478, "_runtime": 17.961206674575806, "std_var_0": 3.6914449926762593e-07, "r2_0": -7837424.207223262, "mean_var_0": 0.20236974900722307, "mae_0": 0.23220711559651203, "min_var_1": 3.7963597271157346, "r2_0_1": -7837424.207223262, "mean_var_1": 3.7964796663053013, "_step": 0, "std_var_1": 6.9251930803356975e-06, "max_var_1": 3.7964801402573025, "max_error_0_1": 0.7602854590779811, "median_var_1": 3.7964801401595327, "median_var_0": 0.20236977426582323, "coregionalized": false, "min_var_0": 0.20236335569925867, "train_size": 2, "max_error_0": 0.7602854590779811, "mae_0_1": 0.23220711559651203}
