{"r2_0": 0.9551887341881783, "median_var_0": 0.0014093834370077392, "max_error_0_1": 0.17225685864585216, "max_var_0": 0.044090457116981834, "train_size": 250, "_runtime": 2511.0049459934235, "_timestamp": 1597433684.322258, "_step": 0, "std_var_1": 0.49530630877802406, "r2_0_1": 0.9551887341881783, "min_var_1": 0.2973309302157429, "std_var_0": 0.0031935821662791375, "max_error_0": 0.17225685864585216, "min_var_0": 0.00010415854447969405, "coregionalized": true, "mae_0_1": 0.039219793206399574, "mean_var_0": 0.002181207686865096, "mean_var_1": 0.6577596936739405, "max_var_1": 6.966130053474366, "mae_0": 0.039219793206399574, "median_var_1": 0.5369844372968726}
