{"std_var_0": 0.00017881257200230412, "_step": 0, "_runtime": 2370.7947838306427, "min_var_0": 0.000853780046640969, "max_error_0": 0.12407233591419153, "median_var_0": 0.001008535939804352, "mae_0_1": 0.027482169607208482, "mean_var_0": 0.001059894028655327, "median_var_1": 0.4509482333392997, "mae_0": 0.027482169607208482, "std_var_1": 0.07649233741842948, "coregionalized": true, "_timestamp": 1597753654.689827, "max_var_0": 0.0022160000815755494, "r2_0": 0.978597537831098, "min_var_1": 0.3841735074252982, "max_error_0_1": 0.12407233591419153, "train_size": 125, "max_var_1": 0.9652063796253104, "mean_var_1": 0.47268160717200225, "r2_0_1": 0.978597537831098}
