{"max_error_0_1": 0.207203041221788, "r2_0_1": 0.9638205619017652, "std_var_1": 0.5381028546338221, "min_var_1": 0.28109172520595144, "r2_0": 0.9638205619017652, "_runtime": 527.1567559242249, "max_var_1": 7.798995684058636, "max_error_0": 0.207203041221788, "min_var_0": 3.4803237499452923e-05, "mean_var_0": 0.0023930095724293524, "mae_0_1": 0.036407029139262116, "mae_0": 0.036407029139262116, "median_var_0": 0.001809803701282547, "std_var_0": 0.0026635221550556317, "mean_var_1": 0.8061504683697199, "_timestamp": 1597406121.9821498, "train_size": 250, "_step": 0, "median_var_1": 0.6904382161144984, "coregionalized": true, "max_var_0": 0.037780402056594345}
