{"r2_0": 0.8944526618389822, "median_var_0": 0.0004885238032832362, "max_error_0_1": 0.26244326398606077, "max_var_0": 0.0795219879580058, "train_size": 25, "_runtime": 151.26514506340027, "_timestamp": 1597431324.582457, "_step": 0, "std_var_1": 3.6412332534431915, "r2_0_1": 0.8944526618389822, "min_var_1": 0.029873255695747503, "std_var_0": 0.004101877835740189, "max_error_0": 0.26244326398606077, "min_var_0": 3.366289674211487e-05, "coregionalized": true, "mae_0_1": 0.06032182445818296, "mean_var_0": 0.001285500705626167, "mean_var_1": 1.1410976486359505, "max_var_1": 70.59177434580943, "mae_0": 0.06032182445818296, "median_var_1": 0.4336345748979511}
