{"_step": 0, "mean_var_1": 8.708120063168675, "train_size": 2, "min_var_0": 0.07665051953028323, "mae_0_1": 0.2895886751643608, "mean_var_0": 0.24175567748013982, "std_var_0": 0.051114144760610075, "r2_0_1": -34.60468418788152, "min_var_1": 1.1892644369014056, "max_error_0_1": 0.8597697038271721, "mae_0": 0.2895886751643608, "median_var_0": 0.24079749971704623, "coregionalized": true, "std_var_1": 2.3277278534924517, "max_var_1": 16.049970933529448, "max_error_0": 0.8597697038271721, "r2_0": -34.60468418788152, "max_var_0": 0.40297402078233635, "_timestamp": 1597512879.4144902, "_runtime": 1035.9504551887512, "median_var_1": 8.664484840899073}
