{"std_var_1": 0.15426783985421733, "mae_0_1": 0.039604891576203026, "max_error_0_1": 0.16293282059849767, "max_var_0": 0.13591150429918694, "mean_var_1": 0.8863481106687968, "_step": 0, "max_var_1": 2.0392344293002536, "std_var_0": 0.015316690191062129, "min_var_0": 0.0032110122179761042, "train_size": 93, "mean_var_0": 0.03972609698155208, "max_error_0": 0.16293282059849767, "median_var_1": 0.8475927740136224, "_timestamp": 1597922344.215914, "median_var_0": 0.03695466973015352, "r2_0": 0.95514629336066, "min_var_1": 0.6706796806819159, "r2_0_1": 0.95514629336066, "mae_0": 0.039604891576203026, "coregionalized": true, "_runtime": 1013.3489961624146}
