{"max_var_1": 2.197141012988571, "r2_0": 0.23673892980654898, "std_var_1": 0.07848613172220349, "max_var_0": 0.2172942595507844, "_timestamp": 1597960153.840723, "std_var_0": 0.02950292818486837, "train_size": 18, "mean_var_0": 0.1131364270355216, "_step": 0, "mae_0": 0.11610883413663828, "coregionalized": false, "max_error_0": 0.5414126306374571, "min_var_1": 0.21853278325917244, "r2_0_1": 0.23673892980654898, "mean_var_1": 2.178585625771693, "min_var_0": 0.003883677800222536, "mae_0_1": 0.11610883413663828, "median_var_1": 2.19383160907082, "max_error_0_1": 0.5414126306374571, "_runtime": 344.8341341018677, "median_var_0": 0.11190414389535214}
