{"_step": 1, "cv_mean": 0.9524431286086525, "_timestamp": 1599566581.9078279, "_runtime": 12161.785631895065, "cv_std": 0.0071280633794172125}
