{"_step": 1, "_timestamp": 1599558280.57149, "cv_mean": 0.9604953462065222, "_runtime": 3856.8651020526886, "cv_std": 0.005600722229636676}
