{"_timestamp": 1596816795.626629, "_step": 0, "min_var_0": 9.999847616626332e-09, "std_var_0": 0.0008664865863902744, "median_var_0": 0.0007349653946362444, "coregionalized": false, "median_var_1": 0.3699433622766293, "max_error_0_1": 0.13046542794111016, "r2_0_1": 0.9763266836148328, "mae_0_1": 0.02824181896848464, "r2_0": 0.9763266836148328, "train_size": 250, "mean_var_0": 0.0010219790169339823, "std_var_1": 0.4053089863701418, "min_var_1": 9.999965300266922e-09, "_runtime": 210.04385709762573, "max_var_0": 0.005989864389653876, "mae_0": 0.02824181896848464, "max_error_0": 0.13046542794111016, "mean_var_1": 0.5019333370955211, "max_var_1": 2.7620349443290877}
