{"_timestamp": 1599572261.468205, "cv_mean": 0.9500291934510294, "_step": 1, "_runtime": 17834.900127887726, "cv_std": 0.005039303003242237}
