{"_step": 1, "cv_mean": 0.9499481844645927, "_timestamp": 1599561924.5957508, "_runtime": 7504.473554849625, "cv_std": 0.006732540346780941}
