{"r2_0": 0.978879395598528, "median_var_0": 0.032641824960927296, "max_error_0_1": 0.11465340540099378, "max_var_0": 0.04032167777170211, "train_size": 250, "_runtime": 784.9610569477081, "_timestamp": 1597431958.278369, "_step": 0, "std_var_1": 0.007972738738750679, "r2_0_1": 0.978879395598528, "min_var_1": 0.615613995452345, "std_var_0": 0.0006740592616289003, "max_error_0": 0.11465340540099378, "min_var_0": 0.031952015869230604, "coregionalized": false, "mae_0_1": 0.02650226721884393, "mean_var_0": 0.03277061141388562, "mean_var_1": 0.6285690403394936, "max_var_1": 0.6732082319554498, "mae_0": 0.02650226721884393, "median_var_1": 0.6271476348302076}
