{"r2_0_1": 0.9802271852790234, "min_var_0": 0.03172172426425643, "max_var_0": 0.05459142683763957, "median_var_0": 0.034145018456717705, "r2_0": 0.9802271852790234, "_runtime": 3099.3060550689697, "min_var_1": 0.6462686909222914, "std_var_1": 0.03623361290845975, "coregionalized": false, "mean_var_0": 0.03472714561001228, "mean_var_1": 0.6946391332379821, "max_error_0": 0.12691882338889382, "mae_0": 0.02702802929371412, "train_size": 187, "_timestamp": 1597985160.794574, "max_var_1": 1.0052002817674581, "median_var_1": 0.6856339945974722, "mae_0_1": 0.02702802929371412, "_step": 0, "max_error_0_1": 0.12691882338889382, "std_var_0": 0.0022972358917581286}
