{"mae_0_1": 0.02093243350497628, "median_var_1": 0.3485063896412889, "max_error_0_1": 0.09069911959184562, "min_var_0": 0.0007466100881928566, "mae_0": 0.02093243350497628, "mean_var_1": 0.3646665634452701, "min_var_1": 0.3064033020799165, "mean_var_0": 0.0008653842736064334, "max_var_0": 0.0018146628581804164, "max_var_1": 0.8405827457580294, "train_size": 750, "std_var_0": 0.00010900195002601885, "_step": 0, "coregionalized": false, "median_var_0": 0.0008332340517186237, "_runtime": 521.7752120494843, "std_var_1": 0.05387022340780547, "r2_0_1": 0.9866482279151406, "max_error_0": 0.09069911959184562, "_timestamp": 1596815866.802763, "r2_0": 0.9866482279151406}
