{"r2_0_1": 0.9786573115192306, "min_var_0": 0.02828561674609446, "max_var_0": 0.06250277314522613, "median_var_0": 0.03297697907899028, "r2_0": 0.9786573115192306, "_runtime": 483.5417740345001, "min_var_1": 0.5179219788844052, "std_var_1": 0.07779671911396029, "coregionalized": false, "mean_var_0": 0.03401082052372946, "mean_var_1": 0.6243823323525809, "max_error_0": 0.13336900092842718, "mae_0": 0.027356220542254197, "train_size": 93, "_timestamp": 1597982545.030293, "max_var_1": 1.1535312463997331, "median_var_1": 0.6052233557166374, "mae_0_1": 0.027356220542254197, "_step": 0, "max_error_0_1": 0.13336900092842718, "std_var_0": 0.004188304659470488}
