{"std_var_1": 0.014585501047613674, "mae_0_1": 0.07447277892971482, "max_error_0_1": 0.28997438919003704, "max_var_0": 0.17115946069742935, "mean_var_1": 3.0031559588225956, "_step": 0, "max_var_1": 3.099262931655216, "std_var_0": 0.01301731597856517, "min_var_0": 0.07816381814780893, "train_size": 18, "mean_var_0": 0.10187206770782915, "max_error_0": 0.28997438919003704, "median_var_1": 3.000383747342891, "_timestamp": 1597921659.2727702, "median_var_0": 0.10004169799021817, "r2_0": 0.7914380717357385, "min_var_1": 2.979997486077403, "r2_0_1": 0.7914380717357385, "mae_0": 0.07447277892971482, "coregionalized": true, "_runtime": 328.40585231781006}
