{"mae_0_1": 0.035059635168057615, "coregionalized": false, "r2_0": 0.9662495474819052, "min_var_1": 0.19639772050732063, "std_var_1": 0.7137557392269752, "median_var_1": 1.1146840554343953, "mean_var_0": 0.002442468961981484, "mae_0": 0.035059635168057615, "_step": 0, "_timestamp": 1596832974.7269409, "std_var_0": 0.0014064868620041237, "max_var_1": 5.482759104993988, "min_var_0": 0.00038690395292739765, "max_error_0_1": 0.1345606222389497, "median_var_0": 0.0021283025489218232, "_runtime": 18.537330865859985, "max_var_0": 0.011009016101105829, "mean_var_1": 1.266801714429156, "max_error_0": 0.1345606222389497, "train_size": 25, "r2_0_1": 0.9662495474819052}
