{"mean_var_0": 0.0040217681785426835, "mae_0": 0.0563419066000827, "max_var_0": 0.23832760704473444, "r2_0": 0.910176705543923, "coregionalized": true, "r2_0_1": 0.910176705543923, "max_error_0_1": 0.20652288101202343, "_step": 0, "_runtime": 737.9148681163788, "min_var_0": 4.914962856350513e-05, "mae_0_1": 0.0563419066000827, "median_var_1": 0.46657076033784506, "max_var_1": 73.96974517372269, "train_size": 25, "_timestamp": 1597747144.510782, "max_error_0": 0.20652288101202343, "mean_var_1": 1.2482257911615626, "std_var_1": 4.464924505088094, "std_var_0": 0.014385813971815329, "min_var_1": 0.01525257256025725, "median_var_0": 0.0015032904710698958}
