{"_step": 1, "cv_mean": 367.0178352120538, "_timestamp": 1599548125.59777, "_runtime": 1749.9508368968964, "cv_std": 253.26746179256395}
