{"mae_0_1": 0.042153409238922385, "median_var_1": 1.6352109135184185, "max_error_0_1": 0.1884608003766095, "min_var_0": 0.0009429494412191985, "mae_0": 0.042153409238922385, "mean_var_1": 1.9023562442876472, "min_var_1": 0.5995885404115291, "mean_var_0": 0.005050730826512407, "max_var_0": 0.029498045643834736, "max_var_1": 9.330040327579324, "train_size": 25, "std_var_0": 0.0032177304788698394, "_step": 0, "coregionalized": true, "median_var_0": 0.00422651352661374, "_runtime": 23.03547215461731, "std_var_1": 1.0567503716308233, "r2_0_1": 0.9427186467519342, "max_error_0": 0.1884608003766095, "_timestamp": 1596815368.063023, "r2_0": 0.9427186467519342}
