{"mean_var_1": 1.1741667359771506, "max_var_0": 0.018218640381021167, "max_var_1": 6.865217129728258, "coregionalized": true, "min_var_0": 0.0004141433071676026, "median_var_1": 0.9810122278224253, "median_var_0": 0.002603378193897221, "mae_0_1": 0.039091226872253866, "max_error_0_1": 0.14681425767477396, "r2_0_1": 0.9527857872424815, "max_error_0": 0.14681425767477396, "mean_var_0": 0.00311596378293725, "train_size": 25, "min_var_1": 0.15605633700892668, "_runtime": 5.98129415512085, "_step": 0, "std_var_0": 0.002078575134789805, "_timestamp": 1596816391.06095, "mae_0": 0.039091226872253866, "r2_0": 0.9527857872424815, "std_var_1": 0.7832562804674035}
