{"max_error_0": 0.2492173677909535, "max_error_0_1": 0.2492173677909535, "min_var_0": 0.05982281569815919, "r2_0": 0.836384913943628, "median_var_1": 2.4166652011911984, "coregionalized": true, "_runtime": 301.44165301322937, "median_var_0": 0.07211224021097273, "max_var_0": 0.10315644664398407, "max_var_1": 2.4519660794940057, "mae_0": 0.0713608845191228, "_step": 0, "std_var_0": 0.007562808977929889, "mae_0_1": 0.0713608845191228, "min_var_1": 2.406045604290793, "_timestamp": 1597900336.174604, "r2_0_1": 0.836384913943628, "mean_var_0": 0.07339257604399506, "mean_var_1": 2.4182439347529865, "std_var_1": 0.007622649191189866, "train_size": 25}
