{"_step": 1, "_runtime": 30.50027108192444, "cv_mean": 514.7339203719087, "_timestamp": 1599549824.126148, "cv_std": 380.8141309849843}
