{"_timestamp": 1599566029.404563, "cv_mean": 0.9509269559304219, "_step": 1, "_runtime": 11602.836485862732, "cv_std": 0.0047921280576142845}
