{"std_var_1": 0.6009053549007118, "mae_0_1": 0.1309495187736093, "max_error_0_1": 0.5675909697462203, "max_var_0": 0.2279162734074396, "mean_var_1": 2.752307826044574, "_step": 0, "max_var_1": 4.764876180365915, "std_var_0": 0.028277844488413473, "min_var_0": 0.004069301902074635, "train_size": 9, "mean_var_0": 0.13713795281500452, "max_error_0": 0.5675909697462203, "median_var_1": 2.72576100701769, "_timestamp": 1597921408.8929338, "median_var_0": 0.13652484239711182, "r2_0": -0.5645918207465785, "min_var_1": 0.07989053961036331, "r2_0_1": -0.5645918207465785, "mae_0": 0.1309495187736093, "coregionalized": false, "_runtime": 78.02601599693298}
