{"_timestamp": 1596816809.2126951, "_step": 0, "min_var_0": 0.0005721430050205722, "std_var_0": 0.0002045666167778815, "median_var_0": 0.0007363701899277341, "coregionalized": false, "median_var_1": 0.5744511429978587, "max_error_0_1": 0.09402842908588216, "r2_0_1": 0.9841320353583703, "mae_0_1": 0.023317556663512738, "r2_0": 0.9841320353583703, "train_size": 250, "mean_var_0": 0.0007902421494725242, "std_var_1": 0.5234090304757012, "min_var_1": 1.0000036354615245e-08, "_runtime": 223.62992310523987, "max_var_0": 0.0025252712779616016, "mae_0": 0.023317556663512738, "max_error_0": 0.09402842908588216, "mean_var_1": 0.7125355221482473, "max_var_1": 4.495380188777055}
