{"max_var_1": 3.123417511697856, "r2_0": 0.7675801374549793, "std_var_1": 0.22422869058831588, "max_var_0": 0.13470267557262153, "_timestamp": 1597960110.889347, "std_var_0": 0.01946514922341478, "train_size": 18, "mean_var_0": 0.06302144367259009, "_step": 0, "mae_0": 0.08150191225155771, "coregionalized": false, "max_error_0": 0.35483378047346403, "min_var_1": 1.8785604356692698, "r2_0_1": 0.7675801374549793, "mean_var_1": 2.5877574096439178, "min_var_0": 0.014743305990825718, "mae_0_1": 0.08150191225155771, "median_var_1": 2.598343753975319, "max_error_0_1": 0.35483378047346403, "_runtime": 301.88275814056396, "median_var_0": 0.060057374019343523}
