{"median_var_0": 0.004338169230813024, "max_error_0": 0.17763543954773597, "r2_0_1": 0.9282986651841073, "mean_var_1": 1.5006666491161118, "_timestamp": 1596871256.567429, "r2_0": 0.9282986651841073, "std_var_0": 0.0034178259537439143, "_runtime": 82.40712594985962, "train_size": 25, "min_var_1": 0.18836663710368384, "_step": 0, "coregionalized": false, "median_var_1": 1.2805543241994997, "min_var_0": 0.0006151707177383529, "mae_0": 0.046612876870750414, "max_var_1": 7.40126437964409, "std_var_1": 0.9567466921373686, "mean_var_0": 0.0051784738553619465, "mae_0_1": 0.046612876870750414, "max_error_0_1": 0.17763543954773597, "max_var_0": 0.02661745311539747}
