{"_timestamp": 1596956005.173245, "median_var_0": 0.003939753656642342, "train_size": 25, "r2_0_1": 0.9522164183696414, "min_var_1": 0.7577206957454674, "median_var_1": 1.6705860135397526, "std_var_0": 0.0030284819085475297, "_runtime": 27.533694982528687, "mae_0": 0.04050420397647243, "mae_0_1": 0.04050420397647243, "max_var_0": 0.036858082266800984, "coregionalized": true, "_step": 0, "mean_var_0": 0.004667582214754615, "max_var_1": 9.707106386898579, "max_error_0": 0.15961603337720343, "std_var_1": 0.7828143835300793, "mean_var_1": 1.8696488537905807, "max_error_0_1": 0.15961603337720343, "r2_0": 0.9522164183696414, "min_var_0": 0.0005860166595703653}
