{"std_var_0": 0.012710623167357757, "_step": 0, "_runtime": 20.965763807296753, "min_var_0": 0.0008356392940034318, "max_error_0": 0.4163485353785972, "median_var_0": 0.015985669835510308, "mae_0_1": 0.08966483059822426, "mean_var_0": 0.018915980028433553, "median_var_1": 3.7038610263385863, "mae_0": 0.08966483059822426, "std_var_1": 2.9450370482681945, "coregionalized": true, "_timestamp": 1597751304.860807, "max_var_0": 0.08720426119460312, "r2_0": 0.7008507347392763, "min_var_1": 0.1936147065189857, "max_error_0_1": 0.4163485353785972, "train_size": 12, "max_var_1": 20.205127309285047, "mean_var_1": 4.382808815929262, "r2_0_1": 0.7008507347392763}
