{"r2_0": -10.701426458428964, "median_var_0": 0.30738443280781474, "max_error_0_1": 0.6908952173285745, "max_var_0": 0.4946410173738393, "train_size": 2, "_runtime": 70.99124002456665, "_timestamp": 1597431244.308552, "_step": 0, "std_var_1": 2.0942910579973177, "r2_0_1": -10.701426458428964, "min_var_1": 10.439617318978542, "std_var_0": 0.09147079253252306, "max_error_0": 0.6908952173285745, "min_var_0": 0.014493037465705447, "coregionalized": true, "mae_0_1": 0.17326966611209946, "mean_var_0": 0.3045547813102987, "mean_var_1": 17.080794240943565, "max_var_1": 21.43295839536143, "mae_0": 0.17326966611209946, "median_var_1": 17.14558119276088}
