{"r2_0_1": -40.78058572163315, "min_var_0": 0.03287790413067318, "max_var_0": 0.1807737650566863, "median_var_0": 0.17749849598709072, "r2_0": -40.78058572163315, "_runtime": 161.83335208892822, "min_var_1": 1.5844296432241092, "std_var_1": 0.03449427021360404, "coregionalized": false, "mean_var_0": 0.17528816842916525, "mean_var_1": 2.800118163829801, "max_error_0": 0.7461592046204493, "mae_0": 0.18568296901633516, "train_size": 9, "_timestamp": 1597982223.321871, "max_var_1": 2.8013352161429546, "median_var_1": 2.8013351680660556, "mae_0_1": 0.18568296901633516, "_step": 0, "max_error_0_1": 0.7461592046204493, "std_var_0": 0.008343342612386555}
