{"_timestamp": 1596966710.572439, "median_var_0": 0.0008093473366152274, "train_size": 750, "r2_0_1": 0.9786519738066379, "min_var_1": 0.28790134556507924, "median_var_1": 0.3429949279801903, "std_var_0": 0.0013596330405302383, "_runtime": 10732.93288898468, "mae_0": 0.027059706843568045, "mae_0_1": 0.027059706843568045, "max_var_0": 0.023733584396435612, "coregionalized": true, "_step": 0, "mean_var_0": 0.001134399049351733, "max_var_1": 1.8026815825067828, "max_error_0": 0.12203165485667533, "std_var_1": 0.09416691559699421, "mean_var_1": 0.3652969980693735, "max_error_0_1": 0.12203165485667533, "r2_0": 0.9786519738066379, "min_var_0": 9.168420217201363e-05}
