{"r2_0_1": 0.6079482415103861, "min_var_0": 0.034530994851385145, "max_var_0": 0.1928585419717195, "median_var_0": 0.08568305053089756, "r2_0": 0.6079482415103861, "_runtime": 27.120025157928467, "min_var_1": 2.9831349187432, "std_var_1": 0.026545373401082005, "coregionalized": true, "mean_var_0": 0.0900074324377651, "mean_var_1": 3.0191017643252787, "max_error_0": 0.3875393303862076, "mae_0": 0.10149704257857098, "train_size": 9, "_timestamp": 1597982088.608544, "max_var_1": 3.1481557907400126, "median_var_1": 3.011961047389911, "mae_0_1": 0.10149704257857098, "_step": 0, "max_error_0_1": 0.3875393303862076, "std_var_0": 0.028244013835024513}
