{"median_var_0": 0.006579205225673235, "max_error_0": 0.3412419426903126, "r2_0_1": 0.9016896637025358, "mean_var_1": 7.373855830546739, "_timestamp": 1596871204.08966, "r2_0": 0.9016896637025358, "std_var_0": 0.005760835429763019, "_runtime": 29.929356813430786, "train_size": 25, "min_var_1": 7.125990312192986, "_step": 0, "coregionalized": true, "median_var_1": 7.314326909631038, "min_var_0": 0.0012262147648947064, "mae_0": 0.05288378369626341, "max_var_1": 8.609093989914005, "std_var_1": 0.20268598481372463, "mean_var_0": 0.008271163932252055, "mae_0_1": 0.05288378369626341, "max_error_0_1": 0.3412419426903126, "max_var_0": 0.043379678017317236}
