{"r2_0_1": -1.752024052837137, "min_var_0": 0.04362263547688171, "max_var_0": 0.1964430873563094, "median_var_0": 0.12184679603146989, "r2_0": -1.752024052837137, "_runtime": 37.1960129737854, "min_var_1": 3.0885124210471884, "std_var_1": 8.863660939659977e-07, "coregionalized": false, "mean_var_0": 0.12333014026131714, "mean_var_1": 3.0885365202027804, "max_error_0": 0.6632228834935765, "mae_0": 0.1572921041679561, "train_size": 9, "_timestamp": 1597982098.684532, "max_var_1": 3.088536566950497, "median_var_1": 3.088536566950497, "mae_0_1": 0.1572921041679561, "_step": 0, "max_error_0_1": 0.6632228834935765, "std_var_0": 0.02575833153828072}
