{"max_error_0": 0.0856209665115828, "max_error_0_1": 0.0856209665115828, "mae_0": 0.02012792961094047, "_timestamp": 1596990628.841742, "r2_0_1": 0.9889177460731287, "mean_var_0": 0.000689750064769165, "min_var_1": 0.3103139993999364, "max_var_1": 0.40562047301696547, "r2_0": 0.9889177460731287, "std_var_0": 2.230427514839834e-05, "mean_var_1": 0.3231485511044535, "median_var_0": 0.0006841382229434477, "coregionalized": true, "_step": 0, "_runtime": 18011.672554969788, "std_var_1": 0.010546100689904912, "mae_0_1": 0.02012792961094047, "min_var_0": 0.000662600478462899, "max_var_0": 0.0008639847589080373, "train_size": 1250, "median_var_1": 0.3205052677317597}
