{"std_var_0": 9.29730361109849e-05, "_step": 0, "_runtime": 138712.75629591942, "min_var_0": 0.0009395703366325976, "max_error_0": 0.11881981815439158, "median_var_0": 0.0010155234178827882, "mae_0_1": 0.027347798459841467, "mean_var_0": 0.0010402493050621628, "median_var_1": 0.3277795825208312, "mae_0": 0.027347798459841467, "std_var_1": 0.019762172244487477, "coregionalized": true, "_timestamp": 1597889996.651339, "max_var_0": 0.0018465947052763582, "r2_0": 0.9785315290457711, "min_var_1": 0.3113115344251281, "max_error_0_1": 0.11881981815439158, "train_size": 1250, "max_var_1": 0.50078802444588, "mean_var_1": 0.33308820297371206, "r2_0_1": 0.9785315290457711}
