{"_runtime": 610.9806499481201, "mae_0": 0.04215334173518435, "_step": 0, "mean_var_0": 0.0020601243089151573, "mae_0_1": 0.04215334173518435, "max_var_0": 0.02250219068508308, "train_size": 25, "median_var_0": 0.0012897215634204429, "median_var_1": 0.6719839592171669, "max_var_1": 11.724471246893225, "r2_0_1": 0.9400317305042564, "min_var_0": 0.00028128392589943374, "std_var_0": 0.002639572657945103, "mean_var_1": 1.0733955137666207, "max_error_0_1": 0.231588019918457, "r2_0": 0.9400317305042564, "_timestamp": 1596971924.515904, "std_var_1": 1.3753142560703584, "min_var_1": 0.14655565154644445, "coregionalized": true, "max_error_0": 0.231588019918457}
