{"max_var_1": 2.3893543534114974, "r2_0": 0.8445206145730826, "std_var_1": 0.07206041149860808, "max_var_0": 0.2814177039429577, "_timestamp": 1597959841.1260538, "std_var_0": 0.03672099761776439, "train_size": 9, "mean_var_0": 0.11504295725571685, "_step": 0, "mae_0": 0.07394919106691701, "coregionalized": true, "max_error_0": 0.3086801571469904, "min_var_1": 1.819799458059477, "r2_0_1": 0.8445206145730826, "mean_var_1": 1.9319395998287578, "min_var_0": 0.024984614705235383, "mae_0_1": 0.07394919106691701, "median_var_1": 1.9149523947700002, "max_error_0_1": 0.3086801571469904, "_runtime": 32.11946487426758, "median_var_0": 0.11077626590199324}
