{"mae_0_1": 0.028096999612101593, "coregionalized": true, "r2_0": 0.9778327361302085, "min_var_1": 0.24953461154505074, "std_var_1": 0.13160159732430857, "median_var_1": 0.3620444425450051, "mean_var_0": 0.001288529609028923, "mae_0": 0.028096999612101593, "_step": 0, "_timestamp": 1596845274.965027, "std_var_0": 0.0010133314488930958, "max_var_1": 1.4834890517076138, "min_var_0": 0.00020211746819853715, "max_error_0_1": 0.1373530738448978, "median_var_0": 0.0010162897544576666, "_runtime": 12318.775417089462, "max_var_0": 0.010104861117871344, "mean_var_1": 0.3961654227378018, "max_error_0": 0.1373530738448978, "train_size": 250, "r2_0_1": 0.9778327361302085}
