{"_timestamp": 1596816816.822927, "_step": 0, "min_var_0": 0.0002513724750912161, "std_var_0": 0.0014079358625963079, "median_var_0": 0.0012212172909098484, "coregionalized": true, "median_var_1": 0.4510720957551759, "max_error_0_1": 0.12761983467048932, "r2_0_1": 0.976077254003697, "mae_0_1": 0.028285072339903457, "r2_0": 0.976077254003697, "train_size": 250, "mean_var_0": 0.0016426672964108093, "std_var_1": 0.14773270389382917, "min_var_1": 0.3366038838829401, "_runtime": 231.24015498161316, "max_var_0": 0.019289351088009887, "mae_0": 0.028285072339903457, "max_error_0": 0.12761983467048932, "mean_var_1": 0.4940996627598905, "max_var_1": 2.2384576474557707}
