{"_timestamp": 1596956941.051369, "median_var_0": 0.0024600765624613885, "train_size": 25, "r2_0_1": 0.9637550468605411, "min_var_1": 0.11119065731933135, "median_var_1": 0.6898085131239544, "std_var_0": 0.0020294113506272846, "_runtime": 963.4118189811707, "mae_0": 0.03379522575368568, "mae_0_1": 0.03379522575368568, "max_var_0": 0.019879631095223615, "coregionalized": true, "_step": 0, "mean_var_0": 0.003000897009888405, "max_var_1": 5.574265213614727, "max_error_0": 0.14342239607529716, "std_var_1": 0.5690484243803562, "mean_var_1": 0.8414553714078458, "max_error_0_1": 0.14342239607529716, "r2_0": 0.9637550468605411, "min_var_0": 0.0003965375765906387}
