{"max_error_0_1": 0.11613113657611418, "r2_0_1": 0.9808046182198947, "std_var_1": 0.017197950608129203, "min_var_1": 0.41459844178675653, "r2_0": 0.9808046182198947, "_runtime": 564.0995712280273, "max_var_1": 0.5895674592924023, "max_error_0": 0.11613113657611418, "min_var_0": 0.0009663877037674521, "mean_var_0": 0.0010103234273702237, "mae_0_1": 0.026058363296998847, "mae_0": 0.026058363296998847, "median_var_0": 0.0010032999755204056, "std_var_0": 3.251722444854566e-05, "mean_var_1": 0.43617428788661, "_timestamp": 1597406158.9249651, "train_size": 250, "_step": 0, "median_var_1": 0.43194017476557733, "coregionalized": true, "max_var_0": 0.0012926728424936865}
