{"_timestamp": 1597475228.8539279, "max_var_0": 0.016240999063008243, "_runtime": 1321.7742426395416, "std_var_0": 0.0019393739394802966, "r2_0": 0.9425521696162694, "mean_var_0": 0.001599640411229651, "mae_0": 0.0432094201942281, "min_var_1": 0.2919803893861775, "r2_0_1": 0.9425521696162694, "mean_var_1": 0.598846223822262, "_step": 0, "std_var_1": 0.3091777881602781, "max_var_1": 2.668276695009505, "max_error_0_1": 0.17153139766172032, "median_var_1": 0.510000760545305, "median_var_0": 0.0010743877393900583, "coregionalized": true, "min_var_0": 9.999858829008337e-09, "train_size": 250, "max_error_0": 0.17153139766172032, "mae_0_1": 0.0432094201942281}
