{"max_error_0_1": 0.11573311461994651, "r2_0_1": 0.9816089607032018, "std_var_1": 0.0022200352167584753, "min_var_1": 0.5783858698164241, "r2_0": 0.9816089607032018, "_runtime": 3396.9795451164246, "max_var_1": 0.5942246815709081, "max_error_0": 0.11573311461994651, "min_var_0": 0.033238831353684745, "mean_var_0": 0.0334232010032477, "mae_0_1": 0.02545828810785574, "mae_0": 0.02545828810785574, "median_var_0": 0.03338184962473636, "std_var_0": 0.00014031156888495342, "mean_var_1": 0.5813720869928145, "_timestamp": 1597408991.804939, "train_size": 1250, "_step": 0, "median_var_1": 0.5807410898769968, "coregionalized": false, "max_var_0": 0.034176371144591516}
