{"max_error_0_1": 0.24329204883111055, "r2_0_1": 0.8838423057321723, "std_var_1": 1.5531022651931483, "min_var_1": 0.16130414172086088, "r2_0": 0.8838423057321723, "_runtime": 78.21101689338684, "max_var_1": 24.39824237378663, "max_error_0": 0.24329204883111055, "min_var_0": 4.8430131016630185e-08, "mean_var_0": 0.0006307965341478195, "mae_0_1": 0.06843412510811152, "mae_0": 0.06843412510811152, "median_var_0": 0.0001602478528610618, "std_var_0": 0.0019441114824313122, "mean_var_1": 0.795859582841253, "_timestamp": 1597405673.0364108, "train_size": 25, "_step": 0, "median_var_1": 0.399936504352367, "coregionalized": true, "max_var_0": 0.03231153945853826}
