{"std_var_1": 0.257080786512067, "mae_0_1": 0.08464159879270262, "max_error_0_1": 0.3306363681870397, "max_var_0": 0.16705748440229137, "mean_var_1": 1.9588800061189886, "_step": 0, "max_var_1": 3.8783512807647744, "std_var_0": 0.015440880923200253, "min_var_0": 0.03296831575861925, "train_size": 18, "mean_var_0": 0.06570559980475127, "max_error_0": 0.3306363681870397, "median_var_1": 1.922301250026003, "_timestamp": 1597921601.697885, "median_var_0": 0.06411732540784801, "r2_0": 0.7812325530524762, "min_var_1": 1.4910151550491264, "r2_0_1": 0.7812325530524762, "mae_0": 0.08464159879270262, "coregionalized": true, "_runtime": 270.83096718788147}
