{"max_error_0": 0.13004346102843067, "max_error_0_1": 0.13004346102843067, "mae_0": 0.026729236359780383, "_timestamp": 1597000697.3495958, "r2_0_1": 0.9805454143745734, "mean_var_0": 0.000951584298535812, "min_var_1": 0.30855946424308683, "max_var_1": 0.4409788050199643, "r2_0": 0.9805454143745734, "std_var_0": 0.0006050364943976825, "mean_var_1": 0.33499141425243034, "median_var_0": 0.000770252451956388, "coregionalized": true, "_step": 0, "_runtime": 28080.1804087162, "std_var_1": 0.020572861044251906, "mae_0_1": 0.026729236359780383, "min_var_0": 9.073123068592537e-05, "max_var_0": 0.004153191639361786, "train_size": 1250, "median_var_1": 0.3292185529423412}
