{"_step": 1, "cv_mean": 0.9530045369058542, "_timestamp": 1599570164.043427, "_runtime": 15743.921231031418, "cv_std": 0.006933490038049519}
