{"mae_0_1": 0.035405395398786885, "coregionalized": true, "r2_0": 0.965235646660096, "min_var_1": 0.3386664539335774, "std_var_1": 0.5050583062265226, "median_var_1": 0.9727033562343271, "mean_var_0": 0.00287094306484548, "mae_0": 0.035405395398786885, "_step": 0, "_timestamp": 1596832968.526381, "std_var_0": 0.0016497181954914673, "max_var_1": 4.5753372817790785, "min_var_0": 0.00045287844662311727, "max_error_0_1": 0.13908517148105393, "median_var_0": 0.002526086219697632, "_runtime": 12.336771011352539, "max_var_0": 0.012957259124918963, "mean_var_1": 1.0870586395098678, "max_error_0": 0.13908517148105393, "train_size": 25, "r2_0_1": 0.965235646660096}
