{"std_var_0": 0.0022010739704101646, "_step": 0, "_runtime": 1105.3423459529877, "min_var_0": 0.03248832986497089, "max_error_0": 0.13184211166372428, "median_var_0": 0.035385715111279026, "mae_0_1": 0.029702492332849433, "mean_var_0": 0.03596397285536029, "median_var_1": 0.5922479055395219, "mae_0": 0.029702492332849433, "std_var_1": 0.03704778760768138, "coregionalized": false, "_timestamp": 1597752389.237389, "max_var_0": 0.048819151045059066, "r2_0": 0.9731141645705331, "min_var_1": 0.5434877440707612, "max_error_0_1": 0.13184211166372428, "train_size": 125, "max_var_1": 0.8184190735760912, "mean_var_1": 0.6020266892183657, "r2_0_1": 0.9731141645705331}
