{"mean_var_1": 0.45579412633109695, "max_var_0": 0.008262211848535372, "max_var_1": 1.4584985079243435, "coregionalized": true, "min_var_0": 0.00015071425105706027, "median_var_1": 0.415569787082529, "median_var_0": 0.000959479940375374, "mae_0_1": 0.028342556703593827, "max_error_0_1": 0.12088820369280562, "r2_0_1": 0.9785419712897154, "max_error_0": 0.12088820369280562, "mean_var_0": 0.0012396391667442175, "train_size": 250, "min_var_1": 0.2902995548653391, "_runtime": 149.12340211868286, "_step": 0, "std_var_0": 0.0009627883842365326, "_timestamp": 1596816534.203058, "mae_0": 0.028342556703593827, "r2_0": 0.9785419712897154, "std_var_1": 0.1383535092494498}
