{"mae_0_1": 0.02660429967020936, "median_var_1": 0.4346907468249692, "max_error_0_1": 0.17776585783375598, "min_var_0": 0.00018149235659237206, "mae_0": 0.02660429967020936, "mean_var_1": 0.46154753046730995, "min_var_1": 0.3441838100699779, "mean_var_0": 0.0010551841753123669, "max_var_0": 0.009621420424045013, "max_var_1": 1.4022648637269977, "train_size": 250, "std_var_0": 0.0008737068823582508, "_step": 0, "coregionalized": true, "median_var_0": 0.0008268254815764209, "_runtime": 191.49962902069092, "std_var_1": 0.10450872499215169, "r2_0_1": 0.9783560506736251, "max_error_0": 0.17776585783375598, "_timestamp": 1596815536.52718, "r2_0": 0.9783560506736251}
