{"_runtime": 598.4819231033325, "mae_0": 0.03717000081934087, "_step": 0, "mean_var_0": 0.0013053747229839758, "mae_0_1": 0.03717000081934087, "max_var_0": 0.009384736447233033, "train_size": 25, "median_var_0": 0.000979446368285064, "median_var_1": 0.4140182790867467, "max_var_1": 3.9670080074904486, "r2_0_1": 0.9571966420856232, "min_var_0": 0.0002127988466544828, "std_var_0": 0.0010727439035549883, "mean_var_1": 0.5517890657685107, "max_error_0_1": 0.17018756407624602, "r2_0": 0.9571966420856232, "_timestamp": 1596971912.017177, "std_var_1": 0.4534570306453405, "min_var_1": 0.08995054970961257, "coregionalized": true, "max_error_0": 0.17018756407624602}
