{"_timestamp": 1596967640.460591, "median_var_0": 0.0007254088557537841, "train_size": 750, "r2_0_1": 0.977953849930504, "min_var_1": 0.2997867124161404, "median_var_1": 0.3595424770608462, "std_var_0": 0.001135628278647914, "_runtime": 11662.821041107178, "mae_0": 0.027929161212495866, "mae_0_1": 0.027929161212495866, "max_var_0": 0.019094577646436406, "coregionalized": true, "_step": 0, "mean_var_0": 0.0009798364456955447, "max_var_1": 1.768976374102981, "max_error_0": 0.1162314859202418, "std_var_1": 0.09474242766701514, "mean_var_1": 0.3815598391822192, "max_error_0_1": 0.1162314859202418, "r2_0": 0.977953849930504, "min_var_0": 0.00013549188812334023}
