{"_timestamp": 1597478813.002429, "max_var_0": 0.034104016061130296, "_runtime": 4905.922743797302, "std_var_0": 0.00019409965572991588, "r2_0": 0.9773796848995258, "mean_var_0": 0.032229378185019426, "mae_0": 0.026981672353994374, "min_var_1": 0.5845591364831066, "r2_0_1": 0.9773796848995258, "mean_var_1": 0.5876052510973484, "_step": 0, "std_var_1": 0.0022028489865759237, "max_var_1": 0.6002881832564064, "max_error_0_1": 0.11779573533238707, "median_var_1": 0.5871222506188476, "median_var_0": 0.03218200634161373, "coregionalized": false, "min_var_0": 0.03202087486013085, "train_size": 1250, "max_error_0": 0.11779573533238707, "mae_0_1": 0.026981672353994374}
