{"_step": 0, "mean_var_1": 2.927472849932046, "train_size": 2, "min_var_0": 0.3191750094765973, "mae_0_1": 0.29761680597934365, "mean_var_0": 0.3194873425313791, "std_var_0": 1.2512576021967653e-05, "r2_0_1": -384855.178203769, "min_var_1": 2.924610932052102, "max_error_0_1": 0.9709419217657462, "mae_0": 0.29761680597934365, "median_var_0": 0.3194878715751651, "coregionalized": false, "std_var_1": 0.00011465313867099769, "max_var_1": 2.9274776997646774, "max_error_0": 0.9709419217657462, "r2_0": -384855.178203769, "max_var_0": 0.3194878718138758, "_timestamp": 1597514087.3651671, "_runtime": 2243.901132106781, "median_var_1": 2.9274776975773635}
