{"mean_var_0": 0.01477395170796804, "mae_0": 0.08338168967376926, "max_var_0": 0.5859687969394329, "r2_0": 0.7615448383263139, "coregionalized": true, "r2_0_1": 0.7615448383263139, "max_error_0_1": 0.6025628501127147, "_step": 0, "_runtime": 491.41467809677124, "min_var_0": 6.305178701992986e-05, "mae_0_1": 0.08338168967376926, "median_var_1": 0.6193956613770996, "max_var_1": 139.11573474093996, "train_size": 25, "_timestamp": 1597746898.010592, "max_error_0": 0.6025628501127147, "mean_var_1": 3.5074972880128583, "std_var_1": 10.597012584534585, "std_var_0": 0.04463564202986143, "min_var_1": 0.014968238572807317, "median_var_0": 0.0026089824574206943}
