{"_step": 1, "_timestamp": 1599562013.362273, "cv_mean": 0.9603036560100653, "_runtime": 7589.655884981155, "cv_std": 0.005474880298605474}
