{"max_error_0": 0.575673274710294, "max_error_0_1": 0.575673274710294, "min_var_0": 0.02803551601916027, "r2_0": 0.7190923107810059, "median_var_1": 2.444112372516721, "coregionalized": true, "_runtime": 129.88958406448364, "median_var_0": 0.09633698500743938, "max_var_0": 0.22318423815752922, "max_var_1": 4.229653525541312, "mae_0": 0.15222999203716012, "_step": 0, "std_var_0": 0.03480447469960064, "mae_0_1": 0.15222999203716012, "min_var_1": 1.6835131605875318, "_timestamp": 1597900164.622535, "r2_0_1": 0.7190923107810059, "mean_var_0": 0.09841175603614327, "mean_var_1": 2.495207463434213, "std_var_1": 0.4612490153634685, "train_size": 12}
