{"max_var_1": 3.1723937431106144, "r2_0": 0.6178936496854647, "std_var_1": 0.03779311927182643, "max_var_0": 0.2800347556590634, "_timestamp": 1597959891.641641, "std_var_0": 0.02627863893198944, "train_size": 9, "mean_var_0": 0.12702573854720792, "_step": 0, "mae_0": 0.10019101017446821, "coregionalized": true, "max_error_0": 0.3658128895290935, "min_var_1": 2.8092282463686136, "r2_0_1": 0.6178936496854647, "mean_var_1": 2.8678567776141195, "min_var_0": 0.07499836211795607, "mae_0_1": 0.10019101017446821, "median_var_1": 2.8609284988770285, "max_error_0_1": 0.3658128895290935, "_runtime": 82.6350519657135, "median_var_0": 0.12429080024039507}
