{"max_var_1": 1.0584021062725197, "r2_0": 0.978521471409903, "std_var_1": 0.045327273389885785, "max_var_0": 0.0518204482756151, "_timestamp": 1597963546.116758, "std_var_0": 0.0018862682288238802, "train_size": 187, "mean_var_0": 0.03397155044528167, "_step": 0, "mae_0": 0.027567386212515622, "coregionalized": true, "max_error_0": 0.10745210093854896, "min_var_1": 0.5771139341964364, "r2_0_1": 0.978521471409903, "mean_var_1": 0.6308151492849056, "min_var_0": 0.031706191693147444, "mae_0_1": 0.027567386212515622, "median_var_1": 0.6179557291866187, "max_error_0_1": 0.10745210093854896, "_runtime": 3737.110169172287, "median_var_0": 0.03346315859072191}
