{"_step": 1, "cv_mean": 0.9501639122839283, "_timestamp": 1599564304.909028, "_runtime": 9884.786832094193, "cv_std": 0.007076832764184257}
