{"_step": 1, "cv_mean": 0.943152963265063, "_timestamp": 1599554628.747468, "_runtime": 208.62527203559875, "cv_std": 0.00735329191051711}
