{"_timestamp": 1596816725.803426, "_step": 0, "min_var_0": 0.00016510704495908968, "std_var_0": 0.0009297982337581399, "median_var_0": 0.0009405312939096966, "coregionalized": false, "median_var_1": 0.4366425188416372, "max_error_0_1": 0.16886732010371563, "r2_0_1": 0.9762897653564109, "mae_0_1": 0.028308685256342607, "r2_0": 0.9762897653564109, "train_size": 250, "mean_var_0": 0.0011886796483545588, "std_var_1": 0.39494154220745414, "min_var_1": 0.07509633738699506, "_runtime": 140.2206540107727, "max_var_0": 0.01155622301512671, "mae_0": 0.028308685256342607, "max_error_0": 0.16886732010371563, "mean_var_1": 0.5393425964289926, "max_var_1": 4.638309119232389}
