{"_timestamp": 1597483941.720486, "max_var_0": 0.0016134542298838126, "_runtime": 10034.640800714493, "std_var_0": 4.012934582895394e-05, "r2_0": 0.9782540268561012, "mean_var_0": 0.0010752460210919008, "mae_0": 0.02658677017047436, "min_var_1": 0.32865060405291235, "r2_0_1": 0.9782540268561012, "mean_var_1": 0.33284979651726393, "_step": 0, "std_var_1": 0.006219744851322488, "max_var_1": 0.41790946484960234, "max_error_0_1": 0.11381208406051835, "median_var_1": 0.3316622218624464, "median_var_0": 0.001066803967334293, "coregionalized": true, "min_var_0": 0.0010515818490981685, "train_size": 1250, "max_error_0": 0.11381208406051835, "mae_0_1": 0.02658677017047436}
