{"max_error_0": 0.10159403505281306, "max_error_0_1": 0.10159403505281306, "mae_0": 0.02600387583630645, "_timestamp": 1596997941.285144, "r2_0_1": 0.9819612540188434, "mean_var_0": 0.0008530749772826912, "min_var_1": 0.3115043949793057, "max_var_1": 0.4874677062372508, "r2_0": 0.9819612540188434, "std_var_0": 0.0005214463248047616, "mean_var_1": 0.34135031807588667, "median_var_0": 0.0007169100746815538, "coregionalized": true, "_step": 0, "_runtime": 25324.115957021713, "std_var_1": 0.023474225034235713, "mae_0_1": 0.02600387583630645, "min_var_0": 9.999856276365904e-09, "max_var_0": 0.0048983238540243335, "train_size": 1250, "median_var_1": 0.3353222703052092}
