{"max_var_1": 0.8497686953930608, "r2_0": 0.9793161581068555, "std_var_1": 0.027627536224541616, "max_var_0": 0.047641478829762864, "_timestamp": 1597963613.153744, "std_var_0": 0.0015359770190527618, "train_size": 187, "mean_var_0": 0.033681714189100306, "_step": 0, "mae_0": 0.02707539902514202, "coregionalized": false, "max_error_0": 0.09994641556941275, "min_var_1": 0.5644058623194711, "r2_0_1": 0.9793161581068555, "mean_var_1": 0.5985077896077436, "min_var_0": 0.031783686367297316, "mae_0_1": 0.02707539902514202, "median_var_1": 0.5909452452601814, "max_error_0_1": 0.09994641556941275, "_runtime": 3804.147155046463, "median_var_0": 0.033260219346225514}
