{"mae_0_1": 0.02649930901817799, "median_var_1": 0.44425492321599336, "max_error_0_1": 0.13785788024353263, "min_var_0": 0.00018657599143935677, "mae_0": 0.02649930901817799, "mean_var_1": 0.5569677146609241, "min_var_1": 0.08151610103217877, "mean_var_0": 0.0013271493886376246, "max_var_0": 0.008402850683669432, "max_var_1": 3.228755326819922, "train_size": 250, "std_var_0": 0.0010028496925882295, "_step": 0, "coregionalized": false, "median_var_0": 0.0010444127196068838, "_runtime": 226.65746521949768, "std_var_1": 0.39722218177203705, "r2_0_1": 0.9793670138989531, "max_error_0": 0.13785788024353263, "_timestamp": 1596815571.6850162, "r2_0": 0.9793670138989531}
