{"max_error_0_1": 0.10728663721974208, "r2_0_1": 0.982866124956221, "std_var_1": 0.0032860890334452247, "min_var_1": 0.5721721042826248, "r2_0": 0.982866124956221, "_runtime": 19295.69625711441, "max_var_1": 0.603897420041628, "max_error_0": 0.10728663721974208, "min_var_0": 0.031279241596895796, "mean_var_0": 0.03155909335751579, "mae_0_1": 0.0248401407918302, "mae_0": 0.0248401407918302, "median_var_0": 0.0314368001561304, "std_var_0": 0.00038237715416783994, "mean_var_1": 0.5759493952577174, "_timestamp": 1597424890.521651, "train_size": 2000, "_step": 0, "median_var_1": 0.5749828484391997, "coregionalized": false, "max_var_0": 0.03578520152917842}
