{"mean_var_0": 0.02062781186747903, "mae_0": 0.21169579157638854, "max_var_0": 0.020627811867479032, "r2_0": -3.2449498388489216e+29, "coregionalized": true, "r2_0_1": -3.2449498388489216e+29, "max_error_0_1": 0.7636826176101283, "_step": 0, "_runtime": 37.35142517089844, "min_var_0": 0.020627811867479032, "mae_0_1": 0.21169579157638854, "median_var_1": 0.9057198353558454, "max_var_1": 0.9057198353558454, "train_size": 2, "_timestamp": 1597746443.947339, "max_error_0": 0.7636826176101283, "mean_var_1": 0.9057198353558455, "std_var_1": 1.1102230246251565e-16, "std_var_0": 3.469446951953614e-18, "min_var_1": 0.9057198353558454, "median_var_0": 0.020627811867479032}
