{"mae_0_1": 0.02629327801828523, "median_var_1": 0.6428637316438, "max_error_0_1": 0.11461346006955875, "min_var_0": 0.00022001336213217648, "mae_0": 0.02629327801828523, "mean_var_1": 0.8188046787178167, "min_var_1": 0.15002594254666235, "mean_var_0": 0.0013231871164356046, "max_var_0": 0.0085052394062477, "max_var_1": 4.479051644055154, "train_size": 250, "std_var_0": 0.0010804437821282226, "_step": 0, "coregionalized": false, "median_var_0": 0.000996068347745016, "_runtime": 213.28212809562683, "std_var_1": 0.5936398307197458, "r2_0_1": 0.9791256841036993, "max_error_0": 0.11461346006955875, "_timestamp": 1596815558.309679, "r2_0": 0.9791256841036993}
