{"mean_var_1": 0.9181476775648322, "max_var_0": 0.019487531277355252, "max_var_1": 6.396149163409478, "coregionalized": true, "min_var_0": 0.0004098247715189629, "median_var_1": 0.78629027391749, "median_var_0": 0.002395551689990505, "mae_0_1": 0.03788589515476914, "max_error_0_1": 0.18390613503217335, "r2_0_1": 0.9590389034708539, "max_error_0": 0.18390613503217335, "mean_var_0": 0.0027972800039124464, "train_size": 25, "min_var_1": 0.13453689246167072, "_runtime": 62.55508613586426, "_step": 0, "std_var_0": 0.001850682808579489, "_timestamp": 1596816447.634742, "mae_0": 0.03788589515476914, "r2_0": 0.9590389034708539, "std_var_1": 0.6074260265471007}
