{"std_var_0": 0.0001074216300755177, "_step": 0, "_runtime": 8342.823653936386, "min_var_0": 0.0010107078577130317, "max_error_0": 0.13674078965321623, "median_var_0": 0.0011106799518893688, "mae_0_1": 0.028092131712615487, "mean_var_0": 0.0011367906406725976, "median_var_1": 0.38709761311567686, "mae_0": 0.028092131712615487, "std_var_1": 0.048656323812282, "coregionalized": true, "_timestamp": 1597759626.718697, "max_var_0": 0.001884106475554335, "r2_0": 0.976531409604087, "min_var_1": 0.3432873945430603, "max_error_0_1": 0.13674078965321623, "train_size": 250, "max_var_1": 0.7489095788196412, "mean_var_1": 0.39912754876173395, "r2_0_1": 0.976531409604087}
