{"std_var_0": 0.0004807312500084099, "_step": 0, "_runtime": 100371.39749383926, "min_var_0": 0.03179928745184967, "max_error_0": 0.12403191338093267, "median_var_0": 0.03226010935090755, "mae_0_1": 0.026658580145831435, "mean_var_0": 0.032395301785433074, "median_var_1": 0.5647278839965979, "mae_0": 0.026658580145831435, "std_var_1": 0.008872884708599892, "coregionalized": false, "_timestamp": 1597851655.292537, "max_var_0": 0.0354346803216511, "r2_0": 0.9790755482039982, "min_var_1": 0.5561939653095708, "max_error_0_1": 0.12403191338093267, "train_size": 1250, "max_var_1": 0.6232066828221382, "mean_var_1": 0.5671435424643854, "r2_0_1": 0.9790755482039982}
