{"max_error_0": 0.12413575235854069, "max_error_0_1": 0.12413575235854069, "mae_0": 0.02612886837172718, "_timestamp": 1596981949.878816, "r2_0_1": 0.9809785711596657, "mean_var_0": 0.0008944542714308227, "min_var_1": 0.298100807436666, "max_var_1": 0.46648074007169993, "r2_0": 0.9809785711596657, "std_var_0": 0.0005442757478962523, "mean_var_1": 0.32881387824961705, "median_var_0": 0.0007342496042186397, "coregionalized": true, "_step": 0, "_runtime": 9332.70962882042, "std_var_1": 0.022319261929382102, "mae_0_1": 0.02612886837172718, "min_var_0": 0.00017995182598973258, "max_var_0": 0.004660798159516588, "train_size": 750, "median_var_1": 0.3225774857990278}
