{"max_error_0_1": 0.10949503782869696, "r2_0_1": 0.9828028468835551, "std_var_1": 0.0030163074737897854, "min_var_1": 0.5737104558533948, "r2_0": 0.9828028468835551, "_runtime": 6087.038301229477, "max_var_1": 0.6091602883579931, "max_error_0": 0.10949503782869696, "min_var_0": 0.031565527828435566, "mean_var_0": 0.031856543395881974, "mae_0_1": 0.024902538084430735, "mae_0": 0.024902538084430735, "median_var_0": 0.03172920111614569, "std_var_0": 0.0004029448747007861, "mean_var_1": 0.5764403900500952, "_timestamp": 1597411681.8636951, "train_size": 2000, "_step": 0, "median_var_1": 0.5756383464307501, "coregionalized": false, "max_var_0": 0.03660884984583878}
