{"_step": 1, "_timestamp": 1599557636.754813, "cv_mean": 0.9587593181715806, "_runtime": 3213.0484249591827, "cv_std": 0.005694367517893488}
