{"r2_0_1": 0.9642731580106026, "min_var_0": 0.04246967700117375, "max_var_0": 0.05588607900687265, "median_var_0": 0.04472057392096378, "r2_0": 0.9642731580106026, "_runtime": 1169.3833220005035, "min_var_1": 0.6053239535912287, "std_var_1": 0.05816910695435901, "coregionalized": true, "mean_var_0": 0.04510279590666195, "mean_var_1": 0.687846935682595, "max_error_0": 0.15725879609131876, "mae_0": 0.03702455954533045, "train_size": 93, "_timestamp": 1597983230.871841, "max_var_1": 1.0884380954546695, "median_var_1": 0.6726279174881107, "mae_0_1": 0.03702455954533045, "_step": 0, "max_error_0_1": 0.15725879609131876, "std_var_0": 0.0016683053105883167}
