{"mae_0_1": 0.026375400101981496, "median_var_1": 0.5503148516719394, "max_error_0_1": 0.11729908925226962, "min_var_0": 0.00020768110383784233, "mae_0": 0.026375400101981496, "mean_var_1": 0.6001065430009466, "min_var_1": 0.4196896643637134, "mean_var_0": 0.0012763988808991314, "max_var_0": 0.008561584302023029, "max_var_1": 1.640681274003268, "train_size": 250, "std_var_0": 0.0010706954116710726, "_step": 0, "coregionalized": true, "median_var_0": 0.0009515279256309128, "_runtime": 206.75609612464905, "std_var_1": 0.15978467454367856, "r2_0_1": 0.979060546882875, "max_error_0": 0.11729908925226962, "_timestamp": 1596815551.783647, "r2_0": 0.979060546882875}
