{"max_var_1": 1.2107357546955841, "r2_0": 0.9787656557087482, "std_var_1": 0.10084695320061658, "max_var_0": 0.0719008120431156, "_timestamp": 1597961214.9166899, "std_var_0": 0.005859610574229533, "train_size": 93, "mean_var_0": 0.03921423323962796, "_step": 0, "mae_0": 0.028068003287741818, "coregionalized": true, "max_error_0": 0.11412140323599118, "min_var_1": 0.5038543676287143, "r2_0_1": 0.9787656557087482, "mean_var_1": 0.6482212451142036, "min_var_0": 0.030862501376750024, "mae_0_1": 0.028068003287741818, "median_var_1": 0.6190144844261047, "max_error_0_1": 0.11412140323599118, "_runtime": 1405.9101009368896, "median_var_0": 0.03749874744943833}
