{"mae_0_1": 0.029296373758441418, "coregionalized": false, "r2_0": 0.9762938300905415, "min_var_1": 0.12345802100877448, "std_var_1": 0.4855434219625593, "median_var_1": 0.5084493750212163, "mean_var_0": 0.0011676539599268566, "mae_0": 0.029296373758441418, "_step": 0, "_timestamp": 1596845266.111871, "std_var_0": 0.000999426068213839, "max_var_1": 4.289528856316794, "min_var_0": 0.00020839103097980427, "max_error_0_1": 0.1167769399136116, "median_var_0": 0.0009148702543195775, "_runtime": 12309.92226099968, "max_var_0": 0.00929186083922251, "mean_var_1": 0.6292434751794034, "max_error_0": 0.1167769399136116, "train_size": 250, "r2_0_1": 0.9762938300905415}
