{"max_error_0": 0.11235281660708418, "max_error_0_1": 0.11235281660708418, "mae_0": 0.0256226967382689, "_timestamp": 1596982263.843074, "r2_0_1": 0.9817015601746454, "mean_var_0": 0.0008768987744774332, "min_var_1": 0.2984884728341105, "max_var_1": 0.37394261785259364, "r2_0": 0.9817015601746454, "std_var_0": 0.0006320186897013902, "mean_var_1": 0.3165593211372818, "median_var_0": 0.0006926692358315556, "coregionalized": false, "_step": 0, "_runtime": 9646.673887014389, "std_var_1": 0.012370511595079587, "mae_0_1": 0.0256226967382689, "min_var_0": 0.0001986002056452163, "max_var_0": 0.005401237245581281, "train_size": 750, "median_var_1": 0.313123868695799}
