{"_timestamp": 1596816823.952659, "_step": 0, "min_var_0": 0.0009047503216442246, "std_var_0": 0.00019468849804612717, "median_var_0": 0.0010680531758345303, "coregionalized": false, "median_var_1": 0.49487905302828494, "max_error_0_1": 0.12625924800153232, "r2_0_1": 0.9828320389658793, "mae_0_1": 0.023754975100708477, "r2_0": 0.9828320389658793, "train_size": 250, "mean_var_0": 0.0011222217684694336, "std_var_1": 0.47623052343986316, "min_var_1": 0.10298572451942789, "_runtime": 238.3698868751526, "max_var_0": 0.00340371545952595, "mae_0": 0.023754975100708477, "max_error_0": 0.12625924800153232, "mean_var_1": 0.6371596425712244, "max_var_1": 5.790837388402636}
