{"max_error_0_1": 0.109605085889525, "r2_0_1": 0.9833880219084551, "std_var_1": 0.004012794318450429, "min_var_1": 0.5649282849487713, "r2_0": 0.9833880219084551, "_runtime": 21473.69725203514, "max_var_1": 0.605699981282772, "max_error_0": 0.109605085889525, "min_var_0": 0.030909653204678932, "mean_var_0": 0.031247228790653423, "mae_0_1": 0.02439561438657408, "mae_0": 0.02439561438657408, "median_var_0": 0.031118500531861593, "std_var_0": 0.0004143836714476067, "mean_var_1": 0.5694668155276259, "_timestamp": 1597427068.522646, "train_size": 2000, "_step": 0, "median_var_1": 0.5682483732468601, "coregionalized": false, "max_var_0": 0.036052241259220776}
