{"cv_mean": 516.3345394213234, "_timestamp": 1599547384.341344, "_step": 1, "_runtime": 1119.8767790794373, "cv_std": 374.87965241729194}
