{"cv_mean": 0.9495152983637529, "_runtime": 209.63635516166687, "_timestamp": 1599553463.0371451, "_step": 1, "cv_std": 0.008277171688022198}
