{"r2_0_1": 0.780379167738563, "min_var_0": 0.007300922113242999, "max_var_0": 0.21166534112402519, "median_var_0": 0.08249049238068784, "r2_0": 0.780379167738563, "_runtime": 198.43677616119385, "min_var_1": 0.5250904776273257, "std_var_1": 0.0929462537335786, "coregionalized": false, "mean_var_0": 0.08686326583157447, "mean_var_1": 2.3360806792458053, "max_error_0": 0.3363523992950137, "mae_0": 0.08587934815653554, "train_size": 18, "_timestamp": 1597982259.925295, "max_var_1": 2.368154743488566, "median_var_1": 2.3597743962954727, "mae_0_1": 0.08587934815653554, "_step": 0, "max_error_0_1": 0.3363523992950137, "std_var_0": 0.030355894238377642}
