{"_timestamp": 1597473914.330229, "max_var_0": 0.3269528716452097, "_runtime": 7.250543832778931, "std_var_0": 0.05038071327053091, "r2_0": -28.730026875416495, "mean_var_0": 0.22573103279685333, "mae_0": 0.2427707472504776, "min_var_1": 8.491369399391226, "r2_0_1": -28.730026875416495, "mean_var_1": 16.531328547575434, "_step": 0, "std_var_1": 2.387176367947742, "max_var_1": 21.327496881308626, "max_error_0_1": 0.6991509403319562, "median_var_1": 16.536384220320137, "median_var_0": 0.22583773140628915, "coregionalized": true, "min_var_0": 0.056049863868526284, "train_size": 2, "max_error_0": 0.6991509403319562, "mae_0_1": 0.2427707472504776}
