{"std_var_0": 0.022979811772303523, "_step": 0, "_runtime": 31.89324688911438, "min_var_0": 0.05410935957360457, "max_error_0": 0.5568006396639729, "median_var_0": 0.15400963982778457, "mae_0_1": 0.1274301296903363, "mean_var_0": 0.151402351670624, "median_var_1": 2.2820155431650995, "mae_0": 0.1274301296903363, "std_var_1": 0.5476015271687201, "coregionalized": false, "_timestamp": 1597751315.78829, "max_var_0": 0.20084597762137668, "r2_0": -1.41049270546019, "min_var_1": 0.6324875226530756, "max_error_0_1": 0.5568006396639729, "train_size": 12, "max_var_1": 4.005606123655695, "mean_var_1": 2.28635333506445, "r2_0_1": -1.41049270546019}
