{"_timestamp": 1596816749.0218282, "_step": 0, "min_var_0": 0.00013205606762678457, "std_var_0": 0.0008151533837872211, "median_var_0": 0.0008147198986856452, "coregionalized": true, "median_var_1": 0.366932481291837, "max_error_0_1": 0.2042210581766657, "r2_0_1": 0.9758216770404988, "mae_0_1": 0.02813591790086727, "r2_0": 0.9758216770404988, "train_size": 250, "mean_var_0": 0.0010177927883020517, "std_var_1": 0.11608065669345011, "min_var_1": 0.2638622846434481, "_runtime": 163.4390561580658, "max_var_0": 0.007903978372220344, "mae_0": 0.02813591790086727, "max_error_0": 0.2042210581766657, "mean_var_1": 0.39634633430074945, "max_var_1": 1.2977931245319605}
