{"mae_0_1": 0.02196481726992428, "coregionalized": true, "r2_0": 0.9861646469689935, "min_var_1": 0.2850821050789436, "std_var_1": 0.04249429516262586, "median_var_1": 0.32235293718000135, "mean_var_0": 0.0007519207023548895, "mae_0": 0.02196481726992428, "_step": 0, "_timestamp": 1596845344.708779, "std_var_0": 8.449145519040927e-05, "max_var_1": 0.7059866801329535, "min_var_0": 0.0006539837268566522, "max_error_0_1": 0.10252247381666191, "median_var_0": 0.0007291850727360021, "_runtime": 12388.519169092178, "max_var_0": 0.0014845382723582795, "mean_var_1": 0.3339457902658611, "max_error_0": 0.10252247381666191, "train_size": 750, "r2_0_1": 0.9861646469689935}
