{"_step": 0, "mean_var_1": 0.5942315227582968, "train_size": 250, "min_var_0": 0.03393812568071833, "mae_0_1": 0.026349632989420866, "mean_var_0": 0.0345860454870699, "std_var_0": 0.0004255289512191176, "r2_0_1": 0.9801574319905315, "min_var_1": 0.5842567641496944, "max_error_0_1": 0.11092144832083584, "mae_0": 0.026349632989420866, "median_var_0": 0.03451003779439439, "coregionalized": false, "std_var_1": 0.005604424802047501, "max_var_1": 0.6330542824220589, "max_error_0": 0.11092144832083584, "r2_0": 0.9801574319905315, "max_var_0": 0.0390675368665871, "_timestamp": 1597515769.855215, "_runtime": 3926.391180038452, "median_var_1": 0.5933614314189893}
