{"_timestamp": 1596816837.090726, "_step": 0, "min_var_0": 0.0001594553145867417, "std_var_0": 0.0008544495645856116, "median_var_0": 0.000920633191872321, "coregionalized": false, "median_var_1": 0.3982399821144611, "max_error_0_1": 0.09647282428778503, "r2_0_1": 0.9798745557455804, "mae_0_1": 0.02644293405420139, "r2_0": 0.9798745557455804, "train_size": 250, "mean_var_0": 0.0011343804490426073, "std_var_1": 0.35017822625730505, "min_var_1": 0.07014355445096498, "_runtime": 251.5079538822174, "max_var_0": 0.008975556995286758, "mae_0": 0.02644293405420139, "max_error_0": 0.09647282428778503, "mean_var_1": 0.48645977863885603, "max_var_1": 3.542007130136625}
