{"median_var_0": 0.0011038712084405768, "max_error_0": 0.11155938426005685, "r2_0_1": 0.9783539768629915, "mean_var_1": 0.5581673234803235, "_timestamp": 1596872678.587411, "r2_0": 0.9783539768629915, "std_var_0": 0.0011834586215095052, "_runtime": 1504.4271078109741, "train_size": 250, "min_var_1": 0.07469279262455858, "_step": 0, "coregionalized": false, "median_var_1": 0.4298887218345708, "min_var_0": 0.00019335074913340313, "mae_0": 0.027363783142567308, "max_var_1": 3.5949699333622203, "std_var_1": 0.4248722211457155, "mean_var_0": 0.0014545524547147604, "mae_0_1": 0.027363783142567308, "max_error_0_1": 0.11155938426005685, "max_var_0": 0.01045958803417335}
