{"max_error_0": 0.08493880359219208, "max_error_0_1": 0.08493880359219208, "mae_0": 0.020120258832508647, "_timestamp": 1596991070.531853, "r2_0_1": 0.9889451692881753, "mean_var_0": 0.0005894002252969722, "min_var_1": 0.31913470512273623, "max_var_1": 0.37996129056824746, "r2_0": 0.9889451692881753, "std_var_0": 3.7494178279625075e-05, "mean_var_1": 0.33063649972312625, "median_var_0": 0.0005787124476056443, "coregionalized": false, "_step": 0, "_runtime": 18453.362665891647, "std_var_1": 0.008555690916911227, "mae_0_1": 0.020120258832508647, "min_var_0": 0.0005461404474259462, "max_var_0": 0.0008660058143304832, "train_size": 1250, "median_var_1": 0.3281467003253633}
