{"_step": 0, "mean_var_1": 0.6931741220839849, "train_size": 250, "min_var_0": 3.598208955489951e-05, "mae_0_1": 0.039050259279174784, "mean_var_0": 0.0021568094926151388, "std_var_0": 0.0042849836328654415, "r2_0_1": 0.952868283940506, "min_var_1": 0.2844179802020622, "max_error_0_1": 0.3324084922629953, "mae_0": 0.039050259279174784, "median_var_0": 0.0014452227237587894, "coregionalized": true, "std_var_1": 0.7695672380701821, "max_var_1": 13.752653808272937, "max_error_0": 0.3324084922629953, "r2_0": 0.952868283940506, "max_var_0": 0.07556446844953678, "_timestamp": 1597516742.7371972, "_runtime": 4899.273162126541, "median_var_1": 0.5720037998093918}
