{"mae_0_1": 0.026794202715557092, "coregionalized": true, "r2_0": 0.9805324045329453, "min_var_1": 0.35820622037474215, "std_var_1": 0.13585965885794307, "median_var_1": 0.4933997047139963, "mean_var_0": 0.0012230589608605016, "mae_0": 0.026794202715557092, "_step": 0, "_timestamp": 1596833757.342415, "std_var_0": 0.0009507319454963656, "max_var_1": 1.5112469606640127, "min_var_0": 0.0001952169872687648, "max_error_0_1": 0.113568996510927, "median_var_0": 0.0009723766600302497, "_runtime": 801.1528050899506, "max_var_0": 0.008237446211863286, "mean_var_1": 0.5234926462958072, "max_error_0": 0.113568996510927, "train_size": 250, "r2_0_1": 0.9805324045329453}
