{"max_error_0_1": 0.11184351956064331, "r2_0_1": 0.9815287656292008, "std_var_1": 0.0035987977036122123, "min_var_1": 0.5830711070158165, "r2_0": 0.9815287656292008, "_runtime": 2650.258996963501, "max_var_1": 0.6060532780811769, "max_error_0": 0.11184351956064331, "min_var_0": 0.033218835738225025, "mean_var_0": 0.03339804282903441, "mae_0_1": 0.025527622066272147, "mae_0": 0.025527622066272147, "median_var_0": 0.03335608481277273, "std_var_0": 0.00013844394818288497, "mean_var_1": 0.5874107910610613, "_timestamp": 1597408245.0843909, "train_size": 1250, "_step": 0, "median_var_1": 0.5863096667424218, "coregionalized": false, "max_var_0": 0.03412109753033806}
