{"r2_0_1": 0.8124441257866057, "min_var_0": 0.007103581602692976, "max_var_0": 0.19543922526806426, "median_var_0": 0.0657068312066322, "r2_0": 0.8124441257866057, "_runtime": 185.04837489128113, "min_var_1": 1.506588314503037, "std_var_1": 0.5570812430198517, "coregionalized": true, "mean_var_0": 0.07044988447138799, "mean_var_1": 2.3937090567191204, "max_error_0": 0.3793615687182379, "mae_0": 0.09346607304707522, "train_size": 18, "_timestamp": 1597982246.5368938, "max_var_1": 5.10381090418861, "median_var_1": 2.2749615925417306, "mae_0_1": 0.09346607304707522, "_step": 0, "max_error_0_1": 0.3793615687182379, "std_var_0": 0.02738220244531612}
