{"mae_0_1": 0.029037682517797817, "coregionalized": true, "r2_0": 0.9754012720232091, "min_var_1": 0.04884072791278306, "std_var_1": 0.3413383460730491, "median_var_1": 0.33293030180131955, "mean_var_0": 0.0008968643954517846, "mae_0": 0.029037682517797817, "_step": 0, "_timestamp": 1596845245.8586009, "std_var_0": 0.0007256122349694814, "max_var_1": 3.885387481313693, "min_var_0": 0.00010383210802645736, "max_error_0_1": 0.1596631242438713, "median_var_0": 0.0007077433209320519, "_runtime": 12289.668990850449, "max_var_0": 0.008259502860035638, "mean_var_1": 0.4218958791167759, "max_error_0": 0.1596631242438713, "train_size": 250, "r2_0_1": 0.9754012720232091}
