{"mean_var_1": 0.9370612754773813, "max_var_0": 0.023365588420370856, "max_var_1": 5.946050179925903, "coregionalized": true, "min_var_0": 0.0006542826831969061, "median_var_1": 0.7983004427133956, "median_var_0": 0.0031368138050386195, "mae_0_1": 0.038623076156213874, "max_error_0_1": 0.13984894266057113, "r2_0_1": 0.9601944618936231, "max_error_0": 0.13984894266057113, "mean_var_0": 0.0036821415893778797, "train_size": 25, "min_var_1": 0.16653325127877633, "_runtime": 40.38861322402954, "_step": 0, "std_var_0": 0.0023348756063510064, "_timestamp": 1596816425.468269, "mae_0": 0.038623076156213874, "r2_0": 0.9601944618936231, "std_var_1": 0.5941748999174081}
