{"max_error_0": 0.2590196460748544, "max_error_0_1": 0.2590196460748544, "min_var_0": 0.01227664515486127, "r2_0": 0.7786672060227724, "median_var_1": 1.1632638866330722, "coregionalized": true, "_runtime": 152.7919042110443, "median_var_0": 0.04532635145469862, "max_var_0": 0.10214737656635219, "max_var_1": 1.559291488050751, "mae_0": 0.07797794943051764, "_step": 0, "std_var_0": 0.015372495989136582, "mae_0_1": 0.07797794943051764, "min_var_1": 1.0200160648937429, "_timestamp": 1597900187.5248551, "r2_0_1": 0.7786672060227724, "mean_var_0": 0.04719805283212194, "mean_var_1": 1.1823399491664803, "std_var_1": 0.09145657669818122, "train_size": 12}
