{"mean_var_0": 0.0094797338955939, "mae_0": 0.06878904778917118, "max_var_0": 0.7402570357836629, "r2_0": 0.8551390497126554, "coregionalized": true, "r2_0_1": 0.8551390497126554, "max_error_0_1": 0.4974029708319838, "_step": 0, "_runtime": 1094.879899263382, "min_var_0": 3.41253795310692e-05, "mae_0_1": 0.06878904778917118, "median_var_1": 1.1128400393424165, "max_var_1": 163.13721052901445, "train_size": 25, "_timestamp": 1597747501.4758132, "max_error_0": 0.4974029708319838, "mean_var_1": 3.403896146470138, "std_var_1": 10.347281261533958, "std_var_0": 0.04387482445049416, "min_var_1": 0.6685445004129071, "median_var_0": 0.0006928235650560666}
