{"_timestamp": 1597473971.990901, "max_var_0": 0.07746743185354252, "_runtime": 64.91121578216553, "std_var_0": 5.767046991056809e-06, "r2_0": -1507904.0152253348, "mean_var_0": 0.07746712530733363, "mae_0": 0.22022451599179, "min_var_1": 1.0251613149598622, "r2_0_1": -1507904.0152253348, "mean_var_1": 1.0269888763105155, "_step": 0, "std_var_1": 7.645427767450707e-05, "max_var_1": 1.0269929402220823, "max_error_0_1": 0.7352139401920215, "median_var_1": 1.0269929402135598, "median_var_0": 0.07746743185289966, "coregionalized": false, "min_var_0": 0.07732926994450982, "train_size": 2, "max_error_0": 0.7352139401920215, "mae_0_1": 0.22022451599179}
