{"_timestamp": 1599569910.004788, "cv_mean": 0.9498113763035011, "_step": 1, "_runtime": 15483.436710834503, "cv_std": 0.005090672564983285}
