{"std_var_0": 0.0003659845138735626, "_step": 0, "_runtime": 38152.66486787796, "min_var_0": 0.032009434083447565, "max_error_0": 0.11651944800181813, "median_var_0": 0.03237991407690983, "mae_0_1": 0.026235105379549883, "mean_var_0": 0.03247451731868039, "median_var_1": 0.5732081550323029, "mae_0": 0.026235105379549883, "std_var_1": 0.009262849942670326, "coregionalized": false, "_timestamp": 1597789436.559911, "max_var_0": 0.03485542347615797, "r2_0": 0.9793123111974642, "min_var_1": 0.5642959798835294, "max_error_0_1": 0.11651944800181813, "train_size": 1250, "max_var_1": 0.6380734912751543, "mean_var_1": 0.5756873685291855, "r2_0_1": 0.9793123111974642}
