{"std_var_1": 0.025892784289049148, "mae_0_1": 0.02711266144265843, "max_error_0_1": 0.11055855077841636, "max_var_0": 0.0413156003804095, "mean_var_1": 0.6100634023755341, "_step": 0, "max_var_1": 0.8498583962273738, "std_var_0": 0.0011480686056040408, "min_var_0": 0.02906043156927048, "train_size": 187, "mean_var_0": 0.030740680147787792, "max_error_0": 0.11055855077841636, "median_var_1": 0.6034933127212336, "_timestamp": 1597924362.631807, "median_var_0": 0.030457392630552915, "r2_0": 0.9786064587372051, "min_var_1": 0.5728701700503227, "r2_0_1": 0.9786064587372051, "mae_0": 0.02711266144265843, "coregionalized": false, "_runtime": 3031.764889240265}
