{"_timestamp": 1596969070.034113, "median_var_0": 0.0007359930217665339, "train_size": 750, "r2_0_1": 0.9856223297830905, "min_var_1": 0.2945043976491099, "median_var_1": 0.33243649221036614, "std_var_0": 0.00011859418237877956, "_runtime": 13092.394562959671, "mae_0": 0.022251525156575903, "mae_0_1": 0.022251525156575903, "max_var_0": 0.002534231491505567, "coregionalized": false, "_step": 0, "mean_var_0": 0.0007638589473909052, "max_var_1": 1.2946629611791316, "max_error_0": 0.09542187392036805, "std_var_1": 0.06314344760582864, "mean_var_1": 0.34666464414171644, "max_error_0_1": 0.09542187392036805, "r2_0": 0.9856223297830905, "min_var_0": 0.0006639715837655319}
