{"_step": 0, "mean_var_1": 0.33064809233819303, "train_size": 1250, "min_var_0": 0.0010017852787186528, "mae_0_1": 0.02572453587313584, "mean_var_0": 0.0010190205943155703, "std_var_0": 2.5823676109551388e-05, "r2_0_1": 0.981427701938295, "min_var_1": 0.32554693296936515, "max_error_0_1": 0.12308389412461063, "mae_0": 0.02572453587313584, "median_var_0": 0.00101302515803216, "coregionalized": true, "std_var_1": 0.007237493910494058, "max_var_1": 0.4444796448611951, "max_error_0": 0.12308389412461063, "r2_0": 0.981427701938295, "max_var_0": 0.0014243581031096071, "_timestamp": 1597528957.59786, "_runtime": 17114.133825063705, "median_var_1": 0.32906381586020056}
