{"_timestamp": 1599564299.973506, "cv_mean": 0.9504705948163027, "_step": 1, "_runtime": 9873.405428886414, "cv_std": 0.004975372472182815}
