{"max_error_0_1": 0.5215845214487129, "r2_0_1": 0.7320400820143291, "std_var_1": 2.0387141563412903, "min_var_1": 0.019682876651090548, "r2_0": 0.7320400820143291, "_runtime": 105.23642420768738, "max_var_1": 15.259393095893646, "max_error_0": 0.5215845214487129, "min_var_0": 2.2775209430659018e-05, "mean_var_0": 0.0700739026294518, "mae_0_1": 0.08230343362128428, "mae_0": 0.08230343362128428, "median_var_0": 0.06620481456965255, "std_var_0": 0.042393011740311945, "mean_var_1": 1.4675185401864241, "_timestamp": 1597405700.0618181, "train_size": 25, "_step": 0, "median_var_1": 0.8595061542905686, "coregionalized": false, "max_var_0": 0.24918135882327466}
