{"_step": 0, "mean_var_1": 1.8878419471354875, "train_size": 25, "min_var_0": 2.914190457721075e-05, "mae_0_1": 0.09060136216973586, "mean_var_0": 0.07455517067587104, "std_var_0": 0.0366629235168251, "r2_0_1": 0.6913215628993912, "min_var_1": 0.0003375345391553306, "max_error_0_1": 0.48838744365881137, "mae_0": 0.09060136216973586, "median_var_0": 0.07327477307994106, "coregionalized": false, "std_var_1": 0.6695122201038414, "max_var_1": 2.9899504729677315, "max_error_0": 0.48838744365881137, "r2_0": 0.6913215628993912, "max_var_0": 0.20975677226115255, "_timestamp": 1597514232.771219, "_runtime": 2389.3071839809418, "median_var_1": 2.0017872347578503}
