{"cv_mean": 489.558889537497, "_timestamp": 1599548654.337659, "_step": 1, "_runtime": 2389.87309384346, "cv_std": 370.66453345371536}
