{"_timestamp": 1596816603.8020859, "_step": 0, "min_var_0": 0.00034331249929753227, "std_var_0": 0.0024127314729776835, "median_var_0": 0.002654778039937078, "coregionalized": true, "median_var_1": 7.221922419799648, "max_error_0_1": 0.2054711282052879, "r2_0_1": 0.9496509556841163, "mae_0_1": 0.03980256388437944, "r2_0": 0.9496509556841163, "train_size": 25, "mean_var_0": 0.0033326620188943905, "std_var_1": 0.0930089479738075, "min_var_1": 7.1328171958571085, "_runtime": 18.219313859939575, "max_var_0": 0.018636008626648604, "mae_0": 0.03980256388437944, "max_error_0": 0.2054711282052879, "mean_var_1": 7.248054327323113, "max_var_1": 7.837986603005697}
