{"max_error_0": 0.14554368759171066, "max_error_0_1": 0.14554368759171066, "mae_0": 0.027553619654933692, "_timestamp": 1596973061.915843, "r2_0_1": 0.9780075178543332, "mean_var_0": 0.0006782228620175214, "min_var_1": 10.589308442405088, "max_var_1": 10.863305054357976, "r2_0": 0.9780075178543332, "std_var_0": 0.0007833411754389474, "mean_var_1": 10.606467768772129, "median_var_0": 0.0004834360370438162, "coregionalized": true, "_step": 0, "_runtime": 444.7466559410095, "std_var_1": 0.02246721256389355, "mae_0_1": 0.027553619654933692, "min_var_0": 7.99462913092519e-05, "max_var_0": 0.009633104141360427, "train_size": 250, "median_var_1": 10.60088103704081}
