{"mae_0_1": 0.0264793826287834, "median_var_1": 0.3619083546428371, "max_error_0_1": 0.12491640487434541, "min_var_0": 9.999924000469012e-09, "mae_0": 0.0264793826287834, "mean_var_1": 0.4037668181060778, "min_var_1": 0.2525716339941525, "mean_var_0": 0.0012845464835235245, "max_var_0": 0.007220474221567131, "max_var_1": 1.1441061238802646, "train_size": 250, "std_var_0": 0.0010604972511647727, "_step": 0, "coregionalized": true, "median_var_0": 0.0009398263353905817, "_runtime": 134.93182110786438, "std_var_1": 0.13735163193679797, "r2_0_1": 0.979384685831583, "max_error_0": 0.12491640487434541, "_timestamp": 1596815479.959372, "r2_0": 0.979384685831583}
