{"std_var_1": 0.10983659391579725, "mae_0_1": 0.032882526940516354, "max_error_0_1": 0.169706431314252, "max_var_0": 0.11861178554617002, "mean_var_1": 0.6224123561177992, "_step": 0, "max_var_1": 1.308279481120465, "std_var_0": 0.01473843813146161, "min_var_0": 9.918212890625e-05, "train_size": 93, "mean_var_0": 0.039721228048399566, "max_error_0": 0.169706431314252, "median_var_1": 0.5954485952563706, "_timestamp": 1597921818.348254, "median_var_0": 0.037405953103203105, "r2_0": 0.9684356007306507, "min_var_1": 0.45990108170551974, "r2_0_1": 0.9684356007306507, "mae_0": 0.032882526940516354, "coregionalized": true, "_runtime": 487.48133611679077}
