{"_step": 1, "_timestamp": 1599571177.177682, "cv_mean": 0.9623293003667817, "_runtime": 16753.47129392624, "cv_std": 0.004472456359853317}
