{"_timestamp": 1596962911.4595242, "median_var_0": 0.0006583243182225473, "train_size": 250, "r2_0_1": 0.9781163601394235, "min_var_1": 0.297991010654195, "median_var_1": 0.4057163805500834, "std_var_0": 0.0008870863624294123, "_runtime": 6933.819974184036, "mae_0": 0.027255735829795378, "mae_0_1": 0.027255735829795378, "max_var_0": 0.014219013956660476, "coregionalized": true, "_step": 0, "mean_var_0": 0.0008818979290751756, "max_var_1": 2.9216315435370546, "max_error_0": 0.13006190866040646, "std_var_1": 0.1772388316256948, "mean_var_1": 0.45119334675886474, "max_error_0_1": 0.13006190866040646, "r2_0": 0.9781163601394235, "min_var_0": 0.00010965849044275444}
