{"mae_0_1": 0.02684688969877132, "median_var_1": 0.4522756316365624, "max_error_0_1": 0.11438121536939727, "min_var_0": 0.00020133126314192396, "mae_0": 0.02684688969877132, "mean_var_1": 0.503509334627045, "min_var_1": 0.337782968220163, "mean_var_0": 0.0012468656898946293, "max_var_0": 0.009077604100355074, "max_var_1": 1.599038675927782, "train_size": 250, "std_var_0": 0.001048219608606631, "_step": 0, "coregionalized": true, "median_var_0": 0.0009053188387433408, "_runtime": 261.5319449901581, "std_var_1": 0.15441831635131434, "r2_0_1": 0.9785540969212366, "max_error_0": 0.11438121536939727, "_timestamp": 1596815606.559496, "r2_0": 0.9785540969212366}
