{"r2_0_1": 0.7720633182713874, "min_var_0": 0.008520618567144997, "max_var_0": 0.23429562704828089, "median_var_0": 0.0969568999240619, "r2_0": 0.7720633182713874, "_runtime": 149.62140011787415, "min_var_1": 2.980469063713463, "std_var_1": 0.03794835245901522, "coregionalized": true, "mean_var_0": 0.10099854709437359, "mean_var_1": 3.038674333016801, "max_error_0": 0.3604804988266799, "mae_0": 0.0942465072028111, "train_size": 9, "_timestamp": 1597982211.109919, "max_var_1": 3.25632239011142, "median_var_1": 3.029180110249899, "mae_0_1": 0.0942465072028111, "_step": 0, "max_error_0_1": 0.3604804988266799, "std_var_0": 0.03288707203256725}
