{"std_var_0": 0.006361023359335811, "_step": 0, "_runtime": 317.16698384284973, "min_var_0": 0.0004367394883563755, "max_error_0": 0.38178955037615037, "median_var_0": 0.007280927735230537, "mae_0_1": 0.07865191338244847, "mean_var_0": 0.008874576092921735, "median_var_1": 5.458412279839234, "mae_0": 0.07865191338244847, "std_var_1": 2.8027248811967707, "coregionalized": true, "_timestamp": 1597751601.062027, "max_var_0": 0.06259090279679741, "r2_0": 0.812653778344941, "min_var_1": 2.213621077768078, "max_error_0_1": 0.38178955037615037, "train_size": 25, "max_var_1": 28.466311036151676, "mean_var_1": 6.110224437458375, "r2_0_1": 0.812653778344941}
