{"mae_0_1": 0.020807163178910897, "median_var_1": 0.35049740169924437, "max_error_0_1": 0.1139661442323634, "min_var_0": 0.0006794220101555196, "mae_0": 0.020807163178910897, "mean_var_1": 0.36478759741213973, "min_var_1": 0.3139805279693926, "mean_var_0": 0.0007769678131288059, "max_var_0": 0.0015671096325079927, "max_var_1": 0.7852671565993612, "train_size": 750, "std_var_0": 8.841021441090422e-05, "_step": 0, "coregionalized": false, "median_var_0": 0.0007499526826579198, "_runtime": 574.8904480934143, "std_var_1": 0.04649421779636498, "r2_0_1": 0.9867761513488679, "max_error_0": 0.1139661442323634, "_timestamp": 1596815919.917999, "r2_0": 0.9867761513488679}
