{"std_var_0": 0.00045415912634609, "_step": 0, "_runtime": 66215.76759696007, "min_var_0": 0.03297749950327576, "max_error_0": 0.1268680154020454, "median_var_0": 0.033411824648582646, "mae_0_1": 0.02690718975091813, "mean_var_0": 0.033528113977251084, "median_var_1": 0.586046326908157, "mae_0": 0.02690718975091813, "std_var_1": 0.008362789195106104, "coregionalized": false, "_timestamp": 1597817499.66264, "max_var_0": 0.03693308600141228, "r2_0": 0.9787848093692689, "min_var_1": 0.5780428441439524, "max_error_0_1": 0.1268680154020454, "train_size": 1250, "max_var_1": 0.6511972191315983, "mean_var_1": 0.5881372153843843, "r2_0_1": 0.9787848093692689}
