{"mae_0_1": 0.026594909222281627, "median_var_1": 0.33178489423772817, "max_error_0_1": 0.10783316406971988, "min_var_0": 0.00016155319858190964, "mae_0": 0.026594909222281627, "mean_var_1": 0.42855080856639816, "min_var_1": 0.05757180395877981, "mean_var_0": 0.0012405930160547594, "max_var_0": 0.009319732317130347, "max_var_1": 3.0163019061702414, "train_size": 250, "std_var_0": 0.0009450477885369613, "_step": 0, "coregionalized": false, "median_var_0": 0.0009501548447068409, "_runtime": 183.02027702331543, "std_var_1": 0.3149740803190867, "r2_0_1": 0.9799928335476685, "max_error_0": 0.10783316406971988, "_timestamp": 1596815528.047828, "r2_0": 0.9799928335476685}
