{"median_var_0": 0.0009038770131291063, "max_error_0": 0.10530965103035062, "r2_0_1": 0.978078668590911, "mean_var_1": 0.5332662119180939, "_timestamp": 1596875085.083843, "r2_0": 0.978078668590911, "std_var_0": 0.0010163364462805187, "_runtime": 3910.923539876938, "train_size": 250, "min_var_1": 0.07844621371933158, "_step": 0, "coregionalized": false, "median_var_1": 0.3984452367369897, "min_var_0": 0.0001833018272205944, "mae_0": 0.027766619880820353, "max_var_1": 3.8812814574267236, "std_var_1": 0.40984082266534994, "mean_var_0": 0.001241416463099052, "mae_0_1": 0.027766619880820353, "max_error_0_1": 0.10530965103035062, "max_var_0": 0.010180336384677302}
