{"train_size": 1250, "max_var_0": 1.9999998619157404, "median_var_1": 1.9954843451258126, "mae_0": 1.5756926135916731, "max_error_0": 2.5159512197383505, "max_var_1": 1.9999998619157404, "_timestamp": 1596813054.3182201, "min_var_1": 1.8070968914698433, "r2_0_1": -13.994773115006286, "mean_var_1": 1.989874555885296, "min_var_0": 1.8070968914698433, "coregionalized": false, "r2_0": -13.994773115006286, "_step": 71, "mean_var_0": 1.989874555885296, "max_error_0_1": 2.5159512197383505, "median_var_0": 1.9954843451258126, "mae_0_1": 1.5756926135916731, "std_var_1": 0.01665541177832949, "std_var_0": 0.01665541177832949, "_runtime": 123.82941436767578}
