{"r2_0": -3604295.9733186304, "median_var_0": 0.07308801512338656, "max_error_0_1": 1.1280974866326328, "max_var_0": 0.07308801512339286, "train_size": 2, "_runtime": 63.306195974349976, "_timestamp": 1597431236.623508, "_step": 0, "std_var_1": 0.00013703882011557953, "r2_0_1": -3604295.9733186304, "min_var_1": 1.0818895827663244, "std_var_0": 9.22888941480953e-06, "max_error_0": 1.1280974866326328, "min_var_0": 0.07285993348332429, "coregionalized": false, "mae_0_1": 0.4272171081204764, "mean_var_0": 0.07308756631049296, "mean_var_1": 1.0852696789677927, "max_var_1": 1.0852763433439157, "mae_0": 0.4272171081204764, "median_var_1": 1.0852763433438222}
