{"max_var_1": 1.0669021324829655, "r2_0": 0.9765014985922871, "std_var_1": 0.06447570250082604, "max_var_0": 0.04954576565227741, "_timestamp": 1597960459.811121, "std_var_0": 0.0024186447408764498, "train_size": 93, "mean_var_0": 0.03287617188843053, "_step": 0, "mae_0": 0.028756126184790582, "coregionalized": true, "max_error_0": 0.12179471436558753, "min_var_1": 0.5311816181497453, "r2_0_1": 0.9765014985922871, "mean_var_1": 0.6300776304357832, "min_var_0": 0.029115413918480923, "mae_0_1": 0.028756126184790582, "median_var_1": 0.615414975956621, "max_error_0_1": 0.12179471436558753, "_runtime": 650.8045320510864, "median_var_0": 0.03231626084890177}
