{"max_error_0_1": 0.15411200372260891, "mean_var_1": 2.0361178991775533, "coregionalized": false, "_runtime": 25.277707815170288, "_step": 0, "median_var_0": 0.00290005126635684, "r2_0": 0.9703050411169325, "train_size": 25, "min_var_1": 0.4147126836192001, "std_var_0": 0.0028562227329256553, "mean_var_0": 0.003696885533149748, "median_var_1": 1.6878222699480148, "min_var_0": 0.0006296942228658509, "_timestamp": 1596815243.619622, "max_error_0": 0.15411200372260891, "std_var_1": 1.3161532707571044, "mae_0": 0.03510248501722693, "max_var_0": 0.03636892386709789, "mae_0_1": 0.03510248501722693, "r2_0_1": 0.9703050411169325, "max_var_1": 15.619058654264421}
