{"r2_0": 0.8652268277794193, "median_var_0": 0.03760220278440456, "max_error_0_1": 0.33914612877935957, "max_var_0": 0.1641561207818407, "train_size": 25, "_runtime": 190.7747938632965, "_timestamp": 1597431364.0921059, "_step": 0, "std_var_1": 0.6297601933285666, "r2_0_1": 0.8652268277794193, "min_var_1": 0.0003102431193520323, "std_var_0": 0.023843198784151746, "max_error_0": 0.33914612877935957, "min_var_0": 2.4506616569663983e-05, "coregionalized": false, "mae_0_1": 0.06794478002500072, "mean_var_0": 0.04098692595963611, "mean_var_1": 1.522251018102662, "max_var_1": 3.751877707731877, "mae_0": 0.06794478002500072, "median_var_1": 1.483102245415474}
