{"_step": 1, "cv_mean": 0.9532947334772064, "_timestamp": 1599569689.556986, "_runtime": 15269.43479013443, "cv_std": 0.0070217900373356805}
