{"max_error_0": 0.14620212014139566, "max_error_0_1": 0.14620212014139566, "mae_0": 0.03764856705624893, "_timestamp": 1596972662.824546, "r2_0_1": 0.9638054428539009, "mean_var_0": 0.0012519777864372409, "min_var_1": 0.06684966975533214, "max_var_1": 7.74197173754735, "r2_0": 0.9638054428539009, "std_var_0": 0.0010169502726335906, "mean_var_1": 0.8335488503687957, "median_var_0": 0.0010173851892747443, "coregionalized": true, "_step": 0, "_runtime": 45.6553590297699, "std_var_1": 0.6770758386697646, "mae_0_1": 0.03764856705624893, "min_var_0": 0.00010041123789683587, "max_var_0": 0.011628236785574453, "train_size": 25, "median_var_1": 0.6773598385158023}
