{"mae_0_1": 0.04111928294572232, "coregionalized": true, "r2_0": 0.9529330122546187, "min_var_1": 8.976446125538699, "std_var_1": 0.03799496978063279, "median_var_1": 9.018012330622694, "mean_var_0": 0.0024846916801743815, "mae_0": 0.04111928294572232, "_step": 0, "_timestamp": 1596833032.164354, "std_var_0": 0.0015451037513322268, "max_var_1": 9.20174496867986, "min_var_0": 0.000380618982806169, "max_error_0_1": 0.24752545688447203, "median_var_0": 0.0020709506181511017, "_runtime": 75.97474408149719, "max_var_0": 0.009542623577562637, "mean_var_1": 9.028186455910777, "max_error_0": 0.24752545688447203, "train_size": 25, "r2_0_1": 0.9529330122546187}
