{"max_error_0": 0.09835608176835331, "max_error_0_1": 0.09835608176835331, "mae_0": 0.02583130521620627, "_timestamp": 1596974282.77388, "r2_0_1": 0.9808454208592562, "mean_var_0": 0.0008153341592739586, "min_var_1": 0.2911004382657644, "max_var_1": 0.47176163192702986, "r2_0": 0.9808454208592562, "std_var_0": 0.0005021984310525506, "mean_var_1": 0.3247724524036131, "median_var_0": 0.0006872538390738647, "coregionalized": true, "_step": 0, "_runtime": 1665.6046929359436, "std_var_1": 0.02518143579878131, "mae_0_1": 0.02583130521620627, "min_var_0": 5.665513905839248e-05, "max_var_0": 0.004265625588985245, "train_size": 750, "median_var_1": 0.31796827229421537}
