{"max_error_0": 0.10241558929246164, "max_error_0_1": 0.10241558929246164, "mae_0": 0.02542032242375153, "_timestamp": 1596976575.119552, "r2_0_1": 0.9816642561506028, "mean_var_0": 0.0008462693564838577, "min_var_1": 0.2992511270145849, "max_var_1": 0.38077731346275756, "r2_0": 0.9816642561506028, "std_var_0": 0.0005515765978613429, "mean_var_1": 0.31342583925920703, "median_var_0": 0.0006895759724508954, "coregionalized": false, "_step": 0, "_runtime": 3957.9503648281097, "std_var_1": 0.010455497337538765, "mae_0_1": 0.02542032242375153, "min_var_0": 8.656119355476832e-05, "max_var_0": 0.0045451462447401725, "train_size": 750, "median_var_1": 0.3105238240674305}
