{"std_var_0": 0.032337113824359436, "_step": 0, "_runtime": 96.48938584327698, "min_var_0": 0.02948799555307234, "max_error_0": 0.31734897640651694, "median_var_0": 0.12731315470296428, "mae_0_1": 0.08453807070197392, "mean_var_0": 0.12924471348625616, "median_var_1": 1.9450584198066612, "mae_0": 0.08453807070197392, "std_var_1": 0.186343102445188, "coregionalized": false, "_timestamp": 1597751380.384429, "max_var_0": 0.2333805432587995, "r2_0": 0.7721596964705711, "min_var_1": 1.4921496015595013, "max_error_0_1": 0.31734897640651694, "train_size": 12, "max_var_1": 2.543066619484816, "mean_var_1": 1.952911143076366, "r2_0_1": 0.7721596964705711}
