{"max_error_0_1": 0.10961865023011619, "r2_0_1": 0.9815553425627553, "std_var_1": 0.0015936554362202648, "min_var_1": 0.6053178581063092, "r2_0": 0.9815553425627553, "_runtime": 4005.189418077469, "max_var_1": 0.6177944488025237, "max_error_0": 0.10961865023011619, "min_var_0": 0.0330557149968848, "mean_var_0": 0.0332497217705742, "mae_0_1": 0.025531814171066706, "mae_0": 0.025531814171066706, "median_var_0": 0.03320109949715315, "std_var_0": 0.00015906994807941282, "mean_var_1": 0.6078046554225351, "_timestamp": 1597409600.014812, "train_size": 1250, "_step": 0, "median_var_1": 0.6074860908408927, "coregionalized": false, "max_var_0": 0.03429897527881189}
