{"max_error_0": 0.14575809429168585, "max_error_0_1": 0.14575809429168585, "mae_0": 0.030000583684418557, "_timestamp": 1596972847.094532, "r2_0_1": 0.9760621386849059, "mean_var_0": 0.000897474773920809, "min_var_1": 0.006033910425266242, "max_var_1": 5.510619371857686, "r2_0": 0.9760621386849059, "std_var_0": 0.0011177477639833296, "mean_var_1": 0.39139965084921313, "median_var_0": 0.0006096525825314281, "coregionalized": false, "_step": 0, "_runtime": 229.92534494400024, "std_var_1": 0.38210613284241135, "mae_0_1": 0.030000583684418557, "min_var_0": 5.1787783682977206e-05, "max_var_0": 0.013251511016318274, "train_size": 250, "median_var_1": 0.29909017929112736}
