{"max_error_0": 0.18285653169812943, "max_error_0_1": 0.18285653169812943, "mae_0": 0.04129720099078599, "_timestamp": 1596972655.997371, "r2_0_1": 0.9569274803901416, "mean_var_0": 0.0004750473645481804, "min_var_1": 0.0007168466852363053, "max_var_1": 1.3980907721388576, "r2_0": 0.9569274803901416, "std_var_0": 0.000529025546283712, "mean_var_1": 0.15178363522701002, "median_var_0": 0.0003196748578844222, "coregionalized": false, "_step": 0, "_runtime": 38.82818388938904, "std_var_1": 0.1339759737881858, "mae_0_1": 0.04129720099078599, "min_var_0": 3.988071690486095e-05, "max_var_0": 0.00518031721284018, "train_size": 25, "median_var_1": 0.11936530821435554}
