{"max_error_0": 0.2892298833142175, "max_error_0_1": 0.2892298833142175, "min_var_0": 0.027153206609406146, "r2_0": 0.8985778513771983, "median_var_1": 2.064928397411483, "coregionalized": true, "_runtime": 265.3442440032959, "median_var_0": 0.06753214017221955, "max_var_0": 0.16056623706546355, "max_var_1": 3.9379761077845226, "mae_0": 0.06572226513535277, "_step": 0, "std_var_0": 0.019063859443170888, "mae_0_1": 0.06572226513535277, "min_var_1": 1.5082020797688571, "_timestamp": 1597900300.077195, "r2_0_1": 0.8985778513771983, "mean_var_0": 0.070741373386952, "mean_var_1": 2.1381917111390476, "std_var_1": 0.3579851171234713, "train_size": 25}
