{"r2_0_1": 0.9805042389582367, "min_var_0": 0.03252228190672882, "max_var_0": 0.05698644130852255, "median_var_0": 0.03501513598419309, "r2_0": 0.9805042389582367, "_runtime": 8666.914373159409, "min_var_1": 0.5764794973182269, "std_var_1": 0.05164610080300523, "coregionalized": true, "mean_var_0": 0.03567332106002632, "mean_var_1": 0.6422300929878872, "max_error_0": 0.1278198248182072, "mae_0": 0.027034346367910904, "train_size": 375, "_timestamp": 1597990728.402892, "max_var_1": 1.0769616190491569, "median_var_1": 0.6285574216905474, "mae_0_1": 0.027034346367910904, "_step": 0, "max_error_0_1": 0.1278198248182072, "std_var_0": 0.0024943530862473373}
