{"std_var_1": 0.07617459783917968, "mae_0_1": 0.09555865101663549, "max_error_0_1": 0.37754159447605096, "max_var_0": 0.2800451913842333, "mean_var_1": 2.6403796254759615, "_step": 0, "max_var_1": 2.9931335623930777, "std_var_0": 0.04085893042223033, "min_var_0": 0.05747794435063658, "train_size": 9, "mean_var_0": 0.1318995024127551, "max_error_0": 0.37754159447605096, "median_var_1": 2.6295127425551534, "_timestamp": 1597921440.604935, "median_var_0": 0.13106307310213194, "r2_0": 0.6976123161633758, "min_var_1": 2.5399242831577036, "r2_0_1": 0.6976123161633758, "mae_0": 0.09555865101663549, "coregionalized": true, "_runtime": 109.73801708221436}
