{"_step": 1, "cv_mean": 331.4718645201783, "_timestamp": 1599547019.8980532, "_runtime": 644.2511200904846, "cv_std": 230.17643633985838}
