{"_timestamp": 1597501626.485079, "max_var_0": 0.001312852301410767, "_runtime": 27719.405393838882, "std_var_0": 2.734560065189054e-05, "r2_0": 0.9790041115298739, "mean_var_0": 0.000984555677286717, "mae_0": 0.026181627285778507, "min_var_1": 0.3415404213271696, "r2_0_1": 0.9790041115298739, "mean_var_1": 0.3446962623916228, "_step": 0, "std_var_1": 0.004291817495394551, "max_var_1": 0.3994521153770048, "max_error_0_1": 0.10707642765006264, "median_var_1": 0.3437859071097929, "median_var_0": 0.0009779384590307201, "coregionalized": true, "min_var_0": 0.0009659728265920605, "train_size": 2000, "max_error_0": 0.10707642765006264, "mae_0_1": 0.026181627285778507}
