{"mae_0_1": 0.02143126745000104, "coregionalized": false, "r2_0": 0.987339292606864, "min_var_1": 0.2821097774203817, "std_var_1": 0.0378866269895096, "median_var_1": 0.31318134351659765, "mean_var_0": 0.0007677660006914585, "mae_0": 0.02143126745000104, "_step": 0, "_timestamp": 1596845587.1956391, "std_var_0": 7.473633139130347e-05, "max_var_1": 0.7166503839498627, "min_var_0": 0.0006873155525114816, "max_error_0_1": 0.0923393048372807, "median_var_0": 0.0007498824565034601, "_runtime": 12631.006029129028, "max_var_0": 0.0015303163254431274, "mean_var_1": 0.3222272729718832, "max_error_0": 0.0923393048372807, "train_size": 1250, "r2_0_1": 0.987339292606864}
