{"mae_0_1": 0.04664955598752024, "median_var_1": 1.0125323517631841, "max_error_0_1": 0.2154517367786628, "min_var_0": 0.0006867222319866251, "mae_0": 0.04664955598752024, "mean_var_1": 1.199379504589941, "min_var_1": 0.2069718477000606, "mean_var_0": 0.0040092024955959045, "max_var_0": 0.019436563715646393, "max_var_1": 5.687839949529007, "train_size": 25, "std_var_0": 0.0024857604985311773, "_step": 0, "coregionalized": false, "median_var_0": 0.003388184760030555, "_runtime": 91.78286695480347, "std_var_1": 0.7370600192663964, "r2_0_1": 0.9314941674246243, "max_error_0": 0.2154517367786628, "_timestamp": 1596815436.810418, "r2_0": 0.9314941674246243}
