{"std_var_0": 0.00019230615608674582, "_step": 0, "_runtime": 1891.5873458385468, "min_var_0": 0.0010292202464934849, "max_error_0": 0.1594130902294486, "median_var_0": 0.0012186828940339797, "mae_0_1": 0.029027005735387502, "mean_var_0": 0.0012720546084620465, "median_var_1": 0.5354930745423058, "mae_0": 0.029027005735387502, "std_var_1": 0.10839719231960698, "coregionalized": true, "_timestamp": 1597753175.482389, "max_var_0": 0.0025973119887222015, "r2_0": 0.975199018301632, "min_var_1": 0.4347408698857048, "max_error_0_1": 0.1594130902294486, "train_size": 125, "max_var_1": 1.3290062831700067, "mean_var_1": 0.5655811605751732, "r2_0_1": 0.975199018301632}
