{"max_var_1": 0.9498064896739222, "r2_0": 0.9804914261519184, "std_var_1": 0.033197109208384736, "max_var_0": 0.047864563937675166, "_timestamp": 1597972044.772342, "std_var_0": 0.0012120849472591789, "train_size": 375, "mean_var_0": 0.03512698970700102, "_step": 0, "mae_0": 0.026597371403022152, "coregionalized": true, "max_error_0": 0.11000712446804384, "min_var_1": 0.5569482105106245, "r2_0_1": 0.9804914261519184, "mean_var_1": 0.594766333145209, "min_var_0": 0.03371509072044937, "mae_0_1": 0.026597371403022152, "median_var_1": 0.5859707170731039, "max_error_0_1": 0.11000712446804384, "_runtime": 12235.765753030777, "median_var_0": 0.034814733328179616}
