{"_timestamp": 1596816891.2458181, "_step": 0, "min_var_0": 0.0006851213703416402, "std_var_0": 0.00011797229689324672, "median_var_0": 0.0007727872265977208, "coregionalized": false, "median_var_1": 0.31337307222126787, "max_error_0_1": 0.090101592017519, "r2_0_1": 0.9864130094680942, "mae_0_1": 0.02153908801784508, "r2_0": 0.9864130094680942, "train_size": 750, "mean_var_0": 0.0008046990586863201, "std_var_1": 0.05587880725444901, "min_var_1": 0.2728438702935566, "_runtime": 305.6630461215973, "max_var_0": 0.00208445870255462, "mae_0": 0.02153908801784508, "max_error_0": 0.090101592017519, "mean_var_1": 0.32847061772280534, "max_var_1": 0.9419123231029264}
