{"mae_0_1": 0.026192088466293104, "coregionalized": true, "r2_0": 0.9811680783399083, "min_var_1": 0.27028556208810894, "std_var_1": 0.07570919760345451, "median_var_1": 0.33528639418748096, "mean_var_0": 0.001230640135050696, "mae_0": 0.026192088466293104, "_step": 0, "_timestamp": 1596845410.887854, "std_var_0": 0.001028157404204037, "max_var_1": 1.0338908116177985, "min_var_0": 0.0002068697344075332, "max_error_0_1": 0.11563464781518862, "median_var_0": 0.000951917532804103, "_runtime": 12454.698244094849, "max_var_0": 0.011376102882508565, "mean_var_1": 0.3547668413697979, "max_error_0": 0.11563464781518862, "train_size": 750, "r2_0_1": 0.9811680783399083}
