{"_runtime": 861.7070279121399, "mae_0": 0.029823544324081633, "_step": 0, "mean_var_0": 0.0009844882288920086, "mae_0_1": 0.029823544324081633, "max_var_0": 0.005308402298631846, "train_size": 250, "median_var_0": 0.0007570019416680159, "median_var_1": 0.2543996967662423, "max_var_1": 2.844379434202942, "r2_0_1": 0.9737962452899911, "min_var_0": 6.073413957626133e-05, "std_var_0": 0.0007300915443524307, "mean_var_1": 0.32013244623231296, "max_error_0_1": 0.12724279583596276, "r2_0": 0.9737962452899911, "_timestamp": 1596972175.242282, "std_var_1": 0.2514647964720309, "min_var_1": 0.0413824599267798, "coregionalized": false, "max_error_0": 0.12724279583596276}
