{"max_error_0": 0.24342766127360838, "max_error_0_1": 0.24342766127360838, "min_var_0": 0.02081474468108804, "r2_0": 0.8650285371119583, "median_var_1": 1.6914182696872193, "coregionalized": true, "_runtime": 238.00609493255615, "median_var_0": 0.0615316399789317, "max_var_0": 0.16053732889403802, "max_var_1": 3.836251063206224, "mae_0": 0.06578479511557486, "_step": 0, "std_var_0": 0.02095186594680805, "mae_0_1": 0.06578479511557486, "min_var_1": 1.0184651724968008, "_timestamp": 1597900272.7390459, "r2_0_1": 0.8650285371119583, "mean_var_0": 0.06400726143599231, "mean_var_1": 1.7647436014882674, "std_var_1": 0.42805691166217824, "train_size": 25}
