{"mean_var_0": 0.23822839095385945, "mae_0": 0.21785402287487823, "max_var_0": 0.2382284126574098, "r2_0": -6968407.910789937, "coregionalized": false, "r2_0_1": -6968407.910789937, "max_error_0_1": 0.7848923556070238, "_step": 0, "_runtime": 69.50787997245789, "min_var_0": 0.23821797509242645, "mae_0_1": 0.21785402287487823, "median_var_1": 0.18950520219267253, "max_var_1": 0.18950520219274278, "train_size": 2, "_timestamp": 1597746476.1037939, "max_error_0": 0.7848923556070238, "mean_var_1": 0.18950483092521223, "std_var_1": 7.49775273685478e-06, "std_var_0": 4.331587340502074e-07, "min_var_1": 0.18931965384037183, "median_var_0": 0.23822841265740868}
