{"_timestamp": 1596816972.51142, "_step": 0, "min_var_0": 0.0006598863518416921, "std_var_0": 9.294698085471902e-05, "median_var_0": 0.0007338577145657156, "coregionalized": false, "median_var_1": 0.3240883415338986, "max_error_0_1": 0.090038483926838, "r2_0_1": 0.9869341075164924, "mae_0_1": 0.020944682869890836, "r2_0": 0.9869341075164924, "train_size": 750, "mean_var_0": 0.0007579240100927792, "std_var_1": 0.05568291897599157, "min_var_1": 0.28212570622068694, "_runtime": 386.9286479949951, "max_var_0": 0.0018538826692247315, "mae_0": 0.020944682869890836, "max_error_0": 0.090038483926838, "mean_var_1": 0.3390419612017121, "max_var_1": 1.0180678169801114}
