{"max_error_0_1": 1.0320303169526053, "r2_0_1": -230060037.6018915, "std_var_1": 2.4753255722313906e-06, "min_var_1": 1.0097761028911365, "r2_0": -230060037.6018915, "_runtime": 62.921117305755615, "max_var_1": 1.009825475352028, "max_error_0": 1.0320303169526053, "min_var_0": 0.053503045196533996, "mean_var_0": 0.05350565343401224, "mae_0_1": 0.3735142420136781, "mae_0": 0.3735142420136781, "median_var_0": 0.05350566119915543, "std_var_0": 1.3115526857091773e-07, "mean_var_1": 1.0098253287971846, "_timestamp": 1597405657.7465112, "train_size": 2, "_step": 0, "median_var_1": 1.0098254753506375, "coregionalized": false, "max_var_0": 0.0535056611992291}
