{"_runtime": 971.8914728164673, "mae_0": 0.029965435332518137, "_step": 0, "mean_var_0": 0.000798933769654549, "mae_0_1": 0.029965435332518137, "max_var_0": 0.01067087637531805, "train_size": 250, "median_var_0": 0.0006112441212346997, "median_var_1": 0.21518171768896366, "max_var_1": 2.037291364914495, "r2_0_1": 0.9725063490637087, "min_var_0": 6.77852604644702e-05, "std_var_0": 0.0007373792759896351, "mean_var_1": 0.29450429793039046, "max_error_0_1": 0.21612473320226488, "r2_0": 0.9725063490637087, "_timestamp": 1596972285.4267268, "std_var_1": 0.24622392438970447, "min_var_1": 0.009596985698784977, "coregionalized": false, "max_error_0": 0.21612473320226488}
