{"_timestamp": 1596817056.748725, "_step": 0, "min_var_0": 0.0006737276225243477, "std_var_0": 8.596492963483643e-05, "median_var_0": 0.0007466236065076487, "coregionalized": false, "median_var_1": 0.35063550436958996, "max_error_0_1": 0.09461311880239087, "r2_0_1": 0.9856467716513918, "mae_0_1": 0.022097036078141282, "r2_0": 0.9856467716513918, "train_size": 750, "mean_var_0": 0.0007709891679859197, "std_var_1": 0.05032569096986848, "min_var_1": 0.3092547857736159, "_runtime": 471.1659529209137, "max_var_0": 0.0014064517879481514, "mae_0": 0.022097036078141282, "max_error_0": 0.09461311880239087, "mean_var_1": 0.3654680542831246, "max_var_1": 0.7365983053982441}
