{"_step": 0, "mean_var_1": 0.585019908121359, "train_size": 250, "min_var_0": 9.999570949048575e-09, "mae_0_1": 0.0402855695697584, "mean_var_0": 0.0017342077586410198, "std_var_0": 0.003428226431188363, "r2_0_1": 0.9523386524660364, "min_var_1": 0.27397121353163584, "max_error_0_1": 0.27936915836738496, "mae_0": 0.0402855695697584, "median_var_0": 0.0008939779700938288, "coregionalized": true, "std_var_1": 0.47124191258668624, "max_var_1": 6.801439824141139, "max_error_0": 0.27936915836738496, "r2_0": 0.9523386524660364, "max_var_0": 0.049557085796305245, "_timestamp": 1597515219.0601878, "_runtime": 3375.59615278244, "median_var_1": 0.47209664942550716}
