{"std_var_0": 0.014524891402762757, "_step": 0, "_runtime": 273.75849080085754, "min_var_0": 0.057856360079656194, "max_error_0": 0.3011557879275819, "median_var_0": 0.07943426456849273, "mae_0_1": 0.07294747138550702, "mean_var_0": 0.0823264811976048, "median_var_1": 2.3346116152594774, "mae_0": 0.07294747138550702, "std_var_1": 0.23595415173535272, "coregionalized": false, "_timestamp": 1597751557.653534, "max_var_0": 0.1439303835182718, "r2_0": 0.7790620053443053, "min_var_1": 1.7815295488553593, "max_error_0_1": 0.3011557879275819, "train_size": 25, "max_var_1": 3.096372818681169, "mean_var_1": 2.3513411565892928, "r2_0_1": 0.7790620053443053}
