{"_timestamp": 1596963860.6266592, "median_var_0": 0.0009482411706080995, "train_size": 250, "r2_0_1": 0.9719965907297622, "min_var_1": 0.27594272970692757, "median_var_1": 0.36998638666740746, "std_var_0": 0.0012132946185364158, "_runtime": 7882.987109184265, "mae_0": 0.030969217998455593, "mae_0_1": 0.030969217998455593, "max_var_0": 0.017895566779415617, "coregionalized": true, "_step": 0, "mean_var_0": 0.0012581640290066916, "max_var_1": 2.25462317897565, "max_error_0": 0.16073430478506134, "std_var_1": 0.1434232918986063, "mean_var_1": 0.4090358426636262, "max_error_0_1": 0.16073430478506134, "r2_0": 0.9719965907297622, "min_var_0": 0.000233047925098262}
