{"r2_0_1": 0.9807933282617005, "min_var_0": 0.03151574825875542, "max_var_0": 0.04337429242905036, "median_var_0": 0.03280289591268875, "r2_0": 0.9807933282617005, "_runtime": 2482.802964925766, "min_var_1": 0.5488925637027219, "std_var_1": 0.029626762172314865, "coregionalized": true, "mean_var_0": 0.03312298214119929, "mean_var_1": 0.5856479598541989, "max_error_0": 0.12450373570662432, "mae_0": 0.026372651854025965, "train_size": 187, "_timestamp": 1597984544.2914839, "max_var_1": 0.8301592169456687, "median_var_1": 0.5777864623565169, "mae_0_1": 0.026372651854025965, "_step": 0, "max_error_0_1": 0.12450373570662432, "std_var_0": 0.0012484684553782182}
