{"_runtime": 604.5425100326538, "mae_0": 0.061722692800907066, "_step": 0, "mean_var_0": 0.0002459215177950687, "mae_0_1": 0.061722692800907066, "max_var_0": 0.0014466235516010788, "train_size": 25, "median_var_0": 0.00018623471623868733, "median_var_1": 0.22323361578253298, "max_var_1": 3.0908755294923935, "r2_0_1": 0.8778880792176892, "min_var_0": 2.9981134503032603e-05, "std_var_0": 0.00019781958859231232, "mean_var_1": 0.350262241939034, "max_error_0_1": 0.24986493305482638, "r2_0": 0.8778880792176892, "_timestamp": 1596971918.077764, "std_var_1": 0.35205257767758025, "min_var_1": 0.016532048751741968, "coregionalized": false, "max_error_0": 0.24986493305482638}
