{"_step": 1, "_timestamp": 1599566672.3601542, "cv_mean": 0.9613292123192749, "_runtime": 12248.653766155243, "cv_std": 0.004485465893300724}
