{"_step": 1, "cv_mean": 0.9523299407633059, "_timestamp": 1599568552.510946, "_runtime": 14132.388750076294, "cv_std": 0.007166151625346563}
