{"mae_0_1": 0.035179675662690396, "median_var_1": 2.0818504478516644, "max_error_0_1": 0.15944142396627337, "min_var_0": 0.00031966023064988747, "mae_0": 0.035179675662690396, "mean_var_1": 2.3446355787482696, "min_var_1": 0.4922175819481396, "mean_var_0": 0.002086424503882972, "max_var_0": 0.010848190839949368, "max_var_1": 9.388608589828209, "train_size": 25, "std_var_0": 0.0013156821857028393, "_step": 0, "coregionalized": false, "median_var_0": 0.0017509675733951013, "_runtime": 65.16654205322266, "std_var_1": 1.1923170646669248, "r2_0_1": 0.9639016753210556, "max_error_0": 0.15944142396627337, "_timestamp": 1596815410.194093, "r2_0": 0.9639016753210556}
