{"_timestamp": 1597474693.29687, "max_var_0": 0.08890395730691836, "_runtime": 786.2171847820282, "std_var_0": 0.006175320710078156, "r2_0": 0.9449468030833234, "mean_var_0": 0.0021280890733249387, "mae_0": 0.04021389396252416, "min_var_1": 0.24196413906156752, "r2_0_1": 0.9449468030833234, "mean_var_1": 0.6921564844001777, "_step": 0, "std_var_1": 1.1945121140205495, "max_var_1": 17.24005879025413, "max_error_0_1": 0.32337413766789824, "median_var_1": 0.46909800593016604, "median_var_0": 0.0009734992171779373, "coregionalized": true, "min_var_0": 5.291227752657954e-05, "train_size": 250, "max_error_0": 0.32337413766789824, "mae_0_1": 0.04021389396252416}
