{"mae_0_1": 0.020710461871854394, "median_var_1": 0.3481646694104943, "max_error_0_1": 0.11203058153185363, "min_var_0": 0.0006772937185555696, "mae_0": 0.020710461871854394, "mean_var_1": 0.36110078734738627, "min_var_1": 0.31476430794793986, "mean_var_0": 0.0007724824567388345, "max_var_0": 0.001545705383253102, "max_var_1": 0.7408588949743948, "train_size": 750, "std_var_0": 8.633886772873893e-05, "_step": 0, "coregionalized": true, "median_var_0": 0.0007460406295248225, "_runtime": 558.9292349815369, "std_var_1": 0.0421882866692873, "r2_0_1": 0.9868578519607034, "max_error_0": 0.11203058153185363, "_timestamp": 1596815903.956786, "r2_0": 0.9868578519607034}
