{"max_var_1": 2.540969279522763, "r2_0": 0.5699817672490032, "std_var_1": 0.1705661903505097, "max_var_0": 0.17879977284515572, "_timestamp": 1597960236.5086799, "std_var_0": 0.022303356135800766, "train_size": 18, "mean_var_0": 0.09113390861607436, "_step": 0, "mae_0": 0.08742795603371087, "coregionalized": false, "max_error_0": 0.5095733726660499, "min_var_1": 1.415889476366503, "r2_0_1": 0.5699817672490032, "mean_var_1": 2.287539824969727, "min_var_0": 0.03664507376116633, "mae_0_1": 0.08742795603371087, "median_var_1": 2.3180134308967055, "max_error_0_1": 0.5095733726660499, "_runtime": 427.5020909309387, "median_var_0": 0.087991644175892}
