{"median_var_0": 0.004392081853044348, "max_error_0": 0.2682766484052115, "r2_0_1": 0.8379964570625462, "mean_var_1": 3.4342618164595273, "_timestamp": 1596871243.063141, "r2_0": 0.8379964570625462, "std_var_0": 0.004730385642982826, "_runtime": 68.90283799171448, "train_size": 25, "min_var_1": 0.5034847990882838, "_step": 0, "coregionalized": false, "median_var_1": 2.8641199011920833, "min_var_0": 0.0006075695157397573, "mae_0": 0.06426141383099913, "max_var_1": 15.170285273756292, "std_var_1": 2.1646355450644044, "mean_var_0": 0.005768657182898209, "mae_0_1": 0.06426141383099913, "max_error_0_1": 0.2682766484052115, "max_var_0": 0.03822874128329873}
