{"max_var_1": 0.7910877048636891, "r2_0": 0.981025542331494, "std_var_1": 0.017994869226685042, "max_var_0": 0.04354514592213033, "_timestamp": 1597970415.678472, "std_var_0": 0.0010137031472291418, "train_size": 375, "mean_var_0": 0.034347554172098546, "_step": 0, "mae_0": 0.026116606137211465, "coregionalized": false, "max_error_0": 0.10621619712182895, "min_var_1": 0.606525333610744, "r2_0_1": 0.981025542331494, "mean_var_1": 0.628232769044742, "min_var_0": 0.03312942228085698, "mae_0_1": 0.026116606137211465, "median_var_1": 0.6236346486369992, "max_error_0_1": 0.10621619712182895, "_runtime": 10606.671883106232, "median_var_0": 0.03408878741154547}
