{"mean_var_0": 0.03220431509261435, "mae_0": 0.09423159498259687, "max_var_0": 0.2701614023588882, "r2_0": 0.7848674228845317, "coregionalized": false, "r2_0_1": 0.7848674228845317, "max_error_0_1": 0.47731469539062843, "_step": 0, "_runtime": 765.2285420894623, "min_var_0": 2.6316650139647918e-05, "mae_0_1": 0.09423159498259687, "median_var_1": 0.23081611421586734, "max_var_1": 4.003793320609416, "train_size": 25, "_timestamp": 1597747171.824456, "max_error_0": 0.47731469539062843, "mean_var_1": 0.3135100384417049, "std_var_1": 0.3176896114923166, "std_var_0": 0.027397393557278528, "min_var_1": 0.0033926018760412234, "median_var_0": 0.026403820548980002}
