{"_step": 1, "cv_mean": 0.9429020705570735, "_timestamp": 1599560660.5761092, "_runtime": 6240.4539132118225, "cv_std": 0.007829131564463748}
