{"std_var_0": 0.0014222992063584144, "_step": 0, "_runtime": 1973.3515529632568, "min_var_0": 0.03326014213633743, "max_error_0": 0.153819271547337, "median_var_0": 0.035127092337941875, "mae_0_1": 0.028470251447351085, "mean_var_0": 0.03546955400301834, "median_var_1": 0.7191570910311916, "mae_0": 0.028470251447351085, "std_var_1": 0.050743468201703404, "coregionalized": false, "_timestamp": 1597753257.246596, "max_var_0": 0.04364553225470483, "r2_0": 0.9763536538684373, "min_var_1": 0.6608169360863518, "max_error_0_1": 0.153819271547337, "train_size": 125, "max_var_1": 1.0303016012704207, "mean_var_1": 0.732264672931646, "r2_0_1": 0.9763536538684373}
