{"mean_var_1": 1.1814033675872861, "max_var_0": 0.01855433101432702, "max_var_1": 7.561810310695137, "coregionalized": false, "min_var_0": 0.00038038058857203794, "median_var_1": 1.027783568599034, "median_var_0": 0.0022558741321407894, "mae_0_1": 0.037881236575077804, "max_error_0_1": 0.18369544116298986, "r2_0_1": 0.9594596699831287, "max_error_0": 0.18369544116298986, "mean_var_0": 0.002635997794369945, "train_size": 25, "min_var_1": 0.19003924375658698, "_runtime": 67.91786003112793, "_step": 0, "std_var_0": 0.001763576239678197, "_timestamp": 1596816452.997516, "mae_0": 0.037881236575077804, "r2_0": 0.9594596699831287, "std_var_1": 0.7276448214977015}
