{"max_error_0": 0.32002485081853504, "max_error_0_1": 0.32002485081853504, "min_var_0": 0.041934155759716575, "r2_0": 0.7827996245261888, "median_var_1": 2.6446777926993508, "coregionalized": false, "_runtime": 217.31094002723694, "median_var_0": 0.08311824393004806, "max_var_0": 0.16140003921207144, "max_var_1": 3.187783838791815, "mae_0": 0.07544157993930403, "_step": 0, "std_var_0": 0.021887909040748586, "mae_0_1": 0.07544157993930403, "min_var_1": 1.1957329692538934, "_timestamp": 1597900252.043891, "r2_0_1": 0.7827996245261888, "mean_var_0": 0.08645554161587708, "mean_var_1": 2.6091374672793997, "std_var_1": 0.3209482351740234, "train_size": 25}
