{"max_error_0": 0.08554258234646106, "max_error_0_1": 0.08554258234646106, "mae_0": 0.019987782282233833, "_timestamp": 1596983160.8941271, "r2_0_1": 0.9890366974757929, "mean_var_0": 0.0008113824792699957, "min_var_1": 0.331360334849058, "max_var_1": 0.45554445802330357, "r2_0": 0.9890366974757929, "std_var_0": 2.7602058952437822e-05, "mean_var_1": 0.34684323948399554, "median_var_0": 0.0008042582176487592, "coregionalized": true, "_step": 0, "_runtime": 10543.72494006157, "std_var_1": 0.012988772744078041, "mae_0_1": 0.019987782282233833, "min_var_0": 0.0007784346325544725, "max_var_0": 0.0010399017098895705, "train_size": 750, "median_var_1": 0.3435397305616227}
