{"mae_0_1": 0.022229782660938037, "coregionalized": false, "r2_0": 0.9861491166634127, "min_var_1": 0.316049822834316, "std_var_1": 0.04377199540200616, "median_var_1": 0.35534716648442116, "mean_var_0": 0.000801964941118364, "mae_0": 0.022229782660938037, "_step": 0, "_timestamp": 1596845315.126146, "std_var_0": 7.457409487097922e-05, "max_var_1": 0.7456609927165803, "min_var_0": 0.0007155553301004022, "max_error_0_1": 0.09774523238864585, "median_var_0": 0.0007846891809435749, "_runtime": 12358.936536073685, "max_var_0": 0.0014377136762504835, "mean_var_1": 0.36551443403857836, "max_error_0": 0.09774523238864585, "train_size": 750, "r2_0_1": 0.9861491166634127}
