{"max_error_0": 0.08169084759398126, "max_error_0_1": 0.08169084759398126, "mae_0": 0.019894227724837548, "_timestamp": 1597019754.9192052, "r2_0_1": 0.9891835126135916, "mean_var_0": 0.0006941888511994124, "min_var_1": 0.3083325471838687, "max_var_1": 0.3804097734043974, "r2_0": 0.9891835126135916, "std_var_0": 1.1887951565792679e-05, "mean_var_1": 0.32105184038579787, "median_var_0": 0.0006910315276771132, "coregionalized": false, "_step": 0, "_runtime": 47137.75001811981, "std_var_1": 0.010425749389670443, "mae_0_1": 0.019894227724837548, "min_var_0": 0.0006799519868545349, "max_var_0": 0.0007767643393536775, "train_size": 2000, "median_var_1": 0.31824192088278624}
