{"std_var_0": 0.0009899884372272896, "_step": 0, "_runtime": 4252.554585695267, "min_var_0": 0.030055044428728885, "max_error_0": 0.1303124766912851, "median_var_0": 0.03108434766396784, "mae_0_1": 0.02756550281464182, "mean_var_0": 0.03135878820382121, "median_var_1": 0.5989301978941522, "mae_0": 0.02756550281464182, "std_var_1": 0.02781945170686052, "coregionalized": false, "_timestamp": 1597755536.4496288, "max_var_0": 0.03807425819139599, "r2_0": 0.977542669035208, "min_var_1": 0.5721379845278368, "max_error_0_1": 0.1303124766912851, "train_size": 250, "max_var_1": 0.8011858627425906, "mean_var_1": 0.6072639930885163, "r2_0_1": 0.977542669035208}
