{"cv_mean": 544.8869537905931, "_timestamp": 1599546288.021984, "_step": 1, "_runtime": 23.557419061660767, "cv_std": 399.2470307763302}
