{"mae_0_1": 0.04909453623342824, "coregionalized": false, "r2_0": 0.9118371389430981, "min_var_1": 0.3628003898158738, "std_var_1": 1.2566616773631327, "median_var_1": 1.6218349475502123, "mean_var_0": 0.004177579803977676, "mae_0": 0.04909453623342824, "_step": 0, "_timestamp": 1596832989.0374951, "std_var_0": 0.0028319014512542843, "max_var_1": 9.679428896953937, "min_var_0": 0.0007862927791491003, "max_error_0_1": 0.23166095154682353, "median_var_0": 0.003417447803226281, "_runtime": 32.84788513183594, "max_var_0": 0.023503464532667273, "mean_var_1": 1.9921641314491958, "max_error_0": 0.23166095154682353, "train_size": 25, "r2_0_1": 0.9118371389430981}
