{"std_var_1": 0.040124350753287914, "mae_0_1": 0.027592445375356205, "max_error_0_1": 0.14313316959481703, "max_var_0": 0.047590454429586246, "mean_var_1": 0.5906558329007172, "_step": 0, "max_var_1": 0.9672668254048902, "std_var_0": 0.0017575433262828459, "min_var_0": 0.028597412252015984, "train_size": 187, "mean_var_0": 0.030977146034933345, "max_error_0": 0.14313316959481703, "median_var_1": 0.5805076804121501, "_timestamp": 1597924740.511109, "median_var_0": 0.03053767102177716, "r2_0": 0.9781488115639384, "min_var_1": 0.5371875523951463, "r2_0_1": 0.9781488115639384, "mae_0": 0.027592445375356205, "coregionalized": true, "_runtime": 3409.644191265106}
