{"max_error_0": 0.08886773265654435, "max_error_0_1": 0.08886773265654435, "mae_0": 0.020479937116839167, "_timestamp": 1596983208.574377, "r2_0_1": 0.9885362766566288, "mean_var_0": 0.0008139739728617226, "min_var_1": 0.31953095586869307, "max_var_1": 0.44058551247093913, "r2_0": 0.9885362766566288, "std_var_0": 3.2752513566679554e-05, "mean_var_1": 0.341614870919361, "median_var_0": 0.0008053988187338202, "coregionalized": false, "_step": 0, "_runtime": 10591.405189990997, "std_var_1": 0.017109920111740458, "mae_0_1": 0.020479937116839167, "min_var_0": 0.0007791751979265339, "max_var_0": 0.0011715157654133602, "train_size": 750, "median_var_1": 0.33688589568010496}
