{"coregionalized": false, "median_var_1": 1.9999917756366683, "mean_var_0": 1.999854787033849, "_runtime": 13.24747610092163, "max_var_1": 1.9999999999999984, "max_error_0": 2.723184913341523, "r2_0": -10670.441147378458, "std_var_0": 0.0010920194493533372, "min_var_1": 1.9739924816940297, "max_error_0_1": 2.723184913341523, "mean_var_1": 1.999854787033849, "std_var_1": 0.0010920194493533372, "min_var_0": 1.9739924816940297, "_step": 1, "mae_0_1": 2.128426901034861, "_timestamp": 1596812864.084587, "train_size": 25, "median_var_0": 1.9999917756366683, "r2_0_1": -10670.441147378458, "mae_0": 2.128426901034861, "max_var_0": 1.9999999999999984}
