{"_timestamp": 1596817150.9500391, "_step": 0, "min_var_0": 0.0006324231820176137, "std_var_0": 9.80355502782602e-05, "median_var_0": 0.000708244779729081, "coregionalized": false, "median_var_1": 0.3406402010326149, "max_error_0_1": 0.0885558169542413, "r2_0_1": 0.9860341324261302, "mae_0_1": 0.02117100814088561, "r2_0": 0.9860341324261302, "train_size": 750, "mean_var_0": 0.0007345310775503449, "std_var_1": 0.05330101184568833, "min_var_1": 0.29987115159593875, "_runtime": 565.3672671318054, "max_var_0": 0.0018368428348753936, "mae_0": 0.02117100814088561, "max_error_0": 0.0885558169542413, "mean_var_1": 0.35462666701251505, "max_var_1": 0.957120515572855}
