{"_step": 0, "mean_var_1": 0.9788249202039079, "train_size": 25, "min_var_0": 4.440321810683656e-05, "mae_0_1": 0.09395246684505995, "mean_var_0": 0.0024345699075622234, "std_var_0": 0.00767176814590934, "r2_0_1": 0.7147531353931956, "min_var_1": 0.2542834050634658, "max_error_0_1": 0.5187441476763044, "mae_0": 0.09395246684505995, "median_var_0": 0.0009336251642171334, "coregionalized": true, "std_var_1": 1.7652278079068493, "max_var_1": 29.299206371770428, "max_error_0": 0.5187441476763044, "r2_0": 0.7147531353931956, "max_var_0": 0.13327983379893205, "_timestamp": 1597514324.457195, "_runtime": 2480.993160009384, "median_var_1": 0.6185969866967346}
