{"_runtime": 1751.0018420219421, "_timestamp": 1599548111.099812, "_step": 1, "cv_mean": 425.3787559570208, "cv_std": 303.97923081855265}
