{"mae_0_1": 0.022156370470346815, "coregionalized": false, "r2_0": 0.9865045662119228, "min_var_1": 0.3220287547321369, "std_var_1": 0.04293632759718291, "median_var_1": 0.3621749182550139, "mean_var_0": 0.0007619914429176337, "mae_0": 0.022156370470346815, "_step": 0, "_timestamp": 1596845472.037499, "std_var_0": 8.73888026056179e-05, "max_var_1": 0.7553602289883293, "min_var_0": 0.0006587509263912812, "max_error_0_1": 0.08381527170619885, "median_var_0": 0.0007407788603618888, "_runtime": 12515.847888946533, "max_var_0": 0.0015424501416280696, "mean_var_1": 0.37275992737056984, "max_error_0": 0.08381527170619885, "train_size": 750, "r2_0_1": 0.9865045662119228}
