{"mean_var_1": 0.3773463479487587, "max_var_0": 0.008652891149186992, "max_var_1": 1.5212282561420218, "coregionalized": true, "min_var_0": 0.00013607351511168986, "median_var_1": 0.34169090608685126, "median_var_0": 0.0008155136612630898, "mae_0_1": 0.02757671916227191, "max_error_0_1": 0.13242735182591536, "r2_0_1": 0.9792847845771038, "max_error_0": 0.13242735182591536, "mean_var_0": 0.0010687744452934481, "train_size": 250, "min_var_1": 0.2248225245442065, "_runtime": 135.00804615020752, "_step": 0, "std_var_0": 0.0008769444517943119, "_timestamp": 1596816520.087702, "mae_0": 0.02757671916227191, "r2_0": 0.9792847845771038, "std_var_1": 0.13681363809801458}
