{"mae_0_1": 0.03956506154247864, "median_var_1": 8.191215065241622, "max_error_0_1": 0.1968243139172321, "min_var_0": 0.0003108348634093261, "mae_0": 0.03956506154247864, "mean_var_1": 8.20649446348968, "min_var_1": 8.13843141892822, "mean_var_0": 0.0023973447041822737, "max_var_0": 0.012289524621561299, "max_var_1": 8.52918255695998, "train_size": 25, "std_var_0": 0.0016288581599533329, "_step": 0, "coregionalized": true, "median_var_0": 0.0019289463977134602, "_runtime": 72.04926705360413, "std_var_1": 0.05313420687439539, "r2_0_1": 0.9526864527613119, "max_error_0": 0.1968243139172321, "_timestamp": 1596815417.076818, "r2_0": 0.9526864527613119}
