{"max_var_0": 1.5395437956909186, "max_error_0_1": 2.7396721534701842, "_timestamp": 1596812807.429124, "_runtime": 13.450721979141235, "mae_0": 2.1543199114215943, "train_size": 25, "min_var_1": 1.9212492662948457, "min_var_0": 1.5250102426710144, "mean_var_1": 1.956476948962469, "median_var_1": 1.9566966137837773, "r2_0": -216831.30582146978, "max_var_1": 1.9567049548560318, "std_var_1": 0.0016775934044442496, "max_error_0": 2.7396721534701842, "r2_0_1": -216831.30582146978, "_step": 0, "std_var_0": 0.0006877003680200233, "mean_var_0": 1.5394503064419773, "coregionalized": true, "median_var_0": 1.539540374996545, "mae_0_1": 2.1543199114215943}
