{"max_var_1": 0.864277668717859, "r2_0": 0.9801903364639867, "std_var_1": 0.03473120811098946, "max_var_0": 0.04794286156022649, "_timestamp": 1597962308.9745631, "std_var_0": 0.0015315860131134113, "train_size": 187, "mean_var_0": 0.03676067164507313, "_step": 0, "mae_0": 0.026811980828339427, "coregionalized": false, "max_error_0": 0.12721932790802537, "min_var_1": 0.5710027020380991, "r2_0_1": 0.9801903364639867, "mean_var_1": 0.6175801328539443, "min_var_0": 0.034656863318683284, "mae_0_1": 0.026811980828339427, "median_var_1": 0.6085991214716515, "max_error_0_1": 0.12721932790802537, "_runtime": 2499.9679741859436, "median_var_0": 0.03638570062516748}
