{"_timestamp": 1596817260.755104, "_step": 0, "min_var_0": 0.0001665759930906674, "std_var_0": 0.0009272742111807797, "median_var_0": 0.0007727611387995381, "coregionalized": true, "median_var_1": 0.2966644800234478, "max_error_0_1": 0.11496848687120531, "r2_0_1": 0.9781342146071837, "mae_0_1": 0.02757647980708316, "r2_0": 0.9781342146071837, "train_size": 750, "mean_var_0": 0.0010502780127914447, "std_var_1": 0.0723761475716049, "min_var_1": 0.2453388228747387, "_runtime": 675.1723320484161, "max_var_0": 0.010634714296637426, "mae_0": 0.02757647980708316, "max_error_0": 0.11496848687120531, "mean_var_1": 0.31855741693684986, "max_var_1": 1.0084610658220996}
