{"max_error_0": 0.1312139874462135, "max_error_0_1": 0.1312139874462135, "mae_0": 0.026826828945835723, "_timestamp": 1596973144.082774, "r2_0_1": 0.9790406469662818, "mean_var_0": 0.0008763188510847375, "min_var_1": 0.03245604315301165, "max_var_1": 4.649767802781369, "r2_0": 0.9790406469662818, "std_var_0": 0.0014634107863336651, "mean_var_1": 0.4546899833952853, "median_var_0": 0.0005469684211434345, "coregionalized": false, "_step": 0, "_runtime": 526.9135868549347, "std_var_1": 0.4333068971042002, "mae_0_1": 0.026826828945835723, "min_var_0": 8.475607033764376e-05, "max_var_0": 0.026785411951338656, "train_size": 250, "median_var_1": 0.34041008743668044}
