{"_timestamp": 1599555832.76547, "cv_mean": 0.9468618385339971, "_step": 1, "_runtime": 1406.1973929405212, "cv_std": 0.004889474080692841}
