{"max_var_1": 1.2862179292936848, "r2_0": 0.9775628241697512, "std_var_1": 0.08019288769144896, "max_var_0": 0.05628388090560662, "_timestamp": 1597961779.4905012, "std_var_0": 0.0031505498110244545, "train_size": 187, "mean_var_0": 0.03300876794763158, "_step": 0, "mae_0": 0.028133705757309998, "coregionalized": true, "max_error_0": 0.10680189840696164, "min_var_1": 0.602240864274966, "r2_0_1": 0.9775628241697512, "mean_var_1": 0.7011548505530972, "min_var_0": 0.029142229279907, "mae_0_1": 0.028133705757309998, "median_var_1": 0.6781334366950702, "max_error_0_1": 0.10680189840696164, "_runtime": 1970.483912229538, "median_var_0": 0.03209362423460454}
