{"mae_0_1": 0.020727320580554046, "median_var_1": 0.3135693523461649, "max_error_0_1": 0.12995242744875224, "min_var_0": 0.0006421754405860094, "mae_0": 0.020727320580554046, "mean_var_1": 0.3278944370323918, "min_var_1": 0.27504258631579237, "mean_var_0": 0.0007608314648366952, "max_var_0": 0.0015738779119342265, "max_var_1": 0.6910078987337309, "train_size": 750, "std_var_0": 0.0001080656786644404, "_step": 0, "coregionalized": false, "median_var_0": 0.0007283085697803751, "_runtime": 312.2330811023712, "std_var_1": 0.04828161514563798, "r2_0_1": 0.9867316866283563, "max_error_0": 0.12995242744875224, "_timestamp": 1596815657.260632, "r2_0": 0.9867316866283563}
