{"mean_var_0": 1.3188134190864392e-05, "mae_0": 0.2025033503373559, "max_var_0": 2.0271913634493055e-05, "r2_0": -2783726.3948458554, "coregionalized": true, "r2_0_1": -2783726.3948458554, "max_error_0_1": 0.6602358487221625, "_step": 0, "_runtime": 109.1706440448761, "min_var_0": 2.058813834613326e-06, "mae_0_1": 0.2025033503373559, "median_var_1": 1.7959385778799815, "max_var_1": 1.7963002238393544, "train_size": 2, "_timestamp": 1597746515.766558, "max_error_0": 0.6602358487221625, "mean_var_1": 1.7959187350430759, "std_var_1": 0.00017247780725547883, "std_var_0": 3.202701514077668e-06, "min_var_1": 1.7953193782928751, "median_var_0": 1.3556591354910673e-05}
