{"max_var_1": 0.7803461915243741, "r2_0": 0.9806358391386449, "std_var_1": 0.02163104892359692, "max_var_0": 0.0496181453189741, "_timestamp": 1597967226.0621178, "std_var_0": 0.001309898317372367, "train_size": 375, "mean_var_0": 0.037646035814417195, "_step": 0, "mae_0": 0.026558574596903146, "coregionalized": true, "max_error_0": 0.1097109799799183, "min_var_1": 0.5566736530288178, "r2_0_1": 0.9806358391386449, "mean_var_1": 0.5824675634013742, "min_var_0": 0.03607538907248314, "mae_0_1": 0.026558574596903146, "median_var_1": 0.5767542543817381, "max_error_0_1": 0.1097109799799183, "_runtime": 7417.055528879166, "median_var_0": 0.03730370174854885}
