{"max_error_0": 0.08363677140547177, "max_error_0_1": 0.08363677140547177, "mae_0": 0.01999416847920789, "_timestamp": 1597016169.1081228, "r2_0_1": 0.9891001619126097, "mean_var_0": 0.0007047087387938874, "min_var_1": 0.307089393569605, "max_var_1": 0.38168544779451724, "r2_0": 0.9891001619126097, "std_var_0": 1.278917772330613e-05, "mean_var_1": 0.3224952994287014, "median_var_0": 0.0007014482596365623, "coregionalized": false, "_step": 0, "_runtime": 43551.93893575668, "std_var_1": 0.01175239647602923, "mae_0_1": 0.01999416847920789, "min_var_0": 0.0006894842370035247, "max_var_0": 0.000791367599734839, "train_size": 2000, "median_var_1": 0.31954804175821766}
