{"r2_0_1": 0.8216428178392543, "min_var_0": 0.017760992899544067, "max_var_0": 0.1683514770442841, "median_var_0": 0.07410916691790641, "r2_0": 0.8216428178392543, "_runtime": 278.6823420524597, "min_var_1": 1.2277736049105632, "std_var_1": 0.48074637738619497, "coregionalized": true, "mean_var_0": 0.07765938097500195, "mean_var_1": 2.1474812244883816, "max_error_0": 0.3383400938375347, "mae_0": 0.0848346635455799, "train_size": 18, "_timestamp": 1597982340.170861, "max_var_1": 3.985061654141664, "median_var_1": 2.0756165542614586, "mae_0_1": 0.0848346635455799, "_step": 0, "max_error_0_1": 0.3383400938375347, "std_var_0": 0.025040462392433113}
