{"mae_0_1": 0.027452428292519142, "median_var_1": 0.3529534102988553, "max_error_0_1": 0.13340798873777882, "min_var_0": 0.00014538349106274495, "mae_0": 0.027452428292519142, "mean_var_1": 0.3737659755311279, "min_var_1": 0.29556678917774415, "mean_var_0": 0.001013988485492031, "max_var_0": 0.007180143386113613, "max_var_1": 0.8355338343185995, "train_size": 750, "std_var_0": 0.0008180631681512058, "_step": 0, "coregionalized": true, "median_var_0": 0.0007636499164043187, "_runtime": 806.3985559940338, "std_var_1": 0.06786008711983378, "r2_0_1": 0.9770000190914102, "max_error_0": 0.13340798873777882, "_timestamp": 1596816151.426107, "r2_0": 0.9770000190914102}
