{"max_var_1": 7.637541569265362, "r2_0_1": 0.96885819912427, "max_var_0": 0.007825299471443614, "r2_0": 0.96885819912427, "mean_var_0": 0.001993079503739395, "_runtime": 320.873348236084, "mean_var_1": 3.1868939166891903, "median_var_0": 0.0017666783993099955, "max_error_0": 0.12581279651847543, "mae_0_1": 0.03286802180520106, "_timestamp": 1596815088.869925, "_step": 1, "std_var_0": 0.0010909014339853457, "train_size": 25, "max_error_0_1": 0.12581279651847543, "std_var_1": 0.8638836876095624, "min_var_1": 1.7913653052930372, "mae_0": 0.03286802180520106, "min_var_0": 0.00018240019760007442, "coregionalized": false, "median_var_1": 3.0212698672301697}
