{"std_var_1": 0.05017665552406689, "mae_0_1": 0.030146909511762875, "max_error_0_1": 0.15311944648612474, "max_var_0": 0.06569497247463, "mean_var_1": 0.7168938244833017, "_step": 0, "max_var_1": 1.1222860794111138, "std_var_0": 0.003704209021672275, "min_var_0": 0.031217575109382754, "train_size": 93, "mean_var_0": 0.03641249377135565, "max_error_0": 0.15311944648612474, "median_var_1": 0.7048319695816792, "_timestamp": 1597922387.199088, "median_var_0": 0.035463189754186955, "r2_0": 0.973705964294354, "min_var_1": 0.6438176080124521, "r2_0_1": 0.973705964294354, "mae_0": 0.030146909511762875, "coregionalized": false, "_runtime": 1056.3321702480316}
