{"max_error_0_1": 0.6321125279664481, "r2_0_1": -1522003.1234386973, "std_var_1": 2.3769177583998283e-05, "min_var_1": 4.4584200377442125, "r2_0": -1522003.1234386973, "_runtime": 10.49531102180481, "max_var_1": 4.458827040961999, "max_error_0": 0.6321125279664481, "min_var_0": 0.2269765081765971, "mean_var_0": 0.22699714021856535, "mae_0_1": 0.1985391381628274, "mae_0": 0.1985391381628274, "median_var_0": 0.22699722854555685, "std_var_0": 1.2100800024625322e-06, "mean_var_1": 4.458825305716963, "_timestamp": 1597405605.320705, "train_size": 2, "_step": 0, "median_var_1": 4.458827040693115, "coregionalized": false, "max_var_0": 0.22699722855924565}
