{"r2_0_1": 0.9791752347370039, "min_var_0": 0.03370225302441389, "max_var_0": 0.06275423528587709, "median_var_0": 0.038391378262392, "r2_0": 0.9791752347370039, "_runtime": 1064.9307639598846, "min_var_1": 0.5331097252130492, "std_var_1": 0.08545158213230948, "coregionalized": true, "mean_var_0": 0.039268878676022835, "mean_var_1": 0.6624082121939652, "max_error_0": 0.13446990658756786, "mae_0": 0.02777780815535355, "train_size": 93, "_timestamp": 1597983126.419283, "max_var_1": 1.1933873849165213, "median_var_1": 0.6421031964452522, "mae_0_1": 0.02777780815535355, "_step": 0, "max_error_0_1": 0.13446990658756786, "std_var_0": 0.0037110747532271195}
