{"_step": 1, "_timestamp": 1599564916.2055838, "cv_mean": 0.9601680930739708, "_runtime": 10492.499195814133, "cv_std": 0.005523567978753468}
