{"_timestamp": 1596816998.125854, "_step": 0, "min_var_0": 0.00017036144087878569, "std_var_0": 0.0009390836191612209, "median_var_0": 0.0007417532216082989, "coregionalized": true, "median_var_1": 0.3517945694750448, "max_error_0_1": 0.1049470678867177, "r2_0_1": 0.9797347281136812, "mae_0_1": 0.02641509063195019, "r2_0": 0.9797347281136812, "train_size": 750, "mean_var_0": 0.0009916255584355525, "std_var_1": 0.07137385442372422, "min_var_1": 0.2984472089172083, "_runtime": 412.5430819988251, "max_var_0": 0.013301588360410399, "mae_0": 0.02641509063195019, "max_error_0": 0.1049470678867177, "mean_var_1": 0.37049604176140166, "max_var_1": 1.2090894992254686}
