{"_runtime": 33.56167912483215, "mae_0": 0.0371085175855799, "_step": 0, "mean_var_0": 0.0008089475753932419, "mae_0_1": 0.0371085175855799, "max_var_0": 0.004847020042499484, "train_size": 25, "median_var_0": 0.0006703784753545605, "median_var_1": 0.5238776923879414, "max_var_1": 3.787868979660743, "r2_0_1": 0.96011090041479, "min_var_0": 9.669715946181157e-05, "std_var_0": 0.0005640131758225446, "mean_var_1": 0.632172548889411, "max_error_0_1": 0.20694899821084745, "r2_0": 0.96011090041479, "_timestamp": 1596971347.0969331, "std_var_1": 0.44076651775643483, "min_var_1": 0.07556276806099049, "coregionalized": true, "max_error_0": 0.20694899821084745}
