{"_step": 1, "_timestamp": 1599563110.9709282, "cv_mean": 0.9588593583499208, "_runtime": 8687.264540195465, "cv_std": 0.005234892242467556}
