{"_step": 0, "mean_var_1": 0.3505910766862595, "train_size": 1250, "min_var_0": 0.001035513579272735, "mae_0_1": 0.025382916474452052, "mean_var_0": 0.001051698977396488, "std_var_0": 2.4712394424675294e-05, "r2_0_1": 0.9821972198949787, "min_var_1": 0.34580245867821796, "max_error_0_1": 0.1190954099347068, "mae_0": 0.025382916474452052, "median_var_0": 0.0010461046829610195, "coregionalized": true, "std_var_1": 0.006921074255504645, "max_var_1": 0.45295718676082325, "max_error_0": 0.1190954099347068, "r2_0": 0.9821972198949787, "max_var_0": 0.0014078156406517946, "_timestamp": 1597544620.459192, "_runtime": 32776.9951570034, "median_var_1": 0.3491438084240421}
