{"std_var_0": 0.003604119329575828, "_step": 0, "_runtime": 371.44498205184937, "min_var_0": 0.0017861334670333092, "max_error_0": 0.3838404523986827, "median_var_0": 0.005234951499574688, "mae_0_1": 0.06731283174239064, "mean_var_0": 0.006276391904124721, "median_var_1": 4.054292088848129, "mae_0": 0.06731283174239064, "std_var_1": 1.5674205286982579, "coregionalized": true, "_timestamp": 1597751655.3400252, "max_var_0": 0.022194239125828116, "r2_0": 0.8401705355012398, "min_var_1": 2.3534426932217376, "max_error_0_1": 0.3838404523986827, "train_size": 25, "max_var_1": 11.276600792086711, "mean_var_1": 4.503441293040236, "r2_0_1": 0.8401705355012398}
