{"_timestamp": 1596961961.592682, "median_var_0": 0.0007453210264647403, "train_size": 250, "r2_0_1": 0.9797312514947687, "min_var_1": 0.26535498236848265, "median_var_1": 0.3804242576551402, "std_var_0": 0.0011458741781970709, "_runtime": 5983.953131914139, "mae_0": 0.026407274014820212, "mae_0_1": 0.026407274014820212, "max_var_0": 0.020632256761692336, "coregionalized": true, "_step": 0, "mean_var_0": 0.0010150674073155592, "max_var_1": 3.3575216542786324, "max_error_0": 0.11684362090144429, "std_var_1": 0.18171468420588982, "mean_var_1": 0.422874434144478, "max_error_0_1": 0.11684362090144429, "r2_0": 0.9797312514947687, "min_var_0": 0.00013358001647345574}
