{"median_var_0": 0.0007176842795755256, "max_error_0": 0.09883933088338948, "r2_0_1": 0.9798800901418487, "mean_var_1": 0.5966263205427372, "_timestamp": 1596871742.693553, "r2_0": 0.9798800901418487, "std_var_0": 0.0009146762520570397, "_runtime": 568.5332498550415, "train_size": 250, "min_var_1": 0.12768447064415514, "_step": 0, "coregionalized": false, "median_var_1": 0.4315055574803069, "min_var_0": 0.00020532798833450272, "mae_0": 0.026438822903583202, "max_var_1": 3.2741693989530063, "std_var_1": 0.4805103785227501, "mean_var_0": 0.0010330326115857136, "mae_0_1": 0.026438822903583202, "max_error_0_1": 0.09883933088338948, "max_var_0": 0.006492267127889528}
