{"max_error_0_1": 0.1133981086473379, "r2_0_1": 0.9813371701038021, "std_var_1": 0.0063508347930084485, "min_var_1": 0.6213024034652728, "r2_0": 0.9813371701038021, "_runtime": 282.18270897865295, "max_var_1": 0.6620631083158068, "max_error_0": 0.1133981086473379, "min_var_0": 0.03436986816411547, "mean_var_0": 0.035022335089336734, "mae_0_1": 0.02575152026392233, "mae_0": 0.02575152026392233, "median_var_0": 0.03496840673565787, "std_var_0": 0.00035616750149869745, "mean_var_1": 0.6332978241848269, "_timestamp": 1597405877.008103, "train_size": 250, "_step": 0, "median_var_1": 0.6325627163529259, "coregionalized": false, "max_var_0": 0.03701181150885608}
