{"max_var_1": 2.7918438769675062, "r2_0": 0.7872404373396702, "std_var_1": 0.011065117412966048, "max_var_0": 0.12484807884913461, "_timestamp": 1597960098.610236, "std_var_0": 0.017304967269607653, "train_size": 18, "mean_var_0": 0.05769865487298282, "_step": 0, "mae_0": 0.07943126416116796, "coregionalized": true, "max_error_0": 0.33178263179404044, "min_var_1": 2.7176654569381693, "r2_0_1": 0.7872404373396702, "mean_var_1": 2.7334180707388698, "min_var_0": 0.021022211465711236, "mae_0_1": 0.07943126416116796, "median_var_1": 2.7303744169486563, "max_error_0_1": 0.33178263179404044, "_runtime": 289.6036469936371, "median_var_0": 0.05484331165203652}
