{"mae_0_1": 0.04271159490274739, "coregionalized": false, "r2_0": 0.9461366403459919, "min_var_1": 0.17983889789093155, "std_var_1": 1.1704482049785043, "median_var_1": 1.5238819819740002, "mean_var_0": 0.004888798191380157, "mae_0": 0.04271159490274739, "_step": 0, "_timestamp": 1596833022.2726212, "std_var_0": 0.0031851687863365613, "max_var_1": 8.465040085132728, "min_var_0": 0.000458567456804726, "max_error_0_1": 0.2280332820954838, "median_var_0": 0.004004332889425921, "_runtime": 66.08301115036011, "max_var_0": 0.02313635493700117, "mean_var_1": 1.8449893427597825, "max_error_0": 0.2280332820954838, "train_size": 25, "r2_0_1": 0.9461366403459919}
