{"_runtime": 1118.3669290542603, "_timestamp": 1599547478.464899, "_step": 1, "cv_mean": 366.3114004345294, "cv_std": 252.539924252346}
