{"r2_0": 0.8106921729692832, "median_var_0": 0.0020213783233593574, "max_error_0_1": 0.29950841549035623, "max_var_0": 0.032070952779226225, "train_size": 25, "_runtime": 199.23101997375488, "_timestamp": 1597431372.548332, "_step": 0, "std_var_1": 0.1266818114775044, "r2_0_1": 0.8106921729692832, "min_var_1": 8.236155762466218, "std_var_0": 0.003679084061731348, "max_error_0": 0.29950841549035623, "min_var_0": 1.2214796285547891e-08, "coregionalized": true, "mae_0_1": 0.074448121459513, "mean_var_0": 0.0033121223662355504, "mean_var_1": 8.350201570269832, "max_var_1": 9.34045367420729, "mae_0": 0.074448121459513, "median_var_1": 8.305757412223421}
