{"mae_0_1": 0.026910070889201176, "median_var_1": 0.4492666073145279, "max_error_0_1": 0.12723274213238867, "min_var_0": 0.00022500574087214176, "mae_0": 0.026910070889201176, "mean_var_1": 0.4873676664044621, "min_var_1": 0.3139471300366245, "mean_var_0": 0.0013460521312105, "max_var_0": 0.007749995892126549, "max_var_1": 1.3823455869365808, "train_size": 250, "std_var_0": 0.0009964326608653596, "_step": 0, "coregionalized": true, "median_var_0": 0.00106146152204456, "_runtime": 233.71728801727295, "std_var_1": 0.1427147778490404, "r2_0_1": 0.9792176508843984, "max_error_0": 0.12723274213238867, "_timestamp": 1596815578.744839, "r2_0": 0.9792176508843984}
