{"mae_0_1": 0.04304766263410272, "median_var_1": 1.306154120893325, "max_error_0_1": 0.20148484449656445, "min_var_0": 0.0019678647390313775, "mae_0": 0.04304766263410272, "mean_var_1": 1.6175222100434004, "min_var_1": 0.2064507384350236, "mean_var_0": 0.006544950273583845, "max_var_0": 0.022221607896153295, "max_var_1": 6.495655357393616, "train_size": 25, "std_var_0": 0.003490959234982031, "_step": 0, "coregionalized": false, "median_var_0": 0.005607378734025226, "_runtime": 127.93808317184448, "std_var_1": 1.0849467213075088, "r2_0_1": 0.9381204843748303, "max_error_0": 0.20148484449656445, "_timestamp": 1596815472.965634, "r2_0": 0.9381204843748303}
