{"_timestamp": 1597475010.145612, "max_var_0": 0.0737188701825886, "_runtime": 1103.0659267902374, "std_var_0": 0.004532455178596568, "r2_0": 0.9420044198030734, "mean_var_0": 0.0020636172503834898, "mae_0": 0.040715088808749404, "min_var_1": 0.32533104536735574, "r2_0_1": 0.9420044198030734, "mean_var_1": 0.7888735989305424, "_step": 0, "std_var_1": 0.851401517668101, "max_var_1": 14.077679382765773, "max_error_0_1": 0.2862048183922079, "median_var_1": 0.6336289816446687, "median_var_0": 0.0012248866196387129, "coregionalized": true, "min_var_0": 4.2280918270523776e-05, "train_size": 250, "max_error_0": 0.2862048183922079, "mae_0_1": 0.040715088808749404}
