{"mean_var_0": 0.020199824580637262, "mae_0": 0.07551533466291362, "max_var_0": 0.20416548741973325, "r2_0": 0.8228463723286543, "coregionalized": false, "r2_0_1": 0.8228463723286543, "max_error_0_1": 0.5185396773322375, "_step": 0, "_runtime": 308.3036081790924, "min_var_0": 0.0026095632205627595, "mae_0_1": 0.07551533466291362, "median_var_1": NaN, "max_var_1": NaN, "train_size": 25, "_timestamp": 1597746714.899522, "max_error_0": 0.5185396773322375, "mean_var_1": NaN, "std_var_1": NaN, "std_var_0": 0.018040481888972667, "min_var_1": NaN, "median_var_0": 0.014673739195699375}
