{"max_error_0": 0.14249805799343473, "max_error_0_1": 0.14249805799343473, "mae_0": 0.027532077007472105, "_timestamp": 1596973089.842827, "r2_0_1": 0.9783410133098281, "mean_var_0": 0.0006593007085526767, "min_var_1": 0.04967664629738522, "max_var_1": 3.6631325510950745, "r2_0": 0.9783410133098281, "std_var_0": 0.0007045484587675729, "mean_var_1": 0.39159436337354236, "median_var_0": 0.00047245053307731766, "coregionalized": false, "_step": 0, "_runtime": 472.6736400127411, "std_var_1": 0.30728488583253594, "mae_0_1": 0.027532077007472105, "min_var_0": 7.401777849858071e-05, "max_var_0": 0.007670124252535215, "train_size": 250, "median_var_1": 0.3066273217602742}
