{"_timestamp": 1596817013.280778, "_step": 0, "min_var_0": 0.0006722355286963205, "std_var_0": 0.00010499012330514575, "median_var_0": 0.0007528527277140723, "coregionalized": false, "median_var_1": 0.3452591916139892, "max_error_0_1": 0.0876009438596892, "r2_0_1": 0.9869084324539134, "mae_0_1": 0.021124814753808015, "r2_0": 0.9869084324539134, "train_size": 750, "mean_var_0": 0.000780906456743868, "std_var_1": 0.04925590301033325, "min_var_1": 0.3075108484064214, "_runtime": 427.6980059146881, "max_var_0": 0.0020219652120796365, "mae_0": 0.021124814753808015, "max_error_0": 0.0876009438596892, "mean_var_1": 0.35836817623482337, "max_var_1": 0.9400857621131974}
