{"_timestamp": 1596963384.0833972, "median_var_0": 0.0006876133307081034, "train_size": 250, "r2_0_1": 0.9783555115286231, "min_var_1": 0.06817491856432413, "median_var_1": 0.39381172222660155, "std_var_0": 0.0008883162303952398, "_runtime": 7406.443847179413, "mae_0": 0.02709581898918384, "mae_0_1": 0.02709581898918384, "max_var_0": 0.013935262291208339, "coregionalized": false, "_step": 0, "mean_var_0": 0.0009122557296827736, "max_var_1": 6.518085104157393, "max_error_0": 0.12790867606700607, "std_var_1": 0.4469837731600785, "mean_var_1": 0.5094876568345654, "max_error_0_1": 0.12790867606700607, "r2_0": 0.9783555115286231, "min_var_0": 0.00011544571182420249}
