{"r2_0_1": 0.9805281585831532, "min_var_0": 0.031888154189950196, "max_var_0": 0.039075647456520146, "median_var_0": 0.03278801086720462, "r2_0": 0.9805281585831532, "_runtime": 10794.706209897995, "min_var_1": 0.5541885400478176, "std_var_1": 0.022127742772808715, "coregionalized": true, "mean_var_0": 0.03297785041788186, "mean_var_1": 0.5837013571504707, "max_error_0": 0.12907531340043965, "mae_0": 0.026555169579410058, "train_size": 375, "_timestamp": 1597992856.1947289, "max_var_1": 0.7537562333696958, "median_var_1": 0.5780976479311537, "mae_0_1": 0.026555169579410058, "_step": 0, "max_error_0_1": 0.12907531340043965, "std_var_0": 0.0007896422202963092}
