{"_step": 1, "cv_mean": 0.9500107951311021, "_timestamp": 1599563702.320826, "_runtime": 9282.198630094528, "cv_std": 0.006668117314632457}
