{"_runtime": 591.240266084671, "mae_0": 0.03725784100672196, "_step": 0, "mean_var_0": 0.0018807473321487435, "mae_0_1": 0.03725784100672196, "max_var_0": 0.014336142068561307, "train_size": 25, "median_var_0": 0.0014054408378177273, "median_var_1": 0.25995274580122896, "max_var_1": 9.962063105656853, "r2_0_1": 0.9535959251707155, "min_var_0": 0.00015585077001727265, "std_var_0": 0.0017011943046832596, "mean_var_1": 0.37743767644880355, "max_error_0_1": 0.14243293620654018, "r2_0": 0.9535959251707155, "_timestamp": 1596971904.77552, "std_var_1": 0.5144608278136806, "min_var_1": 0.03717439330034722, "coregionalized": false, "max_error_0": 0.14243293620654018}
