{"mean_var_1": 1.5012941339858477, "max_var_0": 0.017796326323039402, "max_var_1": 5.655571784369868, "coregionalized": true, "min_var_0": 0.0006750004030271484, "median_var_1": 1.3440316619745825, "median_var_0": 0.0030737917999510422, "mae_0_1": 0.05431588252518973, "max_error_0_1": 0.18840017567099387, "r2_0_1": 0.9228936010961017, "max_error_0": 0.18840017567099387, "mean_var_0": 0.00350829205323751, "train_size": 25, "min_var_1": 0.5383848484717925, "_runtime": 18.35027313232422, "_step": 0, "std_var_0": 0.002153755201035516, "_timestamp": 1596816403.429929, "mae_0": 0.05431588252518973, "r2_0": 0.9228936010961017, "std_var_1": 0.699229044400822}
