{"std_var_1": 0.0471734128507442, "mae_0_1": 0.027420275986714576, "max_error_0_1": 0.13942755989666322, "max_var_0": 0.051643265174476836, "mean_var_1": 0.6105717987184264, "_step": 0, "max_var_1": 1.0933295315075833, "std_var_0": 0.0017332479755646072, "min_var_0": 0.031223640076501774, "train_size": 187, "mean_var_0": 0.03365215839150616, "max_error_0": 0.13942755989666322, "median_var_1": 0.5997409578220713, "_timestamp": 1597923374.608532, "median_var_0": 0.033254326389872274, "r2_0": 0.97887559311733, "min_var_1": 0.5451916921612694, "r2_0_1": 0.97887559311733, "mae_0": 0.027420275986714576, "coregionalized": true, "_runtime": 2043.7416141033173}
