{"_timestamp": 1599564891.902594, "cv_mean": 0.9492610755707869, "_step": 1, "_runtime": 10465.334517002106, "cv_std": 0.0051095850109853175}
