{"_runtime": 2392.8534319400787, "_timestamp": 1599548752.951402, "_step": 1, "cv_mean": 456.0632582136671, "cv_std": 326.3220410981652}
