{"max_var_1": 4.4495755175893645, "r2_0": 0.8231801746438119, "std_var_1": 0.4418253758484076, "max_var_0": 0.20207272847387403, "_timestamp": 1597960061.903884, "std_var_0": 0.025108168610924107, "train_size": 18, "mean_var_0": 0.07860074841134629, "_step": 0, "mae_0": 0.08008511472237827, "coregionalized": true, "max_error_0": 0.3008836196164628, "min_var_1": 1.4450485758009521, "r2_0_1": 0.8231801746438119, "mean_var_1": 2.2487397645368534, "min_var_0": 0.0038206426400746746, "mae_0_1": 0.08008511472237827, "median_var_1": 2.176941814587712, "max_error_0_1": 0.3008836196164628, "_runtime": 252.89729499816895, "median_var_0": 0.07550878662654417}
