{"max_var_1": 0.9291549336648526, "r2_0": 0.9789600710507486, "std_var_1": 0.04118095384539536, "max_var_0": 0.06626896893175825, "_timestamp": 1597961047.9854279, "std_var_0": 0.0032640302232013344, "train_size": 93, "mean_var_0": 0.04169380200172777, "_step": 0, "mae_0": 0.028130989226056793, "coregionalized": false, "max_error_0": 0.12780874523145647, "min_var_1": 0.5593826533878505, "r2_0_1": 0.9789600710507486, "mean_var_1": 0.6167110059385585, "min_var_0": 0.03721319062976489, "mae_0_1": 0.028130989226056793, "median_var_1": 0.6071678583259512, "max_error_0_1": 0.12780874523145647, "_runtime": 1238.9788389205933, "median_var_0": 0.04091531869614072}
