{"_timestamp": 1599556524.4915829, "cv_mean": 0.9106799158689342, "_step": 1, "_runtime": 2097.923505783081, "cv_std": 0.008829726440771075}
