{"_timestamp": 1596970097.293856, "median_var_0": 0.0007196031145440908, "train_size": 750, "r2_0_1": 0.9853360541779735, "min_var_1": 0.30689695721277493, "median_var_1": 0.3472583281614057, "std_var_0": 0.00015165480956674457, "_runtime": 14119.654305934906, "mae_0": 0.022643234541681323, "mae_0_1": 0.022643234541681323, "max_var_0": 0.0031638961623884168, "coregionalized": false, "_step": 0, "mean_var_0": 0.0007550412430866822, "max_var_1": 1.4673969085083804, "max_error_0": 0.10186650964760258, "std_var_1": 0.0700391103396144, "mean_var_1": 0.3639893236410538, "max_error_0_1": 0.10186650964760258, "r2_0": 0.9853360541779735, "min_var_0": 0.000632676374554867}
