{"_timestamp": 1599571316.75585, "cv_mean": 0.9502986783551929, "_step": 1, "_runtime": 16890.187772989273, "cv_std": 0.00411152806567705}
