{"median_var_0": 0.0006903197382666093, "max_error_0": 0.101047321016138, "r2_0_1": 0.97956658336979, "mean_var_1": 0.46072445835477566, "_timestamp": 1596871270.3389912, "r2_0": 0.97956658336979, "std_var_0": 0.0009036454747605237, "_runtime": 96.1786880493164, "train_size": 250, "min_var_1": 0.30221418660340416, "_step": 0, "coregionalized": true, "median_var_1": 0.40840173411600855, "min_var_0": 0.00019599686681370798, "mae_0": 0.026623889823624732, "max_var_1": 1.3816732769001272, "std_var_1": 0.15901498745587808, "mean_var_0": 0.001001053684177637, "mae_0_1": 0.026623889823624732, "max_error_0_1": 0.101047321016138, "max_var_0": 0.006473696851738708}
