{"_timestamp": 1596816755.192595, "_step": 0, "min_var_0": 0.0001392975915317507, "std_var_0": 0.0008263546466797905, "median_var_0": 0.0008533387029383555, "coregionalized": false, "median_var_1": 0.39512143347019446, "max_error_0_1": 0.2071611970093361, "r2_0_1": 0.9760335111679245, "mae_0_1": 0.02794767264274759, "r2_0": 0.9760335111679245, "train_size": 250, "mean_var_0": 0.001056797013989843, "std_var_1": 0.35229029210373747, "min_var_1": 0.0672204239067753, "_runtime": 169.60982298851013, "max_var_0": 0.007863025573761506, "mae_0": 0.02794767264274759, "max_error_0": 0.2071611970093361, "mean_var_1": 0.482845275468205, "max_var_1": 3.1830183344197707}
