{"_timestamp": 1599554660.908326, "cv_mean": 0.9376164270809462, "_step": 1, "_runtime": 234.3402488231659, "cv_std": 0.00456660129312683}
