{"r2_0_1": 0.8206330889285577, "min_var_0": 0.02156294569456863, "max_var_0": 0.18625053795848656, "median_var_0": 0.08876374058387837, "r2_0": 0.8206330889285577, "_runtime": 290.28392004966736, "min_var_1": 1.2445381279300503, "std_var_1": 0.16224536298772485, "coregionalized": false, "mean_var_0": 0.09137686190708118, "mean_var_1": 2.7303206010285934, "max_error_0": 0.3169624498929742, "mae_0": 0.08089501601385415, "train_size": 18, "_timestamp": 1597982351.772439, "max_var_1": 2.8974827270735997, "median_var_1": 2.77716704874837, "mae_0_1": 0.08089501601385415, "_step": 0, "max_error_0_1": 0.3169624498929742, "std_var_0": 0.02689877049226931}
