{"max_var_1": 0.9546925767751687, "r2_0": 0.9799494549477438, "std_var_1": 0.038757844791898886, "max_var_0": 0.04602515009983952, "_timestamp": 1597961836.633513, "std_var_0": 0.0018107689400376646, "train_size": 187, "mean_var_0": 0.032526508497668825, "_step": 0, "mae_0": 0.026751377861856156, "coregionalized": false, "max_error_0": 0.09788146955785626, "min_var_1": 0.6175703261008021, "r2_0_1": 0.9799494549477438, "mean_var_1": 0.6659244868452071, "min_var_0": 0.030259169801081936, "mae_0_1": 0.026751377861856156, "median_var_1": 0.6554932534902143, "max_error_0_1": 0.09788146955785626, "_runtime": 2027.6269240379333, "median_var_0": 0.03204655818371969}
