{"mean_var_1": 1.4211408206787022, "max_var_0": 0.014343928107196672, "max_var_1": 6.967809498832253, "coregionalized": false, "min_var_0": 0.0003910786429513182, "median_var_1": 1.2756667276126734, "median_var_0": 0.0024540993334438966, "mae_0_1": 0.034212189797465854, "max_error_0_1": 0.12607995129555816, "r2_0_1": 0.9654413887853236, "max_error_0": 0.12607995129555816, "mean_var_0": 0.0027970212042086858, "train_size": 25, "min_var_1": 0.22490947214393486, "_runtime": 114.47877097129822, "_step": 0, "std_var_0": 0.001568995560049077, "_timestamp": 1596816499.5584269, "mae_0": 0.034212189797465854, "r2_0": 0.9654413887853236, "std_var_1": 0.7505732992876609}
