{"std_var_1": 0.30059496664511925, "mae_0_1": 0.06785703625386816, "max_error_0_1": 0.3584875761951234, "max_var_0": 0.1527897778340958, "mean_var_1": 1.5189190537821777, "_step": 0, "max_var_1": 2.9876960848715846, "std_var_0": 0.01933523520309472, "min_var_0": 0.00332545731924336, "train_size": 18, "mean_var_0": 0.0651455175315838, "max_error_0": 0.3584875761951234, "median_var_1": 1.469337113740677, "_timestamp": 1597921540.8170722, "median_var_0": 0.06270621368674947, "r2_0": 0.8880716532316931, "min_var_1": 0.9087197148486762, "r2_0_1": 0.8880716532316931, "mae_0": 0.06785703625386816, "coregionalized": true, "_runtime": 209.9501543045044}
