{"max_var_1": 0.6956654044238233, "r2_0": 0.981347518792398, "std_var_1": 0.01369969996402614, "max_var_0": 0.04721138875387601, "_timestamp": 1597967380.266906, "std_var_0": 0.0010428337594936895, "train_size": 375, "mean_var_0": 0.0380151735632095, "_step": 0, "mae_0": 0.02604331986884376, "coregionalized": false, "max_error_0": 0.11384611522113453, "min_var_1": 0.5588589135920227, "r2_0_1": 0.981347518792398, "mean_var_1": 0.5758972552719278, "min_var_0": 0.036739775318745144, "mae_0_1": 0.02604331986884376, "median_var_1": 0.57233728970538, "max_error_0_1": 0.11384611522113453, "_runtime": 7571.2603170871735, "median_var_0": 0.037745463621166805}
