{"max_error_0": 0.14324746761928386, "max_error_0_1": 0.14324746761928386, "mae_0": 0.025802557426978876, "_timestamp": 1596978312.679231, "r2_0_1": 0.981189228625323, "mean_var_0": 0.000762632791253299, "min_var_1": 0.31814353275510515, "max_var_1": 0.5761928033800354, "r2_0": 0.981189228625323, "std_var_0": 0.0005385336514615273, "mean_var_1": 0.35668015615455206, "median_var_0": 0.000625995624121245, "coregionalized": true, "_step": 0, "_runtime": 5695.510043859482, "std_var_1": 0.03221402476340924, "mae_0_1": 0.025802557426978876, "min_var_0": 6.711917519552912e-06, "max_var_0": 0.0052313634443841295, "train_size": 750, "median_var_1": 0.3485033479124661}
