{"mean_var_0": 0.0015516145789830585, "mae_0": 0.20256017545040533, "max_var_0": 0.001551614582296959, "r2_0": -5902474202483.292, "coregionalized": false, "r2_0_1": -5902474202483.292, "max_error_0_1": 0.6603500983874331, "_step": 0, "_runtime": 117.85249519348145, "min_var_0": 0.0015516125234186513, "mae_0_1": 0.20256017545040533, "median_var_1": 1.3512472485870803, "max_var_1": 1.351247248587081, "train_size": 2, "_timestamp": 1597746524.448409, "max_error_0": 0.6603500983874331, "mean_var_1": 1.3512472485264795, "std_var_1": 9.062429487645816e-10, "std_var_0": 8.228927984983344e-11, "min_var_1": 1.3512472277376326, "median_var_0": 0.0015516145822969036}
