{"mae_0_1": 0.02732034734885467, "median_var_1": 0.4289130205023355, "max_error_0_1": 0.1635208412529714, "min_var_0": 9.999849837075369e-09, "mae_0": 0.02732034734885467, "mean_var_1": 0.5554734403828735, "min_var_1": 9.999965300266922e-09, "mean_var_0": 0.0012239240540922655, "max_var_0": 0.009130800810765116, "max_var_1": 3.7704279206588467, "train_size": 250, "std_var_0": 0.0009924341185346482, "_step": 0, "coregionalized": false, "median_var_0": 0.0009297755066377533, "_runtime": 253.58247804641724, "std_var_1": 0.42615624766173815, "r2_0_1": 0.9774764793868985, "max_error_0": 0.1635208412529714, "_timestamp": 1596815598.610029, "r2_0": 0.9774764793868985}
