{"_timestamp": 1597474444.017218, "max_var_0": 0.04133658765651485, "_runtime": 536.9375329017639, "std_var_0": 0.0006644706644047324, "r2_0": 0.9761422434195579, "mean_var_0": 0.03344219956702434, "mae_0": 0.02778680068600646, "min_var_1": 0.5369814191367371, "r2_0_1": 0.9761422434195579, "mean_var_1": 0.5481901042681795, "_step": 0, "std_var_1": 0.006499521807652408, "max_var_1": 0.587876135648343, "max_error_0_1": 0.12491356702515377, "median_var_1": 0.5470310637049898, "median_var_0": 0.033313792905100725, "coregionalized": false, "min_var_0": 0.03267860770079872, "train_size": 250, "max_error_0": 0.12491356702515377, "mae_0_1": 0.02778680068600646}
