{"median_var_0": 0.0043363175773522816, "max_error_0": 0.17763654068568346, "r2_0_1": 0.9283006126370621, "mean_var_1": 1.3705455780546418, "_timestamp": 1596871251.335884, "r2_0": 0.9283006126370621, "std_var_0": 0.0034166774879673787, "_runtime": 77.17558097839355, "train_size": 25, "min_var_1": 0.3066260932014018, "_step": 0, "coregionalized": true, "median_var_1": 1.173255111217344, "min_var_0": 0.0006147757589407259, "mae_0": 0.04661407391915369, "max_var_1": 6.248862799110469, "std_var_1": 0.7838226518322877, "mean_var_0": 0.005176283052526426, "mae_0_1": 0.04661407391915369, "max_error_0_1": 0.17763654068568346, "max_var_0": 0.02660871514129101}
