{"mae_0_1": 0.020652769412515027, "median_var_1": 0.34271787569916456, "max_error_0_1": 0.10528960010554567, "min_var_0": 0.0006704210957622063, "mae_0": 0.020652769412515027, "mean_var_1": 0.35937605431695824, "min_var_1": 0.3016965247970086, "mean_var_0": 0.0007843134195500493, "max_var_0": 0.0016336774778409318, "max_var_1": 0.7958442426042177, "train_size": 750, "std_var_0": 0.00010892661750279077, "_step": 0, "coregionalized": true, "median_var_0": 0.0007518228069613978, "_runtime": 683.5402750968933, "std_var_1": 0.05565590375032304, "r2_0_1": 0.987037752510274, "max_error_0": 0.10528960010554567, "_timestamp": 1596816028.567826, "r2_0": 0.987037752510274}
