{"_timestamp": 1596816626.715472, "_step": 0, "min_var_0": 0.00041828420867755895, "std_var_0": 0.0020971466140605145, "median_var_0": 0.0026935644250068373, "coregionalized": false, "median_var_1": 1.2856460830696506, "max_error_0_1": 0.21844753508579862, "r2_0_1": 0.9366236547597793, "mae_0_1": 0.04339903789915239, "r2_0": 0.9366236547597793, "train_size": 25, "mean_var_0": 0.0032800638323134293, "std_var_1": 0.9716330159326291, "min_var_1": 0.221382682979538, "_runtime": 41.132699966430664, "max_var_0": 0.014396285537724478, "mae_0": 0.04339903789915239, "max_error_0": 0.21844753508579862, "mean_var_1": 1.5706510666761415, "max_var_1": 6.409634700065226}
