{"std_var_0": 0.007359407706697264, "_step": 0, "_runtime": 86.07739901542664, "min_var_0": 0.0034410544860052957, "max_error_0": 0.2977649758470413, "median_var_0": 0.012355316872827654, "mae_0_1": 0.0923276526686959, "mean_var_0": 0.01418561907800701, "median_var_1": 4.285008287800869, "mae_0": 0.0923276526686959, "std_var_1": 0.16351423854758487, "coregionalized": true, "_timestamp": 1597751369.9724422, "max_var_0": 0.05032046558604875, "r2_0": 0.782543044181777, "min_var_1": 4.086947671446145, "max_error_0_1": 0.2977649758470413, "train_size": 12, "max_var_1": 5.1285330156863065, "mean_var_1": 4.32567466793903, "r2_0_1": 0.782543044181777}
