{"_timestamp": 1597473948.363374, "max_var_0": 0.2126668571184701, "_runtime": 41.28368878364563, "std_var_0": 9.638299571045562e-07, "r2_0": -7380034.6406692, "mean_var_0": 0.212666818202183, "mae_0": 0.286414172610849, "min_var_1": 0.9590776807074767, "r2_0_1": -7380034.6406692, "mean_var_1": 0.9591862714181352, "_step": 0, "std_var_1": 4.347140146379669e-06, "max_var_1": 0.9591864469413722, "max_error_0_1": 0.9609462404308395, "median_var_1": 0.9591864469413521, "median_var_0": 0.21266685711846567, "coregionalized": false, "min_var_0": 0.21264274191835694, "train_size": 2, "max_error_0": 0.9609462404308395, "mae_0_1": 0.286414172610849}
