{"_step": 0, "mean_var_1": 1.9962243843981544, "train_size": 2, "min_var_0": 0.0021502022247102165, "mae_0_1": 0.1895656367965715, "mean_var_0": 0.010252690172821252, "std_var_0": 0.00275497528489027, "r2_0_1": -272.94612585243163, "min_var_1": 1.6416110608941945, "max_error_0_1": 0.690468539095797, "mae_0": 0.1895656367965715, "median_var_0": 0.010378115060293989, "coregionalized": true, "std_var_1": 0.12057419254464043, "max_var_1": 2.3293416084552687, "max_error_0": 0.690468539095797, "r2_0": -272.94612585243163, "max_var_0": 0.017864018101959398, "_timestamp": 1597514125.520052, "_runtime": 2282.056016921997, "median_var_1": 2.0017137274841046}
