{"_timestamp": 1597495222.784387, "max_var_0": 0.0012881651514733321, "_runtime": 21315.704701900482, "std_var_0": 2.413221928151272e-05, "r2_0": 0.9777321528518054, "mean_var_0": 0.0010239441525542858, "mae_0": 0.026712312517826343, "min_var_1": 0.3253383725290509, "r2_0_1": 0.9777321528518054, "mean_var_1": 0.33183969201976027, "_step": 0, "std_var_1": 0.008315474449633691, "max_var_1": 0.42283348861056896, "max_error_0_1": 0.11529272901267129, "median_var_1": 0.32978282422064825, "median_var_0": 0.0010180740254790337, "coregionalized": true, "min_var_0": 0.001005016240908087, "train_size": 1250, "max_error_0": 0.11529272901267129, "mae_0_1": 0.026712312517826343}
