{"std_var_1": 0.0009492255485574365, "r2_0_1": -9542.889670895043, "max_var_1": 1.5064598396227604, "max_error_0": 2.7367506527298646, "min_var_1": 1.488343864675747, "max_error_0_1": 2.7367506527298646, "_step": 0, "min_var_0": 1.4840116767128149, "std_var_0": 0.000934906819159914, "train_size": 25, "median_var_0": 1.5018507829397518, "mean_var_0": 1.5017510684640463, "_timestamp": 1596812734.357682, "r2_0": -9542.889670895043, "max_var_0": 1.501854286419438, "_runtime": 14.91644287109375, "mae_0_1": 2.1469868336905136, "coregionalized": true, "median_var_1": 1.5064562824594985, "mean_var_1": 1.5063550414611178, "mae_0": 2.1469868336905136}
