{"mae_0_1": 0.021061298800847183, "coregionalized": false, "r2_0": 0.9876619062106329, "min_var_1": 0.2925014766729276, "std_var_1": 0.01470294333662227, "median_var_1": 0.30619794603947803, "mean_var_0": 0.0007222504416385289, "mae_0": 0.021061298800847183, "_step": 0, "_timestamp": 1596852138.192229, "std_var_0": 5.08520972697666e-05, "max_var_1": 0.44212542202834293, "min_var_0": 0.0006634943063959908, "max_error_0_1": 0.09640453920681491, "median_var_0": 0.0007101318469454453, "_runtime": 19182.00261902809, "max_var_0": 0.0011968424211959827, "mean_var_1": 0.3098911815262238, "max_error_0": 0.09640453920681491, "train_size": 2000, "r2_0_1": 0.9876619062106329}
