{"mae_0_1": 0.029558936152879686, "coregionalized": true, "r2_0": 0.97596323773146, "min_var_1": 0.30840991618109553, "std_var_1": 0.1555055793970511, "median_var_1": 0.43266819064851786, "mean_var_0": 0.001131000301860503, "mae_0": 0.029558936152879686, "_step": 0, "_timestamp": 1596845260.0345511, "std_var_0": 0.0009918412542833737, "max_var_1": 1.7270354901310485, "min_var_0": 0.000197205723625693, "max_error_0_1": 0.11221020780827828, "median_var_0": 0.0008781683746175162, "_runtime": 12303.844941139221, "max_var_0": 0.009339718546778286, "mean_var_1": 0.47186714391951434, "max_error_0": 0.11221020780827828, "train_size": 250, "r2_0_1": 0.97596323773146}
