{"max_var_1": 1.1178951971932412, "r2_0": 0.9737098680746692, "std_var_1": 0.06306637236853864, "max_var_0": 0.06705816121906782, "_timestamp": 1597961412.3153439, "std_var_0": 0.004661399622305481, "train_size": 93, "mean_var_0": 0.03616542505186799, "_step": 0, "mae_0": 0.030745341299374958, "coregionalized": true, "max_error_0": 0.16248719771871034, "min_var_1": 0.5993050692660282, "r2_0_1": 0.9737098680746692, "mean_var_1": 0.6926809141371799, "min_var_0": 0.029356420590113074, "mae_0_1": 0.030745341299374958, "median_var_1": 0.6775087775613327, "max_error_0_1": 0.16248719771871034, "_runtime": 1603.3087549209595, "median_var_0": 0.03501022389825671}
