{"mae_0_1": 0.05144104141139877, "median_var_1": 2.550266108854288, "max_error_0_1": 0.18384754928677216, "min_var_0": 0.00066372176171825, "mae_0": 0.05144104141139877, "mean_var_1": 3.082776155139328, "min_var_1": 0.5333896366628892, "mean_var_0": 0.004317226435873232, "max_var_0": 0.021099042810377, "max_var_1": 12.387918725463464, "train_size": 25, "std_var_0": 0.0031872346393424017, "_step": 0, "coregionalized": false, "median_var_0": 0.0034177997876678745, "_runtime": 114.56527900695801, "std_var_1": 1.992574588345155, "r2_0_1": 0.9186640486469818, "max_error_0": 0.18384754928677216, "_timestamp": 1596815459.59283, "r2_0": 0.9186640486469818}
