{"r2_0": 0.4079419233738997, "median_var_0": 0.06137955901652754, "max_error_0_1": 0.6870612977684816, "max_var_0": 0.2212501129767136, "train_size": 25, "_runtime": 226.34687685966492, "_timestamp": 1597431399.6641889, "_step": 0, "std_var_1": NaN, "r2_0_1": 0.4079419233738997, "min_var_1": NaN, "std_var_0": 0.06381683862047023, "max_error_0": 0.6870612977684816, "min_var_0": 0.00039850686225574475, "coregionalized": false, "mae_0_1": 0.109982241459638, "mean_var_0": 0.08676923602926104, "mean_var_1": NaN, "max_var_1": NaN, "mae_0": 0.109982241459638, "median_var_1": NaN}
