{"mae_0_1": 0.021481045756882, "coregionalized": true, "r2_0": 0.9870532563878185, "min_var_1": 0.2934927254920031, "std_var_1": 0.032366607104823183, "median_var_1": 0.32033578819585007, "mean_var_0": 0.0007279857263175902, "mae_0": 0.021481045756882, "_step": 0, "_timestamp": 1596845673.465882, "std_var_0": 6.392757796269666e-05, "max_var_1": 0.5861215860296644, "min_var_0": 0.0006580220815853839, "max_error_0_1": 0.08995489989618388, "median_var_0": 0.0007115369764155706, "_runtime": 12717.276272058487, "max_var_0": 0.0012335151769539128, "mean_var_1": 0.32863730308931755, "max_error_0": 0.08995489989618388, "train_size": 1250, "r2_0_1": 0.9870532563878185}
