{"_step": 1, "cv_mean": 0.9512289545459097, "_timestamp": 1599567432.451327, "_runtime": 13012.329131126404, "cv_std": 0.007265166388071291}
