{"_runtime": 666.7297751903534, "mae_0": 0.027932794583359073, "_step": 0, "mean_var_0": 0.0007831575998543488, "mae_0_1": 0.027932794583359073, "max_var_0": 0.006209988620879736, "train_size": 250, "median_var_0": 0.0006360679451473672, "median_var_1": 0.3693191623801023, "max_var_1": 0.9541628021164793, "r2_0_1": 0.9737530470007146, "min_var_0": 0.00011280858036499808, "std_var_0": 0.000558238825934018, "mean_var_1": 0.38701197792596215, "max_error_0_1": 0.15393919824740765, "r2_0": 0.9737530470007146, "_timestamp": 1596971980.2650292, "std_var_1": 0.06617203805447411, "min_var_1": 0.30387861762324875, "coregionalized": true, "max_error_0": 0.15393919824740765}
