{"r2_0_1": 0.7533533736458553, "min_var_0": 0.083226805926225, "max_var_0": 0.27268139224388604, "median_var_0": 0.14431518948447403, "r2_0": 0.7533533736458553, "_runtime": 122.046541929245, "min_var_1": 1.9352232256927753, "std_var_1": 0.06441497147267466, "coregionalized": true, "mean_var_0": 0.14949707396869513, "mean_var_1": 2.032202661704026, "max_error_0": 0.34283177028348133, "mae_0": 0.07904455222116372, "train_size": 9, "_timestamp": 1597982183.535061, "max_var_1": 2.306413668567402, "median_var_1": 2.017339379048471, "mae_0_1": 0.07904455222116372, "_step": 0, "max_error_0_1": 0.34283177028348133, "std_var_0": 0.03511274756928611}
