{"max_var_1": 3.5678611593683685, "r2_0": 0.7402396307110988, "std_var_1": 5.378884149084694e-05, "max_var_0": 0.27654018531760227, "_timestamp": 1597960003.125765, "std_var_0": 0.03218271186600612, "train_size": 9, "mean_var_0": 0.15826419615888931, "_step": 0, "mae_0": 0.0828543305292505, "coregionalized": false, "max_error_0": 0.31035091466487374, "min_var_1": 3.565963138732683, "r2_0_1": 0.7402396307110988, "mean_var_1": 3.5678593696680183, "min_var_0": 0.04654606874301433, "mae_0_1": 0.0828543305292505, "median_var_1": 3.5678611593683685, "max_error_0_1": 0.31035091466487374, "_runtime": 194.1191761493683, "median_var_0": 0.15864649044749213}
