{"_step": 1, "cv_mean": 0.9518332748516422, "_timestamp": 1599564887.55372, "_runtime": 10467.431524038315, "cv_std": 0.007319946704412724}
