{"_timestamp": 1599561903.334639, "cv_mean": 0.9507969312184074, "_step": 1, "_runtime": 7476.766561985016, "cv_std": 0.004526422589753709}
