{"r2_0": -125041.83403039306, "median_var_0": 0.10309171889032392, "max_error_0_1": 0.7221067588475489, "max_var_0": 0.1030917188905412, "train_size": 2, "_runtime": 95.82957792282104, "_timestamp": 1597431269.14689, "_step": 0, "std_var_1": 0.0004608776067895741, "r2_0_1": -125041.83403039306, "min_var_1": 0.9098283127028451, "std_var_0": 5.1568090935757525e-05, "max_error_0": 0.7221067588475489, "min_var_0": 0.10180166810931186, "coregionalized": false, "mae_0_1": 0.19111060547219355, "mean_var_0": 0.10308960248000876, "mean_var_1": 0.9213389212923369, "max_var_1": 0.9213578362105251, "mae_0": 0.19111060547219355, "median_var_1": 0.9213578362085832}
