{"std_var_1": 0.011870927456923579, "mae_0_1": 0.026281805643557334, "max_error_0_1": 0.11661344929777062, "max_var_0": 0.03890765631869739, "mean_var_1": 0.584577552194, "_step": 0, "max_var_1": 0.718590713223112, "std_var_0": 0.0005557618489162835, "min_var_0": 0.03206089434571395, "train_size": 937, "mean_var_0": 0.032749538297461016, "max_error_0": 0.11661344929777062, "median_var_1": 0.5815367431419082, "_timestamp": 1597937388.08592, "median_var_0": 0.03260596599125225, "r2_0": 0.9799562896282278, "min_var_1": 0.5701473247623831, "r2_0_1": 0.9799562896282278, "mae_0": 0.026281805643557334, "coregionalized": false, "_runtime": 16057.219002246857}
