{"_timestamp": 1599560673.565449, "cv_mean": 0.9496028832186975, "_step": 1, "_runtime": 6246.997371912003, "cv_std": 0.005090016508067363}
