{"max_error_0_1": 0.1800813254134641, "mean_var_1": 1.84924417535869, "coregionalized": false, "_runtime": 12.75651478767395, "_step": 0, "median_var_0": 0.001373200356674431, "r2_0": 0.9411279859858654, "train_size": 25, "min_var_1": 0.09481978033767291, "std_var_0": 0.001198080988005148, "mean_var_0": 0.0017092667664402028, "median_var_1": 1.5614088728875117, "min_var_0": 7.089829575335216e-05, "_timestamp": 1596815231.098429, "max_error_0": 0.1800813254134641, "std_var_1": 1.1662040351786136, "mae_0": 0.047794001263155556, "max_var_0": 0.014093473683217894, "mae_0_1": 0.047794001263155556, "r2_0_1": 0.9411279859858654, "max_var_1": 13.825021711811246}
