{"mae_0_1": 0.02318591159614015, "coregionalized": false, "r2_0": 0.9858003379660817, "min_var_1": 0.379921000408852, "std_var_1": 0.08197517247939849, "median_var_1": 0.4636774961207477, "mean_var_0": 0.0009797751149178003, "mae_0": 0.02318591159614015, "_step": 0, "_timestamp": 1596845221.680021, "std_var_0": 0.00021487083638681054, "max_var_1": 1.0810676946355882, "min_var_0": 0.0007169917911013619, "max_error_0_1": 0.10160562037187115, "median_var_0": 0.0009313822554446011, "_runtime": 12265.490411043167, "max_var_0": 0.002571115715401317, "mean_var_1": 0.48211764574326005, "max_error_0": 0.10160562037187115, "train_size": 250, "r2_0_1": 0.9858003379660817}
