{"max_error_0_1": 0.27766975916935577, "r2_0_1": 0.8860964477502052, "std_var_1": 12.995463643001091, "min_var_1": 0.017242570698272175, "r2_0": 0.8860964477502052, "_runtime": 97.81866693496704, "max_var_1": 163.36596751237948, "max_error_0": 0.27766975916935577, "min_var_0": 3.6030984524870746e-05, "mean_var_0": 0.010063178627489662, "mae_0_1": 0.060260681786525036, "mae_0": 0.060260681786525036, "median_var_0": 0.003881732373400837, "std_var_0": 0.027148869883690644, "mean_var_1": 4.816974822980445, "_timestamp": 1597405692.6440609, "train_size": 25, "_step": 0, "median_var_1": 1.8580808201450054, "coregionalized": true, "max_var_0": 0.3412884308804287}
