{"max_error_0_1": 0.10598941790911365, "r2_0_1": 0.9818049783147179, "std_var_1": 0.00469519635862284, "min_var_1": 0.3417201882592785, "r2_0": 0.9818049783147179, "_runtime": 2550.6035141944885, "max_var_1": 0.4016174918405163, "max_error_0": 0.10598941790911365, "min_var_0": 0.0010954416502478102, "mean_var_0": 0.001108321114697171, "mae_0_1": 0.02537031722360117, "mae_0": 0.02537031722360117, "median_var_0": 0.0011052360496229062, "std_var_0": 1.1890315128918623e-05, "mean_var_1": 0.3464398901931392, "_timestamp": 1597408145.428908, "train_size": 1250, "_step": 0, "median_var_1": 0.34512791991153835, "coregionalized": true, "max_var_0": 0.001247107415108619}
