{"_timestamp": 1596816930.339711, "_step": 0, "min_var_0": 0.0006803939175074993, "std_var_0": 8.998691021558848e-05, "median_var_0": 0.0007541748198267419, "coregionalized": false, "median_var_1": 0.3610141370971955, "max_error_0_1": 0.09222273580059293, "r2_0_1": 0.9859498409929023, "mae_0_1": 0.021671519582588707, "r2_0": 0.9859498409929023, "train_size": 750, "mean_var_0": 0.0007793638924976881, "std_var_1": 0.050581679131531845, "min_var_1": 0.32036499580670846, "_runtime": 344.7569389343262, "max_var_0": 0.0017075451989558678, "mae_0": 0.021671519582588707, "max_error_0": 0.09222273580059293, "mean_var_1": 0.37528016693945593, "max_var_1": 0.9019713626947901}
