{"r2_0": 0.9787783045655987, "median_var_0": 0.034656545180343064, "max_error_0_1": 0.11930235540803213, "max_var_0": 0.03924714098641567, "train_size": 250, "_runtime": 1402.1173040866852, "_timestamp": 1597432575.434616, "_step": 0, "std_var_1": 0.009928481457024478, "r2_0_1": 0.9787783045655987, "min_var_1": 0.5636753551274912, "std_var_0": 0.0005091929985386018, "max_error_0": 0.11930235540803213, "min_var_0": 0.0341566397772768, "coregionalized": false, "mae_0_1": 0.026863938383220865, "mean_var_0": 0.034767986472364995, "mean_var_1": 0.5738130522947147, "max_var_1": 0.6699723460858454, "mae_0": 0.026863938383220865, "median_var_1": 0.5715320281184548}
