{"std_var_1": 0.023862659207706666, "mae_0_1": 0.027305251454314144, "max_error_0_1": 0.12892699175131783, "max_var_0": 0.053386310517397235, "mean_var_1": 0.6384202353989729, "_step": 0, "max_var_1": 0.8627506374793344, "std_var_0": 0.0017833024176884277, "min_var_0": 0.03403235213390107, "train_size": 187, "mean_var_0": 0.036367156331551916, "max_error_0": 0.12892699175131783, "median_var_1": 0.6326039852045975, "_timestamp": 1597923002.7595918, "median_var_0": 0.035920356054202573, "r2_0": 0.9789151397159375, "min_var_1": 0.6055190030709805, "r2_0_1": 0.9789151397159375, "mae_0": 0.027305251454314144, "coregionalized": false, "_runtime": 1671.8926739692688}
