{"_timestamp": 1599562488.824033, "cv_mean": 0.9499652726971177, "_step": 1, "_runtime": 8062.2559559345245, "cv_std": 0.005146413413478864}
