{"max_error_0_1": 0.1086497785156828, "r2_0_1": 0.9820516630969195, "std_var_1": 0.004739781779944337, "min_var_1": 0.3354543828869615, "r2_0": 0.9820516630969195, "_runtime": 17847.871915102005, "max_var_1": 0.39018669861674116, "max_error_0": 0.1086497785156828, "min_var_0": 0.001030892056717951, "mean_var_0": 0.001043338545691145, "mae_0_1": 0.02539204429264677, "mae_0": 0.02539204429264677, "median_var_0": 0.0010392489483730767, "std_var_0": 1.495441509907868e-05, "mean_var_1": 0.33942019441247384, "_timestamp": 1597423442.697309, "train_size": 2000, "_step": 0, "median_var_1": 0.33811145343737425, "coregionalized": true, "max_var_0": 0.0012033100873761011}
