{"max_error_0": 0.12725744179964327, "max_error_0_1": 0.12725744179964327, "mae_0": 0.028021575387114875, "_timestamp": 1596972892.270869, "r2_0_1": 0.9788714167399745, "mean_var_0": 0.001260008505779706, "min_var_1": 0.10161462521207268, "max_var_1": 4.338199160661611, "r2_0": 0.9788714167399745, "std_var_0": 0.0009322773758140198, "mean_var_1": 0.5574897254051236, "median_var_0": 0.000967427862168746, "coregionalized": true, "_step": 0, "_runtime": 275.10168194770813, "std_var_1": 0.4124866532402234, "mae_0_1": 0.028021575387114875, "min_var_0": 0.00022966599783746933, "max_var_0": 0.009804934013610822, "train_size": 250, "median_var_1": 0.4280377992384608}
