{"r2_0_1": 0.843349490924644, "min_var_0": 0.05933279882563831, "max_var_0": 0.1346961188613251, "median_var_0": 0.07724336914990573, "r2_0": 0.843349490924644, "_runtime": 217.47389793395996, "min_var_1": 3.3814869187240744, "std_var_1": 0.00798000999905349, "coregionalized": true, "mean_var_0": 0.07917365576322229, "mean_var_1": 3.3931632211843854, "max_error_0": 0.3484695827867976, "mae_0": 0.07034555754417267, "train_size": 18, "_timestamp": 1597982278.962417, "max_var_1": 3.440383923648951, "median_var_1": 3.391410765448822, "mae_0_1": 0.07034555754417267, "_step": 0, "max_error_0_1": 0.3484695827867976, "std_var_0": 0.01153691505094747}
