{"mae_0_1": 0.026175613947474148, "coregionalized": true, "r2_0": 0.9812287977318014, "min_var_1": 0.303399243991761, "std_var_1": 0.08354446361635018, "median_var_1": 0.3699128313339328, "mean_var_0": 0.0011545115798696087, "mae_0": 0.026175613947474148, "_step": 0, "_timestamp": 1596845377.323362, "std_var_0": 0.0010098453914572424, "max_var_1": 0.9906025793901405, "min_var_0": 0.0001927895455291484, "max_error_0_1": 0.13609344829697712, "median_var_0": 0.0008687689834885326, "_runtime": 12421.13375210762, "max_var_0": 0.00861878721943965, "mean_var_1": 0.39248164765674093, "max_error_0": 0.13609344829697712, "train_size": 750, "r2_0_1": 0.9812287977318014}
