{"_step": 0, "mean_var_1": 3.129854490693308, "train_size": 2, "min_var_0": 0.08033138235660299, "mae_0_1": 0.27110233630117464, "mean_var_0": 0.08033424451061313, "std_var_0": 1.2910809938839548e-07, "r2_0_1": -86620838.99462867, "min_var_1": 3.129742980021411, "max_error_0_1": 0.9316123349648455, "mae_0": 0.27110233630117464, "median_var_0": 0.08033425245348685, "coregionalized": false, "std_var_1": 5.030103502169335e-06, "max_var_1": 3.129854800153592, "max_error_0": 0.9316123349648455, "r2_0": -86620838.99462867, "max_var_0": 0.08033425245355687, "_timestamp": 1597514117.2067652, "_runtime": 2273.742730140686, "median_var_1": 3.129854800150864}
