{"_timestamp": 1597473987.74075, "max_var_0": 0.26314970018330885, "_runtime": 80.66106486320496, "std_var_0": 0.026686172232201922, "r2_0": 0.7989349619162656, "mean_var_0": 0.03099075730705124, "mae_0": 0.07783363804585212, "min_var_1": NaN, "r2_0_1": 0.7989349619162656, "mean_var_1": NaN, "_step": 0, "std_var_1": NaN, "max_var_1": NaN, "max_error_0_1": 0.39344399744005765, "median_var_1": NaN, "median_var_0": 0.02330479951842325, "coregionalized": false, "min_var_0": 2.5914610313010012e-05, "train_size": 25, "max_error_0": 0.39344399744005765, "mae_0_1": 0.07783363804585212}
