{"_timestamp": 1597485524.7389598, "max_var_0": 0.0014324934892171752, "_runtime": 11617.659274578094, "std_var_0": 3.543156844368161e-05, "r2_0": 0.9788328905453201, "mean_var_0": 0.0009470001296886931, "mae_0": 0.02603256594532123, "min_var_1": 0.320273474735244, "r2_0_1": 0.9788328905453201, "mean_var_1": 0.32425325442872827, "_step": 0, "std_var_1": 0.0058177856204909275, "max_var_1": 0.4056056821169693, "max_error_0_1": 0.11714473434945782, "median_var_1": 0.32319055399022883, "median_var_0": 0.0009392849607208502, "coregionalized": true, "min_var_0": 0.000925749642290337, "train_size": 1250, "max_error_0": 0.11714473434945782, "mae_0_1": 0.02603256594532123}
