{"max_error_0_1": 0.6946523887139335, "r2_0_1": 0.2911536698705679, "std_var_1": 0.9311986463649589, "min_var_1": 0.01635839412440153, "r2_0": 0.2911536698705679, "_runtime": 162.94932293891907, "max_var_1": 4.251973617785612, "max_error_0": 0.6946523887139335, "min_var_0": 2.1023998640048715e-05, "mean_var_0": 0.09132128230180195, "mae_0_1": 0.1118198323148409, "mae_0": 0.1118198323148409, "median_var_0": 0.08312366936381833, "std_var_0": 0.049185841150270825, "mean_var_1": 1.9357298324446015, "_timestamp": 1597405757.7747169, "train_size": 25, "_step": 0, "median_var_1": 1.880626767614729, "coregionalized": false, "max_var_0": 0.20655877651465232}
