{"r2_0_1": 0.974626512139573, "min_var_0": 0.024767992813353498, "max_var_0": 0.08061973686238266, "median_var_0": 0.03284365120225777, "r2_0": 0.974626512139573, "_runtime": 6492.286464929581, "min_var_1": 0.5924468271280026, "std_var_1": 0.05765454095969514, "coregionalized": true, "mean_var_0": 0.03488110451826736, "mean_var_1": 0.6613972850881895, "max_error_0": 0.13375242919720787, "mae_0": 0.030116033337930878, "train_size": 375, "_timestamp": 1597988553.774984, "max_var_1": 1.0656531109812137, "median_var_1": 0.6449243896571242, "mae_0_1": 0.030116033337930878, "_step": 0, "max_error_0_1": 0.13375242919720787, "std_var_0": 0.007456106033124477}
