{"max_error_0": 0.14083019812604292, "max_error_0_1": 0.14083019812604292, "min_var_0": 0.03057540362522269, "r2_0": 0.9794010997966619, "median_var_1": 0.6508425058789078, "coregionalized": false, "_runtime": 1290.7245631217957, "median_var_0": 0.03267601232312193, "max_var_0": 0.04527186638212834, "max_var_1": 0.9999972987614791, "mae_0": 0.02668313932986132, "_step": 0, "std_var_0": 0.0018210211831938493, "mae_0_1": 0.02668313932986132, "min_var_1": 0.5973240874631922, "_timestamp": 1597901325.457514, "r2_0_1": 0.9794010997966619, "mean_var_0": 0.033102960941115256, "mean_var_1": 0.6630822455070627, "std_var_1": 0.049111566633433364, "train_size": 125}
