{"_timestamp": 1596816619.371277, "_step": 0, "min_var_0": 0.0004820392517630445, "std_var_0": 0.002314703555223172, "median_var_0": 0.0030226737135277126, "coregionalized": true, "median_var_1": 1.091669190055131, "max_error_0_1": 0.2192470862708764, "r2_0_1": 0.9357989661479121, "mae_0_1": 0.04356717125244824, "r2_0": 0.9357989661479121, "train_size": 25, "mean_var_0": 0.003657667158750946, "std_var_1": 0.8359663042919699, "min_var_1": 0.17411088952683218, "_runtime": 33.78850507736206, "max_var_0": 0.015718078952417613, "mae_0": 0.04356717125244824, "max_error_0": 0.2192470862708764, "mean_var_1": 1.3210070398535183, "max_var_1": 5.676690629056725}
