{"mae_0_1": 0.020901064726615026, "median_var_1": 0.3395816211898152, "max_error_0_1": 0.09597303715682326, "min_var_0": 0.0006383565510993495, "mae_0": 0.020901064726615026, "mean_var_1": 0.3558770254506652, "min_var_1": 0.300073767643177, "mean_var_0": 0.0007555952556443519, "max_var_0": 0.0016784876207288735, "max_var_1": 0.7947685803239681, "train_size": 750, "std_var_0": 0.0001110967415667481, "_step": 0, "coregionalized": false, "median_var_0": 0.0007224983208679137, "_runtime": 367.21249413490295, "std_var_1": 0.05288704733312502, "r2_0_1": 0.9864261563513552, "max_error_0": 0.09597303715682326, "_timestamp": 1596815712.240045, "r2_0": 0.9864261563513552}
