{"_timestamp": 1596816685.406556, "_step": 0, "min_var_0": 0.0003308019495718712, "std_var_0": 0.001245913809562469, "median_var_0": 0.0015487037787223629, "coregionalized": false, "median_var_1": 1.20437471226478, "max_error_0_1": 0.18689948236808362, "r2_0_1": 0.9403336886425113, "mae_0_1": 0.048346438180616555, "r2_0": 0.9403336886425113, "train_size": 25, "mean_var_0": 0.0019122612716898672, "std_var_1": 0.9719599135395464, "min_var_1": 0.19148392080637677, "_runtime": 99.82378387451172, "max_var_0": 0.008506181984080222, "mae_0": 0.048346438180616555, "max_error_0": 0.18689948236808362, "mean_var_1": 1.4858972823648313, "max_var_1": 6.712810242873047}
