{"_timestamp": 1596816954.885979, "_step": 0, "min_var_0": 0.00015579937576859636, "std_var_0": 0.0009138407295365057, "median_var_0": 0.0007630100280149335, "coregionalized": true, "median_var_1": 0.3301473402903653, "max_error_0_1": 0.12809863604297567, "r2_0_1": 0.9820673989069675, "mae_0_1": 0.024710498591406053, "r2_0": 0.9820673989069675, "train_size": 750, "mean_var_0": 0.0009902247847509344, "std_var_1": 0.07669778928757191, "min_var_1": 0.27275249910120036, "_runtime": 369.3032069206238, "max_var_0": 0.013334454296865418, "mae_0": 0.024710498591406053, "max_error_0": 0.12809863604297567, "mean_var_1": 0.3513686872949884, "max_var_1": 1.2811290008761615}
