{"_timestamp": 1596966218.910235, "median_var_0": 0.0007805836603905015, "train_size": 750, "r2_0_1": 0.9854719115149216, "min_var_1": 0.3076025510736597, "median_var_1": 0.34666612764435717, "std_var_0": 0.00013973572081017917, "_runtime": 10241.270684957504, "mae_0": 0.022552430052438097, "mae_0_1": 0.022552430052438097, "max_var_0": 0.0031240843838387456, "coregionalized": false, "_step": 0, "mean_var_0": 0.0008085184071197397, "max_var_1": 1.379187230256366, "max_error_0": 0.09943489944600525, "std_var_1": 0.06170935246847161, "mean_var_1": 0.3590773598043948, "max_error_0_1": 0.09943489944600525, "r2_0": 0.9854719115149216, "min_var_0": 0.0006922647770691093}
