{"std_var_0": 0.0009222204648446789, "_step": 0, "_runtime": 5687.317732810974, "min_var_0": 0.03201722308593752, "max_error_0": 0.12037353844369925, "median_var_0": 0.033054532173218, "mae_0_1": 0.026763521096913344, "mean_var_0": 0.03329725805576521, "median_var_1": 0.5470438081245039, "mae_0": 0.026763521096913344, "std_var_1": 0.022451000923175552, "coregionalized": false, "_timestamp": 1597756971.212776, "max_var_0": 0.03810712819627255, "r2_0": 0.9785370732763164, "min_var_1": 0.523652470510307, "max_error_0_1": 0.12037353844369925, "train_size": 250, "max_var_1": 0.6772235695936442, "mean_var_1": 0.5531169479214646, "r2_0_1": 0.9785370732763164}
