{"_timestamp": 1599559518.79422, "cv_mean": 0.950946289257416, "_step": 1, "_runtime": 5092.226142883301, "cv_std": 0.004814933153829058}
