{"std_var_1": 0.00929243502284515, "mae_0_1": 0.06337372518991193, "max_error_0_1": 0.2459807897836046, "max_var_0": 0.1359499104655398, "mean_var_1": 2.996317080277222, "_step": 0, "max_var_1": 3.0561473503115026, "std_var_0": 0.011921431748461915, "min_var_0": 0.05319374524538547, "train_size": 18, "mean_var_0": 0.07546585827699478, "max_error_0": 0.2459807897836046, "median_var_1": 2.9942165645981618, "_timestamp": 1597921569.751233, "median_var_0": 0.07344857153924814, "r2_0": 0.8614450136790907, "min_var_1": 2.9819277051234123, "r2_0_1": 0.8614450136790907, "mae_0": 0.06337372518991193, "coregionalized": true, "_runtime": 238.88431525230408}
