{"r2_0_1": 0.8219075497255502, "min_var_0": 0.019381426322984435, "max_var_0": 0.1630060888179653, "median_var_0": 0.06783540428830948, "r2_0": 0.8219075497255502, "_runtime": 246.66054105758667, "min_var_1": 2.1776956368261557, "std_var_1": 0.41127982310383127, "coregionalized": true, "mean_var_0": 0.0705786460050733, "mean_var_1": 2.903758696296285, "max_error_0": 0.3168184215703591, "mae_0": 0.07569204964709966, "train_size": 18, "_timestamp": 1597982308.14906, "max_var_1": 4.957551178976157, "median_var_1": 2.826766834138402, "mae_0_1": 0.07569204964709966, "_step": 0, "max_error_0_1": 0.3168184215703591, "std_var_0": 0.020835335643314804}
