{"_step": 1, "cv_mean": 0.9532269231024071, "_timestamp": 1599565376.467157, "_runtime": 10956.344960927963, "cv_std": 0.0070687401612826726}
