{"std_var_0": 0.0011407427705019773, "_step": 0, "_runtime": 7435.782912969589, "min_var_0": 0.03402468390768558, "max_error_0": 0.12068478856505038, "median_var_0": 0.03528835750112517, "mae_0_1": 0.027249526681101234, "mean_var_0": 0.03558998255027398, "median_var_1": 0.5284922836973386, "mae_0": 0.027249526681101234, "std_var_1": 0.023788201908685736, "coregionalized": false, "_timestamp": 1597758719.677956, "max_var_0": 0.043284783082366496, "r2_0": 0.9775217012608116, "min_var_1": 0.5031875998224782, "max_error_0_1": 0.12068478856505038, "train_size": 250, "max_var_1": 0.6947514865978278, "mean_var_1": 0.5345011630187805, "r2_0_1": 0.9775217012608116}
