{"mae_0_1": 0.020380853810927774, "median_var_1": 0.3687307646652096, "max_error_0_1": 0.0981168403614836, "min_var_0": 0.0005839939925899254, "mae_0": 0.020380853810927774, "mean_var_1": 0.37920535731810323, "min_var_1": 0.33273225569804143, "mean_var_0": 0.0006863857780692154, "max_var_0": 0.0014530533430111782, "max_var_1": 0.7131665854468645, "train_size": 750, "std_var_0": 8.773905313383018e-05, "_step": 0, "coregionalized": true, "median_var_0": 0.0006610756664976672, "_runtime": 620.182724237442, "std_var_1": 0.03925573696653414, "r2_0_1": 0.9870205189988559, "max_error_0": 0.0981168403614836, "_timestamp": 1596815965.2102752, "r2_0": 0.9870205189988559}
