{"mae_0_1": 0.02666632497064, "median_var_1": 0.44010333692830345, "max_error_0_1": 0.11309797914203878, "min_var_0": 0.00021327566873829973, "mae_0": 0.02666632497064, "mean_var_1": 0.5842741681835272, "min_var_1": 0.10186771725109693, "mean_var_0": 0.0012939239923202628, "max_var_0": 0.00903986051023864, "max_var_1": 3.676521904745557, "train_size": 250, "std_var_0": 0.0010632929919121286, "_step": 0, "coregionalized": false, "median_var_0": 0.0009493485035112492, "_runtime": 267.44033002853394, "std_var_1": 0.45190839309830727, "r2_0_1": 0.9786636621598217, "max_error_0": 0.11309797914203878, "_timestamp": 1596815612.467881, "r2_0": 0.9786636621598217}
