{"r2_0": -777.0176129786042, "median_var_0": 0.09983086973246869, "max_error_0_1": 1.0585706901054306, "max_var_0": 0.15938878272988843, "train_size": 2, "_runtime": 56.358640909194946, "_timestamp": 1597431229.675953, "_step": 0, "std_var_1": 0.8898207392367221, "r2_0_1": -777.0176129786042, "min_var_1": 0.9597759619163357, "std_var_0": 0.025635743235653336, "max_error_0": 1.0585706901054306, "min_var_0": 0.015293612915649232, "coregionalized": true, "mae_0_1": 0.380752761620723, "mean_var_0": 0.09829035695984165, "mean_var_1": 3.8406061941731684, "max_var_1": 5.9613423041093085, "mae_0": 0.380752761620723, "median_var_1": 3.894077638380623}
