{"mae_0_1": 0.020385994907639645, "median_var_1": 0.37197516524068547, "max_error_0_1": 0.09995604859753282, "min_var_0": 0.000585034672601745, "mae_0": 0.020385994907639645, "mean_var_1": 0.383537556971389, "min_var_1": 0.33393302948755504, "mean_var_0": 0.0006916946006737307, "max_var_0": 0.00148970226851298, "max_var_1": 0.7400921657954611, "train_size": 750, "std_var_0": 9.140028262705114e-05, "_step": 0, "coregionalized": false, "median_var_0": 0.000665293823344024, "_runtime": 636.1102991104126, "std_var_1": 0.0419297415683677, "r2_0_1": 0.9870559840095967, "max_error_0": 0.09995604859753282, "_timestamp": 1596815981.13785, "r2_0": 0.9870559840095967}
