{"_timestamp": 1596962437.794917, "median_var_0": 0.0007722651636337119, "train_size": 250, "r2_0_1": 0.979753089794549, "min_var_1": 0.06584461194499651, "median_var_1": 0.3465539503696394, "std_var_0": 0.0011291283335041263, "_runtime": 6460.155367136002, "mae_0": 0.02635290794082323, "mae_0_1": 0.02635290794082323, "max_var_0": 0.01984455841932231, "coregionalized": false, "_step": 0, "mean_var_0": 0.0010443134612263723, "max_var_1": 7.017696154949078, "max_error_0": 0.11487139967571647, "std_var_1": 0.4334219574828329, "mean_var_1": 0.4572867516911272, "max_error_0_1": 0.11487139967571647, "r2_0": 0.979753089794549, "min_var_0": 0.00014039156663492314}
