{"_timestamp": 1596816844.411291, "_step": 0, "min_var_0": 0.00015621705363777494, "std_var_0": 0.000882049357699582, "median_var_0": 0.0008945775138258227, "coregionalized": true, "median_var_1": 0.3854149042730307, "max_error_0_1": 0.12583757532303874, "r2_0_1": 0.9748919870160307, "mae_0_1": 0.029249518048786866, "r2_0": 0.9748919870160307, "train_size": 250, "mean_var_0": 0.0011127875121002518, "std_var_1": 0.1404016859231047, "min_var_1": 0.26615531659143354, "_runtime": 258.8285188674927, "max_var_0": 0.011152081947876535, "mae_0": 0.029249518048786866, "max_error_0": 0.12583757532303874, "mean_var_1": 0.41817019610887673, "max_var_1": 1.9427103272486725}
