{"max_error_0_1": 0.11087157283250182, "r2_0_1": 0.9830774216431325, "std_var_1": 0.0012610550714319299, "min_var_1": 0.5761998605206977, "r2_0": 0.9830774216431325, "_runtime": 1092.2886230945587, "max_var_1": 0.586179577911524, "max_error_0": 0.11087157283250182, "min_var_0": 0.03156065004913666, "mean_var_0": 0.032006087061591686, "mae_0_1": 0.024683135189219985, "mae_0": 0.024683135189219985, "median_var_0": 0.03181456637160095, "std_var_0": 0.0006508147620873415, "mean_var_1": 0.5783572177921926, "_timestamp": 1597406687.114017, "train_size": 1250, "_step": 0, "median_var_1": 0.5781375448587805, "coregionalized": false, "max_var_0": 0.04153424917656091}
