{"_timestamp": 1596816789.211583, "_step": 0, "min_var_0": 9.999838734842115e-09, "std_var_0": 0.0008554142761554388, "median_var_0": 0.0007055619160589721, "coregionalized": true, "median_var_1": 0.3720804394949167, "max_error_0_1": 0.12989658196125387, "r2_0_1": 0.9760718085903277, "mae_0_1": 0.028423328147229705, "r2_0": 0.9760718085903277, "train_size": 250, "mean_var_0": 0.0009906276667328022, "std_var_1": 0.15901715380718287, "min_var_1": 0.26179297775022664, "_runtime": 203.62881088256836, "max_var_0": 0.005945857859591452, "mae_0": 0.028423328147229705, "max_error_0": 0.12989658196125387, "mean_var_1": 0.4232715500887446, "max_var_1": 1.3233995444336781}
