{"max_error_0": 0.24224374328683318, "max_error_0_1": 0.24224374328683318, "min_var_0": 0.08606699741859562, "r2_0": 0.8596490494293108, "median_var_1": 2.915920181169845, "coregionalized": false, "_runtime": 350.56914591789246, "median_var_0": 0.11218356920453272, "max_var_0": 0.18353371689694029, "max_var_1": 3.108746657141212, "mae_0": 0.06508434810486766, "_step": 0, "std_var_0": 0.01661660487032829, "mae_0_1": 0.06508434810486766, "min_var_1": 2.695272225820119, "_timestamp": 1597900385.3020968, "r2_0_1": 0.8596490494293108, "mean_var_0": 0.11561629916040374, "mean_var_1": 2.915385154404448, "std_var_1": 0.08029074561148633, "train_size": 25}
