{"max_error_0": 0.08643819832464894, "max_error_0_1": 0.08643819832464894, "mae_0": 0.02003576949733964, "_timestamp": 1597000044.0334852, "r2_0_1": 0.988790927999655, "mean_var_0": 0.0006946513027737797, "min_var_1": 0.3159893623087982, "max_var_1": 0.39677568285047476, "r2_0": 0.988790927999655, "std_var_0": 1.5984621608943055e-05, "mean_var_1": 0.33087148878453493, "median_var_0": 0.0006906851174279995, "coregionalized": false, "_step": 0, "_runtime": 27426.86429810524, "std_var_1": 0.011912630051534548, "mae_0_1": 0.02003576949733964, "min_var_0": 0.0006771871683157928, "max_var_0": 0.0008450456350546278, "train_size": 1250, "median_var_1": 0.3274882090300793}
