{"median_var_0": 0.0010530958161432125, "max_error_0": 0.10984110282237625, "r2_0_1": 0.9781047148125054, "mean_var_1": 0.44661221784143573, "_timestamp": 1596872209.6337779, "r2_0": 0.9781047148125054, "std_var_0": 0.0011766333832638335, "_runtime": 1035.473474740982, "train_size": 250, "min_var_1": 0.29774822735020917, "_step": 0, "coregionalized": true, "median_var_1": 0.40042835237033797, "min_var_0": 0.00018618248453972086, "mae_0": 0.0275000105837123, "max_var_1": 1.5082988471621634, "std_var_1": 0.14361416748158265, "mean_var_0": 0.0014049168462185058, "mae_0_1": 0.0275000105837123, "max_error_0_1": 0.10984110282237625, "max_var_0": 0.010621505267803588}
