{"r2_0": 0.8229808666921016, "median_var_0": 0.02687004722548844, "max_error_0_1": 0.43819794296076964, "max_var_0": 0.27254719556974466, "train_size": 25, "_runtime": 161.4591999053955, "_timestamp": 1597431334.776512, "_step": 0, "std_var_1": 0.7194035630681553, "r2_0_1": 0.8229808666921016, "min_var_1": 0.00033552917641771073, "std_var_0": 0.03246747748491784, "max_error_0": 0.43819794296076964, "min_var_0": 0.002798611533802016, "coregionalized": false, "mae_0_1": 0.07749891341251852, "mean_var_0": 0.037192601779245237, "mean_var_1": 2.350957048758063, "max_var_1": 3.431627701348537, "mae_0": 0.07749891341251852, "median_var_1": 2.3736440409149413}
