{"_timestamp": 1596816850.7334242, "_step": 0, "min_var_0": 0.00016420008302482996, "std_var_0": 0.0008885636084711799, "median_var_0": 0.0009318975800886761, "coregionalized": false, "median_var_1": 0.3452993743899839, "max_error_0_1": 0.1289846306315523, "r2_0_1": 0.9749158934485352, "mae_0_1": 0.02917154181182016, "r2_0": 0.9749158934485352, "train_size": 250, "mean_var_0": 0.0011505604775297884, "std_var_1": 0.3147380265382901, "min_var_1": 0.0621352695777404, "_runtime": 265.1506521701813, "max_var_0": 0.011018791865810857, "mae_0": 0.02917154181182016, "max_error_0": 0.1289846306315523, "mean_var_1": 0.42435739143968776, "max_var_1": 3.788044867493002}
