{"max_var_1": NaN, "r2_0": 0.9683298664765199, "std_var_1": NaN, "max_var_0": 0.07965139825333555, "_timestamp": 1597960738.552862, "std_var_0": 0.005272745475398225, "train_size": 93, "mean_var_0": 0.04219835222989446, "_step": 0, "mae_0": 0.03317871883075838, "coregionalized": true, "max_error_0": 0.137012162522423, "min_var_1": NaN, "r2_0_1": 0.9683298664765199, "mean_var_1": NaN, "min_var_0": 0.03480740935046785, "mae_0_1": 0.03317871883075838, "median_var_1": NaN, "max_error_0_1": 0.137012162522423, "_runtime": 929.5462729930878, "median_var_0": 0.04080598816926081}
