{"mean_var_0": 0.015302874558858048, "mae_0": 0.09300755969497974, "max_var_0": 0.13722481367960257, "r2_0": 0.6463997270614574, "coregionalized": true, "r2_0_1": 0.6463997270614574, "max_error_0_1": 0.5713756870396582, "_step": 0, "_runtime": 883.2469372749329, "min_var_0": 0.0004396532917638403, "mae_0_1": 0.09300755969497974, "median_var_1": 6.729592864326605, "max_var_1": 76.51551296559455, "train_size": 25, "_timestamp": 1597747289.8428512, "max_error_0": 0.5713756870396582, "mean_var_1": 8.241299557283465, "std_var_1": 10.361198139963854, "std_var_0": 0.01851003935445698, "min_var_1": 4.188351158518344e-05, "median_var_0": 0.012562157520987292}
