{"std_var_1": 4.2484567258167793e-13, "mae_0_1": 0.1272428698819249, "max_error_0_1": 0.4771199568843889, "max_var_0": 0.21749386788616043, "mean_var_1": 3.1749265832900093, "_step": 0, "max_var_1": 3.1749265832900258, "std_var_0": 0.014739217640604254, "min_var_0": 0.12773332075267324, "train_size": 9, "mean_var_0": 0.17187148336104105, "max_error_0": 0.4771199568843889, "median_var_1": 3.1749265832900258, "_timestamp": 1597921525.210931, "median_var_0": 0.17182736299004042, "r2_0": -0.8693540608932939, "min_var_1": 3.1749265832776463, "r2_0_1": -0.8693540608932939, "mae_0": 0.1272428698819249, "coregionalized": false, "_runtime": 194.34401321411133}
