{"r2_0_1": 0.979193251144391, "min_var_0": 0.03321791228151301, "max_var_0": 0.052324364764259196, "median_var_0": 0.03550982294097606, "r2_0": 0.979193251144391, "_runtime": 710.5052480697632, "min_var_1": 0.6350758875736526, "std_var_1": 0.045966731516415144, "coregionalized": false, "mean_var_0": 0.03599457419082783, "mean_var_1": 0.6985435130505484, "max_error_0": 0.145625555566824, "mae_0": 0.027440874723898532, "train_size": 93, "_timestamp": 1597982771.993767, "max_var_1": 1.0778072759917323, "median_var_1": 0.6865799650985938, "mae_0_1": 0.027440874723898532, "_step": 0, "max_error_0_1": 0.145625555566824, "std_var_0": 0.0019657374035230847}
