{"_timestamp": 1596961492.8591669, "median_var_0": 0.0009175704095408973, "train_size": 250, "r2_0_1": 0.9830287259160904, "min_var_1": 0.09975829171501971, "median_var_1": 0.5069806689443794, "std_var_0": 0.0003562773711452063, "_runtime": 5515.219616889954, "mae_0": 0.02425435641778243, "mae_0_1": 0.02425435641778243, "max_var_0": 0.006548500935733909, "coregionalized": false, "_step": 0, "mean_var_0": 0.0010013929658823286, "max_var_1": 9.781160044664048, "max_error_0": 0.10145745601055989, "std_var_1": 0.638745914520486, "mean_var_1": 0.6742913416488554, "max_error_0_1": 0.10145745601055989, "r2_0": 0.9830287259160904, "min_var_0": 0.000693988887561798}
