{"mean_var_1": 1.1149281093553993, "max_var_0": 0.01892489725078761, "max_var_1": 6.464128734562422, "coregionalized": false, "min_var_0": 0.00043769922508474224, "median_var_1": 0.9604363339656743, "median_var_0": 0.002365028856193163, "mae_0_1": 0.03932134135580873, "max_error_0_1": 0.14763455450139906, "r2_0_1": 0.9595214719135502, "max_error_0": 0.14763455450139906, "mean_var_0": 0.0027941342935121384, "train_size": 25, "min_var_1": 0.2195224598123673, "_runtime": 45.75103211402893, "_step": 0, "std_var_0": 0.0018377977988410918, "_timestamp": 1596816430.830688, "mae_0": 0.03932134135580873, "r2_0": 0.9595214719135502, "std_var_1": 0.6725425594249816}
