{"_step": 0, "mean_var_1": 1.8491066178165383, "train_size": 25, "min_var_0": 2.9476644503034777e-05, "mae_0_1": 0.05403489073097532, "mean_var_0": 0.0007997222970275473, "std_var_0": 0.0015818189210163932, "r2_0_1": 0.9045470821940275, "min_var_1": 0.9934912994289042, "max_error_0_1": 0.31364897568331385, "mae_0": 0.05403489073097532, "median_var_0": 0.00034619068042118784, "coregionalized": true, "std_var_1": 1.3630035272545082, "max_var_1": 16.744260145966216, "max_error_0": 0.31364897568331385, "r2_0": 0.9045470821940275, "max_var_0": 0.01958514553854318, "_timestamp": 1597514214.5495732, "_runtime": 2371.08553814888, "median_var_1": 1.4600258185470174}
