{"mae_0_1": 0.04282015072950739, "coregionalized": true, "r2_0": 0.9457629964484926, "min_var_1": 0.29163002168956803, "std_var_1": 1.0167632311725483, "median_var_1": 1.4464278042016732, "mean_var_0": 0.004990879918103204, "mae_0": 0.04282015072950739, "_step": 0, "_timestamp": 1596833012.49173, "std_var_0": 0.003243533849556973, "max_var_1": 7.5733080384621845, "min_var_0": 0.00046997138081827927, "max_error_0_1": 0.22894162503945292, "median_var_0": 0.004091753985931312, "_runtime": 56.302119970321655, "max_var_0": 0.023556637150442317, "mean_var_1": 1.724603421271618, "max_error_0": 0.22894162503945292, "train_size": 25, "r2_0_1": 0.9457629964484926}
