{"mae_0_1": 0.050039683219992165, "median_var_1": 2.2235867951108794, "max_error_0_1": 0.18480839345712852, "min_var_0": 0.0007446296588238255, "mae_0": 0.050039683219992165, "mean_var_1": 2.666177935950236, "min_var_1": 0.8719518759069906, "mean_var_0": 0.004811857307844086, "max_var_0": 0.023020464416509512, "max_var_1": 10.536452113693787, "train_size": 25, "std_var_0": 0.0034958964570429383, "_step": 0, "coregionalized": true, "median_var_0": 0.003785984515874752, "_runtime": 108.33660697937012, "std_var_1": 1.5035911304839882, "r2_0_1": 0.9218370650150868, "max_error_0": 0.18480839345712852, "_timestamp": 1596815453.364158, "r2_0": 0.9218370650150868}
