{"_timestamp": 1596816830.7091, "_step": 0, "min_var_0": 0.00015204572992155718, "std_var_0": 0.0008442517053329362, "median_var_0": 0.0008792660637397809, "coregionalized": true, "median_var_1": 0.42344029614517104, "max_error_0_1": 0.10045382414496551, "r2_0_1": 0.9797099566717183, "mae_0_1": 0.02658357056017419, "r2_0": 0.9797099566717183, "train_size": 250, "mean_var_0": 0.0010938779661319735, "std_var_1": 0.14849679293545026, "min_var_1": 0.2946787434888993, "_runtime": 245.1263279914856, "max_var_0": 0.009059117267151251, "mae_0": 0.02658357056017419, "max_error_0": 0.10045382414496551, "mean_var_1": 0.46119791708918156, "max_var_1": 1.847988556529882}
