{"max_error_0_1": 1.0861962789393353, "r2_0_1": 0.46231322894308324, "std_var_1": 0.625921159695686, "min_var_1": 0.8227718152308738, "r2_0": 0.46231322894308324, "_runtime": 131.5910131931305, "max_var_1": 3.22468906163716, "max_error_0": 1.0861962789393353, "min_var_0": 0.0021631120191975117, "mean_var_0": 0.02954241128639138, "mae_0_1": 0.08558429330872691, "mae_0": 0.08558429330872691, "median_var_0": 0.011152755903852715, "std_var_0": 0.06041540972729704, "mean_var_1": 2.8881227660603725, "_timestamp": 1597405726.416407, "train_size": 25, "_step": 0, "median_var_1": 3.1194021675037678, "coregionalized": false, "max_var_0": 0.6954336245325763}
