{"_step": 0, "mean_var_1": 2.068964727853983, "train_size": 25, "min_var_0": 2.0011155148592787e-05, "mae_0_1": 0.075602881700411, "mean_var_0": 0.06777866884382153, "std_var_0": 0.041871655984173875, "r2_0_1": 0.7861750007402529, "min_var_1": 0.004539836169695625, "max_error_0_1": 0.4715964126192955, "mae_0": 0.075602881700411, "median_var_0": 0.061893957351434103, "coregionalized": false, "std_var_1": 1.1424058798468475, "max_var_1": 3.735258082474063, "max_error_0": 0.4715964126192955, "r2_0": 0.7861750007402529, "max_var_0": 0.20377870305998477, "_timestamp": 1597514179.030188, "_runtime": 2335.566153049469, "median_var_1": 2.2697345059343252}
