{"max_error_0": 0.27267245087060443, "max_error_0_1": 0.27267245087060443, "min_var_0": 0.016045715420300824, "r2_0": 0.7507250272137963, "median_var_1": 1.1711541995892294, "coregionalized": false, "_runtime": 160.7714240550995, "median_var_0": 0.05956995127307049, "max_var_0": 0.13306985633457885, "max_var_1": 1.1711541995892294, "mae_0": 0.07984813589830055, "_step": 0, "std_var_0": 0.01918424150238301, "mae_0_1": 0.07984813589830055, "min_var_1": 1.1711515386259508, "_timestamp": 1597900195.504375, "r2_0_1": 0.7507250272137963, "mean_var_0": 0.06206410416721858, "mean_var_1": 1.1711541952823634, "std_var_1": 1.0635308636234195e-07, "train_size": 12}
