{"max_var_1": 0.9296290525542246, "r2_0": 0.9801554121866699, "std_var_1": 0.03768736531682798, "max_var_0": 0.05100159245440074, "_timestamp": 1597962747.639958, "std_var_0": 0.0017503749932091543, "train_size": 187, "mean_var_0": 0.03571647389270718, "_step": 0, "mae_0": 0.02649727577262954, "coregionalized": false, "max_error_0": 0.1113898514004168, "min_var_1": 0.5527802760394239, "r2_0_1": 0.9801554121866699, "mean_var_1": 0.6044663274715034, "min_var_0": 0.03331033433822405, "mae_0_1": 0.02649727577262954, "median_var_1": 0.5941092149872008, "max_error_0_1": 0.1113898514004168, "_runtime": 2938.6333689689636, "median_var_0": 0.03523347854649268}
