{"mae_0_1": 0.021067354837150384, "coregionalized": false, "r2_0": 0.9877335078007323, "min_var_1": 0.2878769818547023, "std_var_1": 0.017499246661847843, "median_var_1": 0.30352729520228033, "mean_var_0": 0.0007267885174852535, "mae_0": 0.021067354837150384, "_step": 0, "_timestamp": 1596862593.018545, "std_var_0": 5.56396378537713e-05, "max_var_1": 0.49823280385162955, "min_var_0": 0.000665361488707337, "max_error_0_1": 0.09198009364106863, "median_var_0": 0.0007139967344829227, "_runtime": 29636.828934907913, "max_var_0": 0.001356336073350182, "mean_var_1": 0.30768434160974145, "max_error_0": 0.09198009364106863, "train_size": 2000, "r2_0_1": 0.9877335078007323}
