{"_step": 1, "cv_mean": 0.9486424383163528, "_timestamp": 1599563161.5047, "_runtime": 8741.382503986359, "cv_std": 0.008257206031385866}
