{"r2_0": -5891565.882841485, "median_var_0": 0.3268232769823829, "max_error_0_1": 0.6905195436694092, "max_var_0": 0.326823276984379, "train_size": 2, "_runtime": 18.484436988830566, "_timestamp": 1597431191.801749, "_step": 0, "std_var_1": 1.4179269655187925e-06, "r2_0_1": -5891565.882841485, "min_var_1": 1.8054284975419095, "std_var_0": 2.56671898772318e-07, "max_error_0": 0.6905195436694092, "min_var_0": 0.32681708765279566, "coregionalized": false, "mae_0_1": 0.1914714220057714, "mean_var_0": 0.32682326292260566, "mean_var_1": 1.805462611450073, "max_var_1": 1.8054626891312202, "mae_0": 0.1914714220057714, "median_var_1": 1.805462689120193}
