{"std_var_1": 0.36493061546037314, "mae_0_1": 0.06631940778532837, "max_error_0_1": 0.3894472216571985, "max_var_0": 0.14923003222192693, "mean_var_1": 1.9456278962682068, "_step": 0, "max_var_1": 3.0288237942163456, "std_var_0": 0.015279746253231485, "min_var_0": 0.04447266774973895, "train_size": 18, "mean_var_0": 0.07621255878319333, "max_error_0": 0.3894472216571985, "median_var_1": 1.9538569465347444, "_timestamp": 1597921550.3516889, "median_var_0": 0.07375655018324576, "r2_0": 0.8832134547763566, "min_var_1": 0.0730541609032215, "r2_0_1": 0.8832134547763566, "mae_0": 0.06631940778532837, "coregionalized": false, "_runtime": 219.4847710132599}
