{"std_var_1": 0.061804234499323006, "mae_0_1": 0.03007691707243861, "max_error_0_1": 0.15105912945945343, "max_var_0": 0.05684895996097386, "mean_var_1": 0.6767470299210512, "_step": 0, "max_var_1": 1.2220703401057404, "std_var_0": 0.00250335550461759, "min_var_0": 0.03078094349067105, "train_size": 93, "mean_var_0": 0.03468294060594635, "max_error_0": 0.15105912945945343, "median_var_1": 0.6608578819461371, "_timestamp": 1597922014.228804, "median_var_0": 0.03405183969277863, "r2_0": 0.9736617122595062, "min_var_1": 0.5826327904386004, "r2_0_1": 0.9736617122595062, "mae_0": 0.03007691707243861, "coregionalized": true, "_runtime": 683.3618862628937}
