{"max_var_1": 0.8851197519695841, "r2_0": 0.9755944850505548, "std_var_1": 0.034864525299768793, "max_var_0": 0.062411096307733636, "_timestamp": 1597961460.974327, "std_var_0": 0.003625360329056168, "train_size": 93, "mean_var_0": 0.037844341804669855, "_step": 0, "mae_0": 0.029398597142103553, "coregionalized": false, "max_error_0": 0.15468379172202118, "min_var_1": 0.6019149984954599, "r2_0_1": 0.9755944850505548, "mean_var_1": 0.6577694996227946, "min_var_0": 0.032424359453075924, "mae_0_1": 0.029398597142103553, "median_var_1": 0.6499396685085639, "max_error_0_1": 0.15468379172202118, "_runtime": 1651.9677381515503, "median_var_0": 0.036941323992160165}
