{"_step": 1, "_timestamp": 1599557082.4714508, "cv_mean": 0.9506349181762269, "_runtime": 2658.7650628089905, "cv_std": 0.006643818502500128}
