{"_step": 1, "cv_mean": 0.9492835882291086, "_timestamp": 1599556956.5761, "_runtime": 2536.4539041519165, "cv_std": 0.008021979541470672}
