{"_step": 1, "cv_mean": 0.9522150770136266, "_timestamp": 1599568153.788404, "_runtime": 13733.666208028793, "cv_std": 0.006897395746378266}
