{"r2_0": 0.9791734214208505, "median_var_0": 0.0009402877127302074, "max_error_0_1": 0.11083594362479143, "max_var_0": 0.0010637186875117207, "train_size": 1250, "_runtime": 4577.72293305397, "_timestamp": 1597435751.040245, "_step": 0, "std_var_1": 0.0033003385686971804, "r2_0_1": 0.9791734214208505, "min_var_1": 0.3373066940364059, "std_var_0": 1.2323581910641637e-05, "max_error_0": 0.11083594362479143, "min_var_0": 0.0009310184919757032, "coregionalized": true, "mae_0_1": 0.026501040171037448, "mean_var_0": 0.0009434282341522359, "mean_var_1": 0.3409023662146744, "max_var_1": 0.37267576242057643, "mae_0": 0.026501040171037448, "median_var_1": 0.3401281096991714}
