{"mean_var_1": 0.8827108930643535, "max_var_0": 0.012621000436876528, "max_var_1": 4.801782498989259, "coregionalized": true, "min_var_0": 0.00027513105877119415, "median_var_1": 0.7429585878125993, "median_var_0": 0.0019527858255852237, "mae_0_1": 0.04947162303955864, "max_error_0_1": 0.18525844718787954, "r2_0_1": 0.9381181741087412, "max_error_0": 0.18525844718787954, "mean_var_0": 0.0023201172166204573, "train_size": 25, "min_var_1": 0.10467695486839988, "_runtime": 97.55152630805969, "_step": 0, "std_var_0": 0.0014313431971565412, "_timestamp": 1596816482.6311822, "mae_0": 0.04947162303955864, "r2_0": 0.9381181741087412, "std_var_1": 0.5445677475962798}
