{"_timestamp": 1599567513.4517791, "cv_mean": 0.9473091870407109, "_step": 1, "_runtime": 13086.883702039719, "cv_std": 0.004914642628613743}
