{"max_error_0_1": 0.10547603537484829, "r2_0_1": 0.9813974224174914, "std_var_1": 0.008548573296712571, "min_var_1": 0.5781980782723113, "r2_0": 0.9813974224174914, "_runtime": 343.1535470485687, "max_var_1": 0.659080069334788, "max_error_0": 0.10547603537484829, "min_var_0": 0.032446421568991704, "mean_var_0": 0.03314499386540862, "mae_0_1": 0.02565793311958021, "mae_0": 0.02565793311958021, "median_var_0": 0.0330529379557918, "std_var_0": 0.0005113278110568958, "mean_var_1": 0.5910785530268677, "_timestamp": 1597405937.978941, "train_size": 250, "_step": 0, "median_var_1": 0.5892618556711553, "coregionalized": false, "max_var_0": 0.038820331184269856}
