{"_step": 1, "cv_mean": 0.950646108205013, "_timestamp": 1599560091.467113, "_runtime": 5671.344917058945, "cv_std": 0.007006508543181695}
