{"std_var_0": 4.6518924959537935e-05, "_step": 0, "_runtime": 98151.49190878868, "min_var_0": 0.0010015650766539924, "max_error_0": 0.12408010267880254, "median_var_0": 0.001043031282966172, "mae_0_1": 0.026755564173949777, "mean_var_0": 0.0010559521156001442, "median_var_1": 0.3180287790496511, "mae_0": 0.026755564173949777, "std_var_1": 0.015362970996790107, "coregionalized": true, "_timestamp": 1597849435.386952, "max_var_0": 0.0013595999332714432, "r2_0": 0.9789815251870464, "min_var_1": 0.30442270757748313, "max_error_0_1": 0.12408010267880254, "train_size": 1250, "max_var_1": 0.42222246648861594, "mean_var_1": 0.32217972509457293, "r2_0_1": 0.9789815251870464}
