{"_timestamp": 1597475238.496469, "max_var_0": 0.038414469490034554, "_runtime": 1331.4167838096619, "std_var_0": 0.0008361718506624322, "r2_0": 0.976062623159054, "mean_var_0": 0.03328465721922362, "mae_0": 0.02754079440620132, "min_var_1": 0.5772160238851567, "r2_0_1": 0.976062623159054, "mean_var_1": 0.5900102838450689, "_step": 0, "std_var_1": 0.009750648109138178, "max_var_1": 0.682232088571232, "max_error_0_1": 0.11978836235518608, "median_var_1": 0.5882630967750947, "median_var_0": 0.03309569335863164, "coregionalized": false, "min_var_0": 0.03223053719351119, "train_size": 250, "max_error_0": 0.11978836235518608, "mae_0_1": 0.02754079440620132}
