{"max_error_0": 0.25194418967448406, "max_error_0_1": 0.25194418967448406, "min_var_0": 0.05337651415143811, "r2_0": 0.9078716486349995, "median_var_1": 2.6896748179746965, "coregionalized": false, "_runtime": 275.09279012680054, "median_var_0": 0.07593325467950227, "max_var_0": 0.14767299741562898, "max_var_1": 3.6294690789359785, "mae_0": 0.06093054152159019, "_step": 0, "std_var_0": 0.014179136501774764, "mae_0_1": 0.06093054152159019, "min_var_1": 2.2146293802821533, "_timestamp": 1597900309.825741, "r2_0_1": 0.9078716486349995, "mean_var_0": 0.07877299550245237, "mean_var_1": 2.7225178644419894, "std_var_1": 0.23579834214832796, "train_size": 25}
