{"std_var_0": 0.0010077181557962601, "_step": 0, "_runtime": 1439.6039967536926, "min_var_0": 2.7640839107334614e-05, "max_error_0": 0.15463707993966036, "median_var_0": 0.0010555130429565907, "mae_0_1": 0.03656595481667955, "mean_var_0": 0.0013178438706323505, "median_var_1": 0.42962665039354325, "mae_0": 0.03656595481667955, "std_var_1": 0.08660043121174046, "coregionalized": true, "_timestamp": 1597752723.49904, "max_var_0": 0.00801367498934269, "r2_0": 0.9599589644367746, "min_var_1": 0.3445793383126831, "max_error_0_1": 0.15463707993966036, "train_size": 125, "max_var_1": 0.9898471452599145, "mean_var_1": 0.4560927377050495, "r2_0_1": 0.9599589644367746}
