{"mean_var_1": 1.5234801155132474, "max_var_0": 0.01625465865128728, "max_var_1": 8.417729427511972, "coregionalized": false, "min_var_0": 0.0003570958847252115, "median_var_1": 1.301863928263515, "median_var_0": 0.0022635135826689634, "mae_0_1": 0.038120089078425914, "max_error_0_1": 0.13997884789051707, "r2_0_1": 0.9560861458752895, "max_error_0": 0.13997884789051707, "mean_var_0": 0.0027481620966639825, "train_size": 25, "min_var_1": 0.21474478659217766, "_runtime": 11.995582103729248, "_step": 0, "std_var_0": 0.0018614656185194376, "_timestamp": 1596816397.075238, "mae_0": 0.038120089078425914, "r2_0": 0.9560861458752895, "std_var_1": 0.9702758768164201}
