{"max_var_1": 1.024534121824753, "r2_0": 0.9800250535857586, "std_var_1": 0.03959564074939645, "max_var_0": 0.050086734621172004, "_timestamp": 1597970262.445023, "std_var_0": 0.001659944831411515, "train_size": 375, "mean_var_0": 0.03389374140111379, "_step": 0, "mae_0": 0.026878243325998096, "coregionalized": true, "max_error_0": 0.10477046227281939, "min_var_1": 0.595336982487853, "r2_0_1": 0.9800250535857586, "mean_var_1": 0.6395414384642647, "min_var_0": 0.03202138699014155, "mae_0_1": 0.026878243325998096, "median_var_1": 0.629112177716907, "max_error_0_1": 0.10477046227281939, "_runtime": 10453.438434123993, "median_var_0": 0.03346223186797296}
