{"max_error_0": 0.09976448182352549, "max_error_0_1": 0.09976448182352549, "mae_0": 0.026006160711678744, "_timestamp": 1596991584.909636, "r2_0_1": 0.9822684103902077, "mean_var_0": 0.0009918251531326064, "min_var_1": 0.3270445257599974, "max_var_1": 0.7000304415175649, "r2_0": 0.9822684103902077, "std_var_0": 0.000828364317720181, "mean_var_1": 0.3727904214250959, "median_var_0": 0.000734395280062472, "coregionalized": true, "_step": 0, "_runtime": 18967.74044895172, "std_var_1": 0.04147432180748838, "mae_0_1": 0.026006160711678744, "min_var_0": 0.00014673523265429367, "max_var_0": 0.008241109456342599, "train_size": 1250, "median_var_1": 0.3602124060504181}
