{"mae_0_1": 0.0411326258416388, "median_var_1": 1.8229676224354279, "max_error_0_1": 0.1721571435409639, "min_var_0": 0.0004954348546011289, "mae_0": 0.0411326258416388, "mean_var_1": 2.09166324586103, "min_var_1": 0.30019724347830845, "mean_var_0": 0.004008917591880049, "max_var_0": 0.02423273522047964, "max_var_1": 10.638446264123843, "train_size": 25, "std_var_0": 0.0027098227651104786, "_step": 0, "coregionalized": false, "median_var_0": 0.0032744892770386613, "_runtime": 40.60978889465332, "std_var_1": 1.2181652462817922, "r2_0_1": 0.9429742757069578, "max_error_0": 0.1721571435409639, "_timestamp": 1596815385.6373398, "r2_0": 0.9429742757069578}
