{"mean_var_0": 0.4028663955185395, "mae_0": 0.33939152956325636, "max_var_0": 0.6725948699551398, "r2_0": -18.386458577133258, "coregionalized": true, "r2_0_1": -18.386458577133258, "max_error_0_1": 0.8936435942755945, "_step": 0, "_runtime": 12.922259092330933, "min_var_0": 0.0651233187850793, "mae_0_1": 0.33939152956325636, "median_var_1": 19.49796992703608, "max_var_1": 32.25059166481009, "train_size": 2, "_timestamp": 1597746419.518173, "max_error_0": 0.8936435942755945, "mean_var_1": 19.108775862449374, "std_var_1": 4.321367423593053, "std_var_0": 0.0886936676160376, "min_var_1": 2.6531261123633954, "median_var_0": 0.4108543876559659}
