{"_timestamp": 1596816734.302539, "_step": 0, "min_var_0": 0.00016846479923682267, "std_var_0": 0.0010060178040383273, "median_var_0": 0.0008844980555702264, "coregionalized": true, "median_var_1": 0.4422552568844075, "max_error_0_1": 0.11675136542092512, "r2_0_1": 0.9783647570270344, "mae_0_1": 0.027240266553394173, "r2_0": 0.9783647570270344, "train_size": 250, "mean_var_0": 0.0011888360806151666, "std_var_1": 0.13788243476172649, "min_var_1": 0.3339247477719304, "_runtime": 148.71976709365845, "max_var_0": 0.01220156430117214, "mae_0": 0.027240266553394173, "max_error_0": 0.11675136542092512, "mean_var_1": 0.4822700173167546, "max_var_1": 1.8769532760023528}
