{"r2_0_1": 0.9794551143842332, "min_var_0": 0.034006770513429194, "max_var_0": 0.04871875031423259, "median_var_0": 0.03559302917059046, "r2_0": 0.9794551143842332, "_runtime": 4347.964337110519, "min_var_1": 0.51839357884384, "std_var_1": 0.058218479435879524, "coregionalized": false, "mean_var_0": 0.03595199941712266, "mean_var_1": 0.5946285208401909, "max_error_0": 0.1353394667793899, "mae_0": 0.027267054382403056, "train_size": 187, "_timestamp": 1597986409.452856, "max_var_1": 1.0940848764095292, "median_var_1": 0.5793268012161926, "mae_0_1": 0.027267054382403056, "_step": 0, "max_error_0_1": 0.1353394667793899, "std_var_0": 0.001482669325077301}
