{"mean_var_1": 1.6706171377824122, "max_var_0": 0.01775054137955623, "max_var_1": 7.366518195355468, "coregionalized": false, "min_var_0": 0.0006719320102490658, "median_var_1": 1.4800694264586696, "median_var_0": 0.0030594063871567383, "mae_0_1": 0.05434539149408201, "max_error_0_1": 0.1886123449470043, "r2_0_1": 0.9228472324511438, "max_error_0": 0.1886123449470043, "mean_var_0": 0.0034920013081075566, "train_size": 25, "min_var_1": 0.3223549916294246, "_runtime": 24.28492021560669, "_step": 0, "std_var_0": 0.002145249402631182, "_timestamp": 1596816409.364576, "mae_0": 0.05434539149408201, "r2_0": 0.9228472324511438, "std_var_1": 0.9743826059635198}
