{"_timestamp": 1599566492.0799701, "cv_mean": 0.8904777737083982, "_step": 1, "_runtime": 12065.511893033981, "cv_std": 0.009145446784284706}
