{"std_var_0": 0.0001595286063045815, "_step": 0, "_runtime": 6417.485324621201, "min_var_0": 0.0011102835050152376, "max_error_0": 0.14023087525036626, "median_var_0": 0.0012575286017564818, "mae_0_1": 0.028247332567687966, "mean_var_0": 0.0013046535310635107, "median_var_1": 0.41039006726757676, "mae_0": 0.028247332567687966, "std_var_1": 0.10060552137154705, "coregionalized": true, "_timestamp": 1597757701.3803678, "max_var_0": 0.0022195775744804874, "r2_0": 0.9759710941624178, "min_var_1": 0.3200645329238573, "max_error_0_1": 0.14023087525036626, "train_size": 250, "max_var_1": 1.0211399378062884, "mean_var_1": 0.43935227234379454, "r2_0_1": 0.9759710941624178}
