{"_step": 1, "_timestamp": 1599568278.189949, "cv_mean": 0.9597404438791592, "_runtime": 13854.483561038971, "cv_std": 0.005506460302672534}
