{"mae_0_1": 0.02063271497637662, "median_var_1": 0.3254589392215774, "max_error_0_1": 0.09366790921159929, "min_var_0": 0.0007670666243747591, "mae_0": 0.02063271497637662, "mean_var_1": 0.33793249095768735, "min_var_1": 0.284758529193611, "mean_var_0": 0.0008899441072213973, "max_var_0": 0.0019346348836869498, "max_var_1": 0.798091395211274, "train_size": 750, "std_var_0": 0.00011008220663783363, "_step": 0, "coregionalized": false, "median_var_0": 0.0008609260483020152, "_runtime": 418.06428503990173, "std_var_1": 0.04818019967543011, "r2_0_1": 0.9871489990556696, "max_error_0": 0.09366790921159929, "_timestamp": 1596815763.091836, "r2_0": 0.9871489990556696}
