{"max_error_0": 0.10829732212353882, "max_error_0_1": 0.10829732212353882, "mae_0": 0.026124042981751826, "_timestamp": 1596973099.319808, "r2_0_1": 0.9805739293228327, "mean_var_0": 0.0009301388652976206, "min_var_1": 0.29859970990672785, "max_var_1": 1.6215635428303474, "r2_0": 0.9805739293228327, "std_var_0": 0.0007477008403151387, "mean_var_1": 0.46940475956363964, "median_var_0": 0.0006802928803906205, "coregionalized": true, "_step": 0, "_runtime": 482.1506209373474, "std_var_1": 0.169195025806774, "mae_0_1": 0.026124042981751826, "min_var_0": 0.00020070954309703293, "max_var_0": 0.006078317114356024, "train_size": 250, "median_var_1": 0.41512868277844767}
