{"max_error_0": 0.1339169087334815, "max_error_0_1": 0.1339169087334815, "min_var_0": 0.025711131368522853, "r2_0": 0.9779243850158256, "median_var_1": 0.5955011753521425, "coregionalized": true, "_runtime": 570.1743812561035, "median_var_0": 0.02856503635654975, "max_var_0": 0.05117039927375503, "max_var_1": 1.1907112256248564, "mae_0": 0.02843198908404918, "_step": 0, "std_var_0": 0.002874579412360824, "mae_0_1": 0.02843198908404918, "min_var_1": 0.5206382984543785, "_timestamp": 1597900604.9073322, "r2_0_1": 0.9779243850158256, "mean_var_0": 0.029254614627374404, "mean_var_1": 0.6150641494789125, "std_var_1": 0.07718094130365272, "train_size": 125}
