{"_timestamp": 1596816740.826957, "_step": 0, "min_var_0": 0.00017485877221767865, "std_var_0": 0.0010155882187515217, "median_var_0": 0.0009291288577273349, "coregionalized": false, "median_var_1": 0.5606805077049558, "max_error_0_1": 0.11871019994443155, "r2_0_1": 0.9785159493163136, "mae_0_1": 0.027085781139455013, "r2_0": 0.9785159493163136, "train_size": 250, "mean_var_0": 0.0012348228340345899, "std_var_1": 0.5058896973944693, "min_var_1": 0.10623862249147191, "_runtime": 155.2441849708557, "max_var_0": 0.011979741233947072, "mae_0": 0.027085781139455013, "max_error_0": 0.11871019994443155, "mean_var_1": 0.7048466979318695, "max_var_1": 5.255229154726952}
