{"_timestamp": 1597473960.891435, "max_var_0": 0.027805802334718067, "_runtime": 53.81174969673157, "std_var_0": 3.970210414665361e-05, "r2_0": -628152.9919887847, "mean_var_0": 0.02780379613684683, "mae_0": 0.2160511590721489, "min_var_1": 3.304163724620686, "r2_0_1": -628152.9919887847, "mean_var_1": 3.4202289936971035, "_step": 0, "std_var_1": 0.004883875822049757, "max_var_1": 3.420475782160541, "max_error_0_1": 0.7256560222836441, "median_var_1": 3.4204757821603766, "median_var_0": 0.027805802334716728, "coregionalized": false, "min_var_0": 0.026860275955625956, "train_size": 2, "max_error_0": 0.7256560222836441, "mae_0_1": 0.2160511590721489}
