{"std_var_1": 4.1006227142952584e-10, "mae_0_1": 0.09091431593782559, "max_error_0_1": 0.3613856765213437, "max_var_0": 0.17061663106091982, "mean_var_1": 3.0842052799946327, "_step": 0, "max_var_1": 3.084205280007088, "std_var_0": 0.016878999242075327, "min_var_0": 0.058830485246074676, "train_size": 18, "mean_var_0": 0.0945787400323277, "max_error_0": 0.3613856765213437, "median_var_1": 3.084205280007088, "_timestamp": 1597921642.9647, "median_var_0": 0.09250961448118514, "r2_0": 0.5142779065743531, "min_var_1": 3.0842052655435954, "r2_0_1": 0.5142779065743531, "mae_0": 0.09091431593782559, "coregionalized": false, "_runtime": 312.09778213500977}
