{"r2_0_1": 0.9814309143319251, "min_var_0": 0.034072289637372445, "max_var_0": 0.0458943273606986, "median_var_0": 0.03544117481011162, "r2_0": 0.9814309143319251, "_runtime": 6688.355860948563, "min_var_1": 0.605955453136416, "std_var_1": 0.0162578525354052, "coregionalized": false, "mean_var_0": 0.035800590285630096, "mean_var_1": 0.6272053725475717, "max_error_0": 0.1244110149215043, "mae_0": 0.025808602008377493, "train_size": 375, "_timestamp": 1597988749.84438, "max_var_1": 0.7462863611875402, "median_var_1": 0.6230842837253017, "mae_0_1": 0.025808602008377493, "_step": 0, "max_error_0_1": 0.1244110149215043, "std_var_0": 0.0013597423704419492}
