{"_timestamp": 1596816639.400393, "_step": 0, "min_var_0": 0.0006051010961156678, "std_var_0": 0.0030757303558816102, "median_var_0": 0.004048709360144898, "coregionalized": false, "median_var_1": 2.928357741624634, "max_error_0_1": 0.17811768979699805, "r2_0_1": 0.945413204509231, "mae_0_1": 0.043721460588169045, "r2_0": 0.945413204509231, "train_size": 25, "mean_var_0": 0.004733687280263045, "std_var_1": 1.9406687821114628, "min_var_1": 0.6127619119403923, "_runtime": 53.81762099266052, "max_var_0": 0.022500098835575244, "mae_0": 0.043721460588169045, "max_error_0": 0.17811768979699805, "mean_var_1": 3.3752344554969067, "max_var_1": 12.330109045124058}
