{"max_var_1": 0.7831337461963558, "r2_0": 0.9807604500985169, "std_var_1": 0.01870938566773502, "max_var_0": 0.04501169924991126, "_timestamp": 1597965538.382541, "std_var_0": 0.0011335302403979607, "train_size": 375, "mean_var_0": 0.03415898032130312, "_step": 0, "mae_0": 0.026270324911250763, "coregionalized": false, "max_error_0": 0.11104041790625407, "min_var_1": 0.582686154156406, "r2_0_1": 0.9807604500985169, "mean_var_1": 0.6048657994900631, "min_var_0": 0.03282677845277957, "mae_0_1": 0.026270324911250763, "median_var_1": 0.6000744301082633, "max_error_0_1": 0.11104041790625407, "_runtime": 5729.375952005386, "median_var_0": 0.03386651255297222}
