{"_step": 1, "_timestamp": 1599569270.304217, "cv_mean": 0.9600937288535093, "_runtime": 14846.59782910347, "cv_std": 0.005494345635412872}
