{"mae_0_1": 0.041506557786363224, "median_var_1": 1.6336541893911316, "max_error_0_1": 0.16539677342668258, "min_var_0": 0.0006091948552264812, "mae_0": 0.041506557786363224, "mean_var_1": 1.8505559763342925, "min_var_1": 0.6095183923436251, "mean_var_0": 0.004807944004639583, "max_var_0": 0.02873535824890805, "max_var_1": 8.863155364975137, "train_size": 25, "std_var_0": 0.003155829552363548, "_step": 0, "coregionalized": true, "median_var_0": 0.004059418826502626, "_runtime": 34.40094017982483, "std_var_1": 0.9555458764471453, "r2_0_1": 0.9422977682271653, "max_error_0": 0.16539677342668258, "_timestamp": 1596815379.428491, "r2_0": 0.9422977682271653}
