{"mean_var_1": 1.492406152701555, "max_var_0": 0.019216534266368157, "max_var_1": 6.592292690572726, "coregionalized": true, "min_var_0": 0.0004275296744813417, "median_var_1": 1.2960302136763806, "median_var_0": 0.0029039482614861, "mae_0_1": 0.04281907585099734, "max_error_0_1": 0.17066884118407155, "r2_0_1": 0.9549704838408053, "max_error_0": 0.17066884118407155, "mean_var_0": 0.0035420702452805797, "train_size": 25, "min_var_1": 0.42220531884203805, "_runtime": 72.51445031166077, "_step": 0, "std_var_0": 0.002362516048637994, "_timestamp": 1596816457.5941062, "mae_0": 0.04281907585099734, "r2_0": 0.9549704838408053, "std_var_1": 0.7871377663382294}
