{"r2_0_1": 0.9802299298611011, "min_var_0": 0.032712645017716445, "max_var_0": 0.0498075303653933, "median_var_0": 0.03536829457764139, "r2_0": 0.9802299298611011, "_runtime": 1194.113207101822, "min_var_1": 0.5821500060101592, "std_var_1": 0.041696511670219455, "coregionalized": false, "mean_var_0": 0.03586193266476966, "mean_var_1": 0.6441613922623646, "max_error_0": 0.14449194562493917, "mae_0": 0.02688866724222213, "train_size": 93, "_timestamp": 1597983255.601726, "max_var_1": 0.9271009434599168, "median_var_1": 0.633786171897941, "mae_0_1": 0.02688866724222213, "_step": 0, "max_error_0_1": 0.14449194562493917, "std_var_0": 0.002074764474026426}
