{"mae_0_1": 0.026838547971557568, "median_var_1": 0.38037599801774863, "max_error_0_1": 0.10730114327460694, "min_var_0": 0.00015406633790693292, "mae_0": 0.026838547971557568, "mean_var_1": 0.4209701919334711, "min_var_1": 0.25778473354163484, "mean_var_0": 0.0012032698815855774, "max_var_0": 0.009368744118229522, "max_var_1": 1.6083159637673614, "train_size": 250, "std_var_0": 0.0009344663832865851, "_step": 0, "coregionalized": true, "median_var_0": 0.0009162482989539811, "_runtime": 176.6276412010193, "std_var_1": 0.1440332733950099, "r2_0_1": 0.9797629808470141, "max_error_0": 0.10730114327460694, "_timestamp": 1596815521.6551921, "r2_0": 0.9797629808470141}
