{"std_var_1": 0.02447531620170035, "mae_0_1": 0.09570772516202031, "max_error_0_1": 0.4024309141347726, "max_var_0": 0.2604299093238637, "mean_var_1": 3.468416191728454, "_step": 0, "max_var_1": 3.6073879618762006, "std_var_0": 0.03545293153052618, "min_var_0": 0.01848272826667369, "train_size": 9, "mean_var_0": 0.11866998357283957, "max_error_0": 0.4024309141347726, "median_var_1": 3.4633894081250096, "_timestamp": 1597921469.840199, "median_var_0": 0.11595915368275614, "r2_0": 0.8451199293183218, "min_var_1": 3.4277811244734515, "r2_0_1": 0.8451199293183218, "mae_0": 0.09570772516202031, "coregionalized": true, "_runtime": 138.97328114509583}
