{"std_var_0": 0.00014970508669261162, "_step": 0, "_runtime": 689.2940847873688, "min_var_0": 0.0011187417703847197, "max_error_0": 0.1258311995979815, "median_var_0": 0.0012948428202586976, "mae_0_1": 0.027999440494831697, "mean_var_0": 0.0013337513637429828, "median_var_1": 0.3522094043413261, "mae_0": 0.027999440494831697, "std_var_1": 0.07369135949939927, "coregionalized": true, "_timestamp": 1597751973.189128, "max_var_0": 0.0021832771463020503, "r2_0": 0.9760152873823178, "min_var_1": 0.2753811033884147, "max_error_0_1": 0.1258311995979815, "train_size": 125, "max_var_1": 0.8023211362281898, "mean_var_1": 0.3723235327402213, "r2_0_1": 0.9760152873823178}
