{"median_var_0": 0.006579257185139742, "max_error_0": 0.3412415453000688, "r2_0_1": 0.9016899468348881, "mean_var_1": 1.9588310049991364, "_timestamp": 1596871215.771134, "r2_0": 0.9016899468348881, "std_var_0": 0.005760948645395568, "_runtime": 41.610830783843994, "train_size": 25, "min_var_1": 0.29218104631434016, "_step": 0, "coregionalized": false, "median_var_1": 1.5723911263615946, "min_var_0": 0.0012262340390427617, "mae_0": 0.052883746621615886, "max_var_1": 9.826632319231521, "std_var_1": 1.3384004658623487, "mean_var_0": 0.00827129991069703, "mae_0_1": 0.052883746621615886, "max_error_0_1": 0.3412415453000688, "max_var_0": 0.04338073605273296}
