{"max_error_0_1": 0.6920793347929339, "r2_0_1": -99861.7003426458, "std_var_1": 0.00015541508323514263, "min_var_1": 1.729426284811031, "r2_0": -99861.7003426458, "_runtime": 23.536168098449707, "max_var_1": 1.7324911148991784, "max_error_0": 0.6920793347929339, "min_var_0": 0.23686690894074675, "mean_var_0": 0.23728543022720341, "mae_0_1": 0.19745465231561224, "mae_0": 0.19745465231561224, "median_var_0": 0.23728667637216663, "std_var_0": 2.1286070815500388e-05, "mean_var_1": 1.7324820164739634, "_timestamp": 1597405618.361562, "train_size": 2, "_step": 0, "median_var_1": 1.7324911148991662, "coregionalized": false, "max_var_0": 0.2372866763721683}
