{"_step": 1, "cv_mean": 0.9507660998863479, "_timestamp": 1599562494.30168, "_runtime": 8074.179484128952, "cv_std": 0.007195080347382058}
