{"_step": 0, "mean_var_1": 8.46203737522641, "train_size": 2, "min_var_0": 0.05355822101336294, "mae_0_1": 0.23845601898779015, "mean_var_0": 0.2713966309465357, "std_var_0": 0.05109335376234484, "r2_0_1": -17.85596033970577, "min_var_1": 3.161314315923742, "max_error_0_1": 0.8513810800685957, "mae_0": 0.23845601898779015, "median_var_0": 0.27030124574944914, "coregionalized": true, "std_var_1": 1.243268891598372, "max_var_1": 11.516022093611875, "max_error_0": 0.8513810800685957, "r2_0": -17.85596033970577, "max_var_0": 0.3969031264888292, "_timestamp": 1597513916.748759, "_runtime": 2073.284723997116, "median_var_1": 8.435383060338589}
