{"_timestamp": 1599568698.162786, "cv_mean": 0.9507486447624582, "_step": 1, "_runtime": 14271.594708919525, "cv_std": 0.004727097096476061}
