{"mae_0_1": 0.02138279031234775, "coregionalized": false, "r2_0": 0.9870355018907393, "min_var_1": 0.29251154945173424, "std_var_1": 0.03582047437552687, "median_var_1": 0.3220335763916921, "mean_var_0": 0.000732129866190834, "mae_0": 0.02138279031234775, "_step": 0, "_timestamp": 1596845708.833487, "std_var_0": 7.008876165461078e-05, "max_var_1": 0.6162303001192015, "min_var_0": 0.0006556366721063652, "max_error_0_1": 0.0941801704089178, "median_var_0": 0.000713951590085284, "_runtime": 12752.643877029419, "max_var_0": 0.0012861894607986498, "mean_var_1": 0.33127540557962143, "max_error_0": 0.0941801704089178, "train_size": 1250, "r2_0_1": 0.9870355018907393}
