{"r2_0_1": 0.6917067217376414, "min_var_0": 0.04186233665676595, "max_var_0": 0.2648699735168473, "median_var_0": 0.1696592263101402, "r2_0": 0.6917067217376414, "_runtime": 70.33128213882446, "min_var_1": 1.4363448936093595, "std_var_1": 0.04308486177163612, "coregionalized": false, "mean_var_0": 0.17004855521339005, "mean_var_1": 2.257066460612011, "max_error_0": 0.34415790160843795, "mae_0": 0.07972825678142444, "train_size": 9, "_timestamp": 1597982131.819801, "max_var_1": 2.272709461642408, "median_var_1": 2.2679201881176874, "mae_0_1": 0.07972825678142444, "_step": 0, "max_error_0_1": 0.34415790160843795, "std_var_0": 0.0343504070190164}
