{"cv_mean": 545.8064856007072, "_timestamp": 1599548020.243318, "_step": 1, "_runtime": 1755.778753042221, "cv_std": 399.1893065431947}
