{"_timestamp": 1599563699.045158, "cv_mean": 0.9479695313540045, "_step": 1, "_runtime": 9272.477080821991, "cv_std": 0.004275757198467943}
