{"_timestamp": 1596817093.137198, "_step": 0, "min_var_0": 9.999842731645003e-09, "std_var_0": 0.0010029232445749386, "median_var_0": 0.0008371008597869434, "coregionalized": true, "median_var_1": 0.35455839185010296, "max_error_0_1": 0.1313099316698163, "r2_0_1": 0.9787008746007602, "mae_0_1": 0.02751575392289186, "r2_0": 0.9787008746007602, "train_size": 750, "mean_var_0": 0.0011149372050417653, "std_var_1": 0.08174027735029216, "min_var_1": 0.29183898136971953, "_runtime": 507.5544259548187, "max_var_0": 0.013164736026810786, "mae_0": 0.02751575392289186, "max_error_0": 0.1313099316698163, "mean_var_1": 0.37716759516694437, "max_var_1": 1.265242077895747}
