{"r2_0_1": 0.8655517039926522, "min_var_0": 0.08084208538399129, "max_var_0": 0.19755410633366688, "median_var_0": 0.10780551485430728, "r2_0": 0.8655517039926522, "_runtime": 310.4823660850525, "min_var_1": 1.362446233574091, "std_var_1": 0.22681801216916556, "coregionalized": true, "mean_var_0": 0.10961962311864272, "mean_var_1": 1.7813310784289687, "max_error_0": 0.28424484325642485, "mae_0": 0.06630277123070996, "train_size": 18, "_timestamp": 1597982371.970885, "max_var_1": 3.0756401306309735, "median_var_1": 1.7530772249639401, "mae_0_1": 0.06630277123070996, "_step": 0, "max_error_0_1": 0.28424484325642485, "std_var_0": 0.01551359491716073}
