{"max_error_0_1": 0.11112414524930525, "r2_0_1": 0.981844347915136, "std_var_1": 0.002579397713940191, "min_var_1": 0.3331449491385543, "r2_0": 0.981844347915136, "_runtime": 975.3281509876251, "max_var_1": 0.35656003779211876, "max_error_0": 0.11112414524930525, "min_var_0": 0.0010463100352706269, "mean_var_0": 0.0010559026741804437, "mae_0_1": 0.025385092913264656, "mae_0": 0.025385092913264656, "median_var_0": 0.0010541955435098961, "std_var_0": 6.8085937023322755e-06, "mean_var_1": 0.3365280828360641, "_timestamp": 1597406570.153545, "train_size": 1250, "_step": 0, "median_var_1": 0.33582286661902305, "coregionalized": true, "max_var_0": 0.0011076702230991677}
