{"r2_0_1": 0.9811398854098679, "min_var_0": 0.03068584530648841, "max_var_0": 0.054909656870872695, "median_var_0": 0.0329357191867895, "r2_0": 0.9811398854098679, "_runtime": 14063.519830942154, "min_var_1": 0.5494066502020715, "std_var_1": 0.06625371870716427, "coregionalized": true, "mean_var_0": 0.033538106745152285, "mean_var_1": 0.6315158195132834, "max_error_0": 0.13317159577697835, "mae_0": 0.025916483394536068, "train_size": 375, "_timestamp": 1597996125.00835, "max_var_1": 1.2095258178401138, "median_var_1": 0.6151285925973166, "mae_0_1": 0.025916483394536068, "_step": 0, "max_error_0_1": 0.13317159577697835, "std_var_0": 0.0023751250867586828}
