{"mae_0_1": 0.021069197655291687, "coregionalized": false, "r2_0": 0.9877534435007805, "min_var_1": 0.29896850393602287, "std_var_1": 0.018397362856718825, "median_var_1": 0.315200549303383, "mean_var_0": 0.00073128811961623, "mae_0": 0.021069197655291687, "_step": 0, "_timestamp": 1596860831.166594, "std_var_0": 5.464088239565031e-05, "max_var_1": 0.4854749652881328, "min_var_0": 0.0006695989387260771, "max_error_0_1": 0.08913727456027143, "median_var_0": 0.0007167135981497187, "_runtime": 27874.976984024048, "max_var_0": 0.0012328801922599642, "mean_var_1": 0.320093289734811, "max_error_0": 0.08913727456027143, "train_size": 2000, "r2_0_1": 0.9877534435007805}
