{"max_error_0": 0.19665888856168623, "max_error_0_1": 0.19665888856168623, "mae_0": 0.037620187335006314, "_timestamp": 1596972690.813575, "r2_0_1": 0.9643666004435509, "mean_var_0": 0.0011643558695899649, "min_var_1": 10.519963963969722, "max_var_1": 10.782249616408372, "r2_0": 0.9643666004435509, "std_var_0": 0.001001739305165231, "mean_var_1": 10.560557478254003, "median_var_0": 0.0008960443041243771, "coregionalized": true, "_step": 0, "_runtime": 73.64438796043396, "std_var_1": 0.03835518866204406, "mae_0_1": 0.037620187335006314, "min_var_0": 0.00010483460485133378, "max_var_0": 0.006951363645016251, "train_size": 25, "median_var_1": 10.550352013083007}
