{"_step": 1, "cv_mean": 0.9496427382865196, "_timestamp": 1599558195.416069, "_runtime": 3775.2938730716705, "cv_std": 0.006607340058598615}
