{"r2_0": 0.7196283817198439, "median_var_0": 0.004663713790724167, "max_error_0_1": 0.38139005913201895, "max_var_0": 0.039165882451054124, "train_size": 25, "_runtime": 217.74325704574585, "_timestamp": 1597431391.060569, "_step": 0, "std_var_1": 0.23059968964091956, "r2_0_1": 0.7196283817198439, "min_var_1": 8.600088124536853, "std_var_0": 0.007870921673369717, "max_error_0": 0.38139005913201895, "min_var_0": 1.5995378799260607e-07, "coregionalized": true, "mae_0_1": 0.08611835522383092, "mean_var_0": 0.008219566022305804, "mean_var_1": 8.840897596043384, "max_var_1": 9.747552656294289, "mae_0": 0.08611835522383092, "median_var_1": 8.736719400015062}
