{"max_error_0": 0.13065199455615106, "max_error_0_1": 0.13065199455615106, "min_var_0": 0.02698985586263251, "r2_0": 0.9759791364677523, "median_var_1": 0.49352832173806094, "coregionalized": true, "_runtime": 784.9274342060089, "median_var_0": 0.030062013686565164, "max_var_0": 0.05137101957058215, "max_var_1": 0.7161392367298095, "mae_0": 0.028691051922401744, "_step": 0, "std_var_0": 0.0030925372427898948, "mae_0_1": 0.028691051922401744, "min_var_1": 0.4620935799919225, "_timestamp": 1597900819.6603851, "r2_0_1": 0.9759791364677523, "mean_var_0": 0.03084126203094275, "mean_var_1": 0.5017433222577381, "std_var_1": 0.032062189876160656, "train_size": 125}
