{"r2_0_1": 0.9782222690158918, "min_var_0": 0.029266930622479086, "max_var_0": 0.07321164076591895, "median_var_0": 0.03373821880684166, "r2_0": 0.9782222690158918, "_runtime": 3015.1165339946747, "min_var_1": 0.6455174133097075, "std_var_1": 0.11074179536983052, "coregionalized": true, "mean_var_0": 0.03480511868328534, "mean_var_1": 0.7876875298440993, "max_error_0": 0.1242156261787235, "mae_0": 0.02832598318988996, "train_size": 187, "_timestamp": 1597985076.605053, "max_var_1": 1.7543304661279484, "median_var_1": 0.7604075296161388, "mae_0_1": 0.02832598318988996, "_step": 0, "max_error_0_1": 0.1242156261787235, "std_var_0": 0.004343392065541039}
