{"max_error_0_1": 0.16975682341487097, "mean_var_1": 0.9730626454173896, "coregionalized": true, "_runtime": 30.52350902557373, "_step": 0, "median_var_0": 0.0036571585324587375, "r2_0": 0.9665393246408734, "train_size": 25, "min_var_1": 0.1875838659050136, "std_var_0": 0.003167560435535573, "mean_var_0": 0.0044421917544014665, "median_var_1": 0.8010991587714092, "min_var_0": 0.0008563506054901637, "_timestamp": 1596815248.8654232, "max_error_0": 0.16975682341487097, "std_var_1": 0.6938556229068106, "mae_0": 0.03654878471574997, "max_var_0": 0.03883682927394183, "mae_0_1": 0.03654878471574997, "r2_0_1": 0.9665393246408734, "max_var_1": 8.50722835382179}
