{"mae_0_1": 0.021661080004939413, "coregionalized": true, "r2_0": 0.9872326464666973, "min_var_1": 0.31106591602813843, "std_var_1": 0.016194001967079784, "median_var_1": 0.32690155884277466, "mean_var_0": 0.0007248581391778437, "mae_0": 0.021661080004939413, "_step": 0, "_timestamp": 1596846012.260457, "std_var_0": 3.777380701710675e-05, "max_var_1": 0.46626198669922, "min_var_0": 0.000679388474395558, "max_error_0_1": 0.09714898951203432, "median_var_0": 0.0007160214657914487, "_runtime": 13056.070847034454, "max_var_0": 0.0010433906639945355, "mean_var_1": 0.33066648756515626, "max_error_0": 0.09714898951203432, "train_size": 1250, "r2_0_1": 0.9872326464666973}
