{"std_var_1": 0.30941402865005657, "mae_0_1": 0.079012162969585, "max_error_0_1": 0.3007429925632428, "max_var_0": 0.17826658669867382, "mean_var_1": 2.3939504695770664, "_step": 0, "max_var_1": 3.883245508298907, "std_var_0": 0.019912781949389287, "min_var_0": 0.006367484838726973, "train_size": 18, "mean_var_0": 0.07351093869914913, "max_error_0": 0.3007429925632428, "median_var_1": 2.3802630871612607, "_timestamp": 1597921614.721309, "median_var_0": 0.07292094257158677, "r2_0": 0.7946957797124048, "min_var_1": 1.6777049012943743, "r2_0_1": 0.7946957797124048, "mae_0": 0.079012162969585, "coregionalized": false, "_runtime": 283.85439109802246}
