{"mean_var_1": 0.38401497247399713, "max_var_0": 0.00210686707901696, "max_var_1": 0.891948193648695, "coregionalized": true, "min_var_0": 0.0005702215044918074, "median_var_1": 0.36788535630015723, "median_var_0": 0.0007215059663421169, "mae_0_1": 0.023443337733762722, "max_error_0_1": 0.10478458048936368, "r2_0_1": 0.9855219016804775, "max_error_0": 0.10478458048936368, "mean_var_0": 0.0007646250603300965, "train_size": 250, "min_var_1": 0.30726759893563177, "_runtime": 121.80178213119507, "_step": 0, "std_var_0": 0.0001610881859316439, "_timestamp": 1596816506.881438, "mae_0": 0.023443337733762722, "r2_0": 0.9855219016804775, "std_var_1": 0.06217960253138793}
