{"_timestamp": 1597474240.9380312, "max_var_0": 0.03551526429968798, "_runtime": 333.8583459854126, "std_var_0": 0.0004338377872692991, "r2_0": 0.9770555397747114, "mean_var_0": 0.031788329606722426, "mae_0": 0.027283823612768196, "min_var_1": 0.5701257688789688, "r2_0_1": 0.9770555397747114, "mean_var_1": 0.5812269662260278, "_step": 0, "std_var_1": 0.006486748233296276, "max_var_1": 0.621350599947454, "max_error_0_1": 0.11443441096790075, "median_var_1": 0.5800002906063789, "median_var_0": 0.03171432640631465, "coregionalized": false, "min_var_0": 0.03116258118122721, "train_size": 250, "max_error_0": 0.11443441096790075, "mae_0_1": 0.027283823612768196}
