{"std_var_1": 0.6676465118973984, "mae_0_1": 0.10249100710332185, "max_error_0_1": 0.36432586779389386, "max_var_0": 0.24113506812586086, "mean_var_1": 1.822487482390233, "_step": 0, "max_var_1": 4.521485132954752, "std_var_0": 0.03560618778575281, "min_var_0": 0.0029580661735072694, "train_size": 9, "mean_var_0": 0.09719501035900799, "max_error_0": 0.36432586779389386, "median_var_1": 1.7264316538459221, "_timestamp": 1597921389.630164, "median_var_0": 0.09207222580198862, "r2_0": 0.5732649181295544, "min_var_1": 0.05543482109701543, "r2_0_1": 0.5732649181295544, "mae_0": 0.10249100710332185, "coregionalized": true, "_runtime": 58.763246059417725}
