{"std_var_0": 0.001470059477212397, "_step": 0, "_runtime": 256.1857328414917, "min_var_0": 0.0038787612685871023, "max_error_0": 0.2646451175220439, "median_var_0": 0.005535555121728205, "mae_0_1": 0.06872948269620087, "mean_var_0": 0.005964405658721236, "median_var_1": 5.70327818056004, "mae_0": 0.06872948269620087, "std_var_1": 0.05247349240912516, "coregionalized": true, "_timestamp": 1597751540.080776, "max_var_0": 0.012980559979530956, "r2_0": 0.8199383023364892, "min_var_1": 5.64413924024928, "max_error_0_1": 0.2646451175220439, "train_size": 25, "max_var_1": 5.9690262077303435, "mean_var_1": 5.718585918611793, "r2_0_1": 0.8199383023364892}
