{"max_error_0_1": 0.11141867415088225, "r2_0_1": 0.9817976610516693, "std_var_1": 0.0033303066638352887, "min_var_1": 0.33421558215706154, "r2_0": 0.9817976610516693, "_runtime": 3283.2111699581146, "max_var_1": 0.3681930907019834, "max_error_0": 0.11141867415088225, "min_var_0": 0.0010963680375184403, "mean_var_0": 0.00110688083356279, "mae_0_1": 0.025302921659986096, "mae_0": 0.025302921659986096, "median_var_0": 0.0011049678701724396, "std_var_0": 8.026276362816194e-06, "mean_var_1": 0.33816902148811623, "_timestamp": 1597408878.0365639, "train_size": 1250, "_step": 0, "median_var_1": 0.3372616179236631, "coregionalized": true, "max_var_0": 0.0011836664903725968}
