{"mae_0_1": 0.02676133976384596, "median_var_1": 0.33357811939437315, "max_error_0_1": 0.11790567033396915, "min_var_0": 0.00011986240462702469, "mae_0": 0.02676133976384596, "mean_var_1": 0.3504370885924542, "min_var_1": 0.2716963085026251, "mean_var_0": 0.0012408614839096736, "max_var_0": 0.01124635341032798, "max_var_1": 0.9997710350161655, "train_size": 750, "std_var_0": 0.0010188635275465766, "_step": 0, "coregionalized": true, "median_var_0": 0.0009462150177586004, "_runtime": 397.9223401546478, "std_var_1": 0.06973805503763064, "r2_0_1": 0.9788501754076098, "max_error_0": 0.11790567033396915, "_timestamp": 1596815742.949891, "r2_0": 0.9788501754076098}
