{"median_var_0": 0.0018814623454428414, "max_error_0": 0.32028486313923743, "r2_0_1": 0.8958519795918615, "mean_var_1": 2.134247798445048, "_timestamp": 1596871197.468841, "r2_0": 0.8958519795918615, "std_var_0": 0.0015845442618457643, "_runtime": 23.30853796005249, "train_size": 25, "min_var_1": 0.34783890518588123, "_step": 0, "coregionalized": false, "median_var_1": 1.7986337636635312, "min_var_0": 0.00032302792038230166, "mae_0": 0.05658657673285934, "max_var_1": 11.021916403614739, "std_var_1": 1.327308256945092, "mean_var_0": 0.0022995035765067825, "mae_0_1": 0.05658657673285934, "max_error_0_1": 0.32028486313923743, "max_var_0": 0.016681045524812532}
