{"_step": 0, "mean_var_1": 0.5926277492009966, "train_size": 250, "min_var_0": 0.03168318219463919, "mae_0_1": 0.0256370168213846, "mean_var_0": 0.03237398052222724, "std_var_0": 0.0005202606843326912, "r2_0_1": 0.9816960248608471, "min_var_1": 0.5810028868934994, "max_error_0_1": 0.12465197420159946, "mae_0": 0.0256370168213846, "median_var_0": 0.032265945861118625, "coregionalized": false, "std_var_1": 0.0068041838229904025, "max_var_1": 0.6375788002039899, "max_error_0": 0.12465197420159946, "r2_0": 0.9816960248608471, "max_var_0": 0.03819625389428754, "_timestamp": 1597514749.188534, "_runtime": 2905.724498987198, "median_var_1": 0.5913121937704586}
