{"_timestamp": 1596956474.878051, "median_var_0": 0.003928374940437962, "train_size": 25, "r2_0_1": 0.9522462242041453, "min_var_1": 0.2664969711799472, "median_var_1": 1.6753751586052203, "std_var_0": 0.0030214456662585975, "_runtime": 497.23850107192993, "mae_0": 0.040501871802599905, "mae_0_1": 0.040501871802599905, "max_var_0": 0.03675885970258763, "coregionalized": false, "_step": 0, "mean_var_0": 0.004655811744556472, "max_var_1": 14.608006848075462, "max_error_0": 0.15947615168644313, "std_var_1": 1.1947466639497826, "mean_var_1": 1.9560544819466337, "max_error_0_1": 0.15947615168644313, "r2_0": 0.9522462242041453, "min_var_0": 0.0005843696189709036}
