{"_timestamp": 1597474028.560701, "max_var_0": 0.16262613579441965, "_runtime": 121.48101568222046, "std_var_0": 0.013848735121957499, "r2_0": 0.7317794758063989, "mean_var_0": 0.007147195902843825, "mae_0": 0.07976655993780103, "min_var_1": 0.06001594867029781, "r2_0_1": 0.7317794758063989, "mean_var_1": 3.271098361704412, "_step": 0, "std_var_1": 6.338241507684663, "max_var_1": 74.43016996737424, "max_error_0_1": 0.4427782179942459, "median_var_1": 1.503323833633658, "median_var_0": 0.003284696097034967, "coregionalized": true, "min_var_0": 0.0001311360266207373, "train_size": 25, "max_error_0": 0.4427782179942459, "mae_0_1": 0.07976655993780103}
