{"r2_0": 0.9506664479533465, "median_var_0": 0.0012434264801655104, "max_error_0_1": 0.19951414760419706, "max_var_0": 0.0725153764380817, "train_size": 250, "_runtime": 447.03441619873047, "_timestamp": 1597431620.3517282, "_step": 0, "std_var_1": 0.717375200237964, "r2_0_1": 0.9506664479533465, "min_var_1": 0.33196832278320365, "std_var_0": 0.004756710192942303, "max_error_0": 0.19951414760419706, "min_var_0": 9.999695294027336e-09, "coregionalized": true, "mae_0_1": 0.04045126009349691, "mean_var_0": 0.002099927221912836, "mean_var_1": 0.7040252029332754, "max_var_1": 11.046884914179309, "mae_0": 0.04045126009349691, "median_var_1": 0.5659323230610688}
