{"_runtime": 785.9884848594666, "mae_0": 0.028509461608112515, "_step": 0, "mean_var_0": 0.0008224151358947523, "mae_0_1": 0.028509461608112515, "max_var_0": 0.04027169858673618, "train_size": 250, "median_var_0": 0.0004610306766030803, "median_var_1": 0.22343651604174397, "max_var_1": 3.252000366318512, "r2_0_1": 0.9759798449538026, "min_var_0": 7.531483293021779e-06, "std_var_0": 0.0020628195246090754, "mean_var_1": 0.30868927877761043, "max_error_0_1": 0.14234156890370908, "r2_0": 0.9759798449538026, "_timestamp": 1596972099.5237389, "std_var_1": 0.3036710662034646, "min_var_1": 0.02292888258898529, "coregionalized": false, "max_error_0": 0.14234156890370908}
