{"mae_0_1": 0.026639023286572177, "median_var_1": 0.44576220169398084, "max_error_0_1": 0.1257383246423598, "min_var_0": 0.00023767108868066877, "mae_0": 0.026639023286572177, "mean_var_1": 0.55551595553396, "min_var_1": 0.10045241629879342, "mean_var_0": 0.0013909897346606034, "max_var_0": 0.007784772359697989, "max_var_1": 2.8774213752342632, "train_size": 250, "std_var_0": 0.0010091493734711147, "_step": 0, "coregionalized": false, "median_var_0": 0.0011047915219106752, "_runtime": 240.3677098751068, "std_var_1": 0.38142411086550393, "r2_0_1": 0.9794679579675645, "max_error_0": 0.1257383246423598, "_timestamp": 1596815585.3952608, "r2_0": 0.9794679579675645}
