{"_step": 1, "cv_mean": 0.9423739288222762, "_timestamp": 1599561240.3789089, "_runtime": 6820.256712913513, "cv_std": 0.007579847279568444}
