{"max_error_0": 0.2365674599077492, "max_error_0_1": 0.2365674599077492, "min_var_0": 0.04828863643557934, "r2_0": 0.867486607279143, "median_var_1": 2.097573314243853, "coregionalized": false, "_runtime": 247.18744111061096, "median_var_0": 0.07129304433731365, "max_var_0": 0.14510381991439408, "max_var_1": 3.5492237808341307, "mae_0": 0.0654726455784869, "_step": 0, "std_var_0": 0.015148272069946268, "mae_0_1": 0.0654726455784869, "min_var_1": 1.4315695172959442, "_timestamp": 1597900281.920392, "r2_0_1": 0.867486607279143, "mean_var_0": 0.07384253010998404, "mean_var_1": 2.1275023403804445, "std_var_1": 0.357695151481529, "train_size": 25}
