{"_step": 1, "cv_mean": 355.6819627433969, "_timestamp": 1599548768.7301528, "_runtime": 2393.083219766617, "cv_std": 246.701445302836}
