{"max_var_1": 1.1859190899501237, "r2_0": 0.9789694667439449, "std_var_1": 0.06923945126424479, "max_var_0": 0.05950725982140302, "_timestamp": 1597962685.285003, "std_var_0": 0.0027193037476158114, "train_size": 187, "mean_var_0": 0.03624497711203883, "_step": 0, "mae_0": 0.02710761078728309, "coregionalized": true, "max_error_0": 0.11695170994465265, "min_var_1": 0.520040630424328, "r2_0_1": 0.9789694667439449, "mean_var_1": 0.6172450642966706, "min_var_0": 0.03251550950920387, "mae_0_1": 0.02710761078728309, "median_var_1": 0.5981553657985057, "max_error_0_1": 0.11695170994465265, "_runtime": 2876.2784140110016, "median_var_0": 0.03549784319436912}
