{"mae_0_1": 0.04477611101881219, "median_var_1": 1.5732816640174008, "max_error_0_1": 0.2066993069926668, "min_var_0": 0.0002781492970100885, "mae_0": 0.04477611101881219, "mean_var_1": 1.8246277750426205, "min_var_1": 0.32678984683423096, "mean_var_0": 0.0019094843008374254, "max_var_0": 0.009493715068742858, "max_var_1": 6.670903524177504, "train_size": 25, "std_var_0": 0.001171876945365508, "_step": 0, "coregionalized": false, "median_var_0": 0.001596552572934229, "_runtime": 11.930647134780884, "std_var_1": 0.9448013167649916, "r2_0_1": 0.949259354453008, "max_error_0": 0.2066993069926668, "_timestamp": 1596815356.958198, "r2_0": 0.949259354453008}
