{"std_var_1": 0.023326991606864526, "mae_0_1": 0.026810449379019285, "max_error_0_1": 0.13279061715985874, "max_var_0": 0.04803191669437952, "mean_var_1": 0.5849164164316849, "_step": 0, "max_var_1": 0.8669396905149286, "std_var_0": 0.00129152265156892, "min_var_0": 0.031058588833972778, "train_size": 937, "mean_var_0": 0.0325240842722819, "max_error_0": 0.13279061715985874, "median_var_1": 0.5788402140732034, "_timestamp": 1597936522.563168, "median_var_0": 0.03218407725343453, "r2_0": 0.9790389556359743, "min_var_1": 0.5584915854039507, "r2_0_1": 0.9790389556359743, "mae_0": 0.026810449379019285, "coregionalized": true, "_runtime": 15191.696250200272}
