{"mean_var_1": 1.5756645817403565, "max_var_0": 0.044120024679907874, "max_var_1": 7.839061733319453, "coregionalized": true, "min_var_0": 0.0011989196242958987, "median_var_1": 1.3825753095621838, "median_var_0": 0.007781421993890577, "mae_0_1": 0.0478837038047564, "max_error_0_1": 0.22361474497944567, "r2_0_1": 0.9340941641971227, "max_error_0": 0.22361474497944567, "mean_var_0": 0.008868177295685686, "train_size": 25, "min_var_1": 0.21302304531081867, "_runtime": 28.93811821937561, "_step": 0, "std_var_0": 0.00516960116634657, "_timestamp": 1596816414.017774, "mae_0": 0.0478837038047564, "r2_0": 0.9340941641971227, "std_var_1": 0.9185129044670743}
