{"std_var_0": 0.004597190447914536, "_step": 0, "_runtime": 120.44481682777405, "min_var_0": 0.001128351540794075, "max_error_0": 0.2860413630576195, "median_var_0": 0.00606357020214368, "mae_0_1": 0.0722973529910348, "mean_var_0": 0.007206470116065296, "median_var_1": 9.433061378251228, "mae_0": 0.0722973529910348, "std_var_1": 0.14526599553068134, "coregionalized": true, "_timestamp": 1597751404.33986, "max_var_0": 0.040645948237121116, "r2_0": 0.7989386364070652, "min_var_1": 9.277114075191808, "max_error_0_1": 0.2860413630576195, "train_size": 12, "max_var_1": 10.525825236957193, "mean_var_1": 9.46917571714337, "r2_0_1": 0.7989386364070652}
