{"_step": 0, "mean_var_1": 1.8080157754194708, "train_size": 25, "min_var_0": 2.7225639595290272e-05, "mae_0_1": 0.07198599251964855, "mean_var_0": 0.05362205730933194, "std_var_0": 0.03497172654233974, "r2_0_1": 0.8196978189374106, "min_var_1": 0.0003357058254939044, "max_error_0_1": 0.3841172314709458, "mae_0": 0.07198599251964855, "median_var_0": 0.04489051281438755, "coregionalized": false, "std_var_1": 0.8491778251347468, "max_var_1": 3.9695693344315095, "max_error_0": 0.3841172314709458, "r2_0": 0.8196978189374106, "max_var_0": 0.22402772415724567, "_timestamp": 1597514341.8773801, "_runtime": 2498.4133450984955, "median_var_1": 1.672130790114894}
