{"mae_0_1": 0.02106897045507108, "coregionalized": true, "r2_0": 0.9878830609972591, "min_var_1": 0.2876692680580808, "std_var_1": 0.012409684368362674, "median_var_1": 0.2992959884865476, "mean_var_0": 0.0006939743525533863, "mae_0": 0.02106897045507108, "_step": 0, "_timestamp": 1596861865.0029771, "std_var_0": 3.318415006376787e-05, "max_var_1": 0.41643294374777806, "min_var_0": 0.0006554638839512061, "max_error_0_1": 0.09112660811322737, "median_var_0": 0.0006860149896888922, "_runtime": 28908.813367128372, "max_var_0": 0.0010049221909790229, "mean_var_1": 0.3022350654823972, "max_error_0": 0.09112660811322737, "train_size": 2000, "r2_0_1": 0.9878830609972591}
