{"std_var_1": 0.7223056777995002, "mae_0_1": 0.10644006686349772, "max_error_0_1": 0.4685545867910843, "max_var_0": 0.3302416069752429, "mean_var_1": 3.3855375791322775, "_step": 0, "max_var_1": 6.481561315492586, "std_var_0": 0.047911221707179645, "min_var_0": 0.02516703539257361, "train_size": 9, "mean_var_0": 0.14120681376341498, "max_error_0": 0.4685545867910843, "median_var_1": 3.3009575078278894, "_timestamp": 1597921494.5786629, "median_var_0": 0.1365350953889693, "r2_0": 0.788386968849669, "min_var_1": 2.023494423550282, "r2_0_1": 0.788386968849669, "mae_0": 0.10644006686349772, "coregionalized": true, "_runtime": 163.71174502372742}
