{"_timestamp": 1596958342.2841961, "median_var_0": 0.0023201383741024983, "train_size": 25, "r2_0_1": 0.9409326364372077, "min_var_1": 0.3163151561297468, "median_var_1": 1.5274779210091651, "std_var_0": 0.002497215297471827, "_runtime": 2364.644646167755, "mae_0": 0.04586925471342502, "mae_0_1": 0.04586925471342502, "max_var_0": 0.030676785216178004, "coregionalized": false, "_step": 0, "mean_var_0": 0.003034562674756273, "max_var_1": 15.992063194130054, "max_error_0": 0.18027764934086843, "std_var_1": 1.388615859147976, "mean_var_1": 1.9305763106178482, "max_error_0_1": 0.18027764934086843, "r2_0": 0.9409326364372077, "min_var_0": 0.0004043727457681001}
