{"max_error_0_1": 0.10514581800478506, "r2_0_1": 0.9819621037061754, "std_var_1": 0.004561888143042442, "min_var_1": 0.34108577630732445, "r2_0": 0.9819621037061754, "_runtime": 1528.8898930549622, "max_var_1": 0.3932973887703219, "max_error_0": 0.10514581800478506, "min_var_0": 0.0010865848338032834, "mean_var_0": 0.0011008443834061496, "mae_0_1": 0.025390294509617998, "mae_0": 0.025390294509617998, "median_var_0": 0.0010970163451309077, "std_var_0": 1.3612491996407927e-05, "mean_var_1": 0.34577396066401384, "_timestamp": 1597407123.715287, "train_size": 1250, "_step": 0, "median_var_1": 0.34444929621432213, "coregionalized": true, "max_var_0": 0.0012431062817374937}
