{"max_var_1": 4.050786392989699, "r2_0": 0.5765419642567482, "std_var_1": 0.39073251796169317, "max_var_0": 0.1665901335678959, "_timestamp": 1597960191.997358, "std_var_0": 0.02144505774337639, "train_size": 18, "mean_var_0": 0.08224979936521325, "_step": 0, "mae_0": 0.08471764532903463, "coregionalized": false, "max_error_0": 0.40426205833486684, "min_var_1": 1.610435450000989, "r2_0_1": 0.5765419642567482, "mean_var_1": 2.7383187757397516, "min_var_0": 0.003092415241462462, "mae_0_1": 0.08471764532903463, "median_var_1": 2.719583788928662, "max_error_0_1": 0.40426205833486684, "_runtime": 382.9907691478729, "median_var_0": 0.08081013706634883}
