{"std_var_1": 0.031033018906612034, "mae_0_1": 0.0759077921200759, "max_error_0_1": 0.2725249849033804, "max_var_0": 0.31889325115336653, "mean_var_1": 3.6317370217898084, "_step": 0, "max_var_1": 3.6362462864605085, "std_var_0": 0.03985284253445433, "min_var_0": 0.056023093499682354, "train_size": 9, "mean_var_0": 0.19803541862755938, "max_error_0": 0.2725249849033804, "median_var_1": 3.6359809667968808, "_timestamp": 1597921504.090442, "median_var_0": 0.20005639142427925, "r2_0": 0.7707733992181153, "min_var_1": 2.9266276707530605, "r2_0_1": 0.7707733992181153, "mae_0": 0.0759077921200759, "coregionalized": false, "_runtime": 173.22352409362793}
