{"cv_mean": 417.6831266450199, "_runtime": 26.206033945083618, "_step": 1, "_timestamp": 1599549822.3819048, "cv_std": 300.6670388966938}
