{"_timestamp": 1596965762.557478, "median_var_0": 0.0008196973448413303, "train_size": 750, "r2_0_1": 0.9767688370106706, "min_var_1": 0.2942053201059393, "median_var_1": 0.3529882828889383, "std_var_0": 0.0014274852557196744, "_runtime": 9784.917927980423, "mae_0": 0.02881611062166171, "mae_0_1": 0.02881611062166171, "max_var_0": 0.026571139037573133, "coregionalized": true, "_step": 0, "mean_var_0": 0.0011604851341455841, "max_var_1": 1.921759522254726, "max_error_0": 0.11832823066798781, "std_var_1": 0.0950760135852324, "mean_var_1": 0.3729918800309476, "max_error_0_1": 0.11832823066798781, "r2_0": 0.9767688370106706, "min_var_0": 9.999817862649546e-09}
