{"_step": 1, "cv_mean": 0.9530009325920634, "_timestamp": 1599557480.498667, "_runtime": 3060.376471042633, "cv_std": 0.006903610252998687}
