{"_runtime": 617.5104670524597, "mae_0": 0.06233836897691435, "_step": 0, "mean_var_0": 0.0049750124748725285, "mae_0_1": 0.06233836897691435, "max_var_0": 0.10201055239440393, "train_size": 25, "median_var_0": 0.0019365042653589626, "median_var_1": 0.2226818747242305, "max_var_1": 3.599393102864724, "r2_0_1": 0.9039207555299557, "min_var_0": 0.00031671017495682463, "std_var_0": 0.0112998180408047, "mean_var_1": 0.35428843424644546, "max_error_0_1": 0.34703268221572214, "r2_0": 0.9039207555299557, "_timestamp": 1596971931.045721, "std_var_1": 0.3869357657412333, "min_var_1": 3.4008621696557384e-08, "coregionalized": false, "max_error_0": 0.34703268221572214}
