{"std_var_1": 0.010330511762755507, "mae_0_1": 0.02612851918956077, "max_error_0_1": 0.12776052721822406, "max_var_0": 0.03942878742350325, "mean_var_1": 0.5912573971310012, "_step": 0, "max_var_1": 0.706870882561949, "std_var_0": 0.0005388474002312417, "min_var_0": 0.03278210357421864, "train_size": 937, "mean_var_0": 0.033450239334801915, "max_error_0": 0.12776052721822406, "median_var_1": 0.588614503080238, "_timestamp": 1597953241.9652638, "median_var_0": 0.03331443089902499, "r2_0": 0.9803420824566248, "min_var_1": 0.5785554850309284, "r2_0_1": 0.9803420824566248, "mae_0": 0.02612851918956077, "coregionalized": false, "_runtime": 31911.09834599495}
