{"_step": 1, "_timestamp": 1599555316.297993, "cv_mean": 0.9388425266924955, "_runtime": 892.5916049480438, "cv_std": 0.00762219231814198}
