{"_timestamp": 1596816768.533657, "_step": 0, "min_var_0": 0.000870994959160668, "std_var_0": 0.00021213353366726382, "median_var_0": 0.0010647167782694843, "coregionalized": false, "median_var_1": 0.494244270032425, "max_error_0_1": 0.09978585292846343, "r2_0_1": 0.9842264299431914, "mae_0_1": 0.02308580744611532, "r2_0": 0.9842264299431914, "train_size": 250, "mean_var_0": 0.0011171036978242332, "std_var_1": 0.4271451932589655, "min_var_1": 0.08540042703951656, "_runtime": 182.95088505744934, "max_var_0": 0.002877392974237295, "mae_0": 0.02308580744611532, "max_error_0": 0.09978585292846343, "mean_var_1": 0.5896293326966557, "max_var_1": 3.976387246773598}
