{"_runtime": 644.7478680610657, "_timestamp": 1599547004.845838, "_step": 1, "cv_mean": 363.0918282570745, "cv_std": 250.32640513925256}
