{"std_var_1": 0.029020537825538477, "mae_0_1": 0.026832611028653655, "max_error_0_1": 0.12810776517507216, "max_var_0": 0.044727636441877314, "mean_var_1": 0.6315081619677095, "_step": 0, "max_var_1": 0.8925487148312319, "std_var_0": 0.0013758494027058493, "min_var_0": 0.030341955492154807, "train_size": 187, "mean_var_0": 0.03239795260809295, "max_error_0": 0.12810776517507216, "median_var_1": 0.6247254327459141, "_timestamp": 1597923848.443241, "median_var_0": 0.03207702350548826, "r2_0": 0.979200773370131, "min_var_1": 0.5885686763108745, "r2_0_1": 0.979200773370131, "mae_0": 0.026832611028653655, "coregionalized": true, "_runtime": 2517.576323032379}
