{"median_var_0": 0.0032733827718525177, "max_error_0": 0.19860926275572321, "r2_0_1": 0.9524631813675912, "mean_var_1": 1.5457731659481266, "_timestamp": 1596871230.104129, "r2_0": 0.9524631813675912, "std_var_0": 0.002616636544265741, "_runtime": 55.9438259601593, "train_size": 25, "min_var_1": 0.24025499230640435, "_step": 0, "coregionalized": false, "median_var_1": 1.3089576369822566, "min_var_0": 0.0005763697071969887, "mae_0": 0.04056380809225717, "max_var_1": 6.274316801688883, "std_var_1": 0.9952355588457736, "mean_var_0": 0.003946905262187799, "mae_0_1": 0.04056380809225717, "max_error_0_1": 0.19860926275572321, "max_var_0": 0.01695154875607141}
