{"mae_0_1": 0.04736150663675674, "median_var_1": 0.8075437514606847, "max_error_0_1": 0.2207368851252971, "min_var_0": 0.00134775323735159, "mae_0": 0.04736150663675674, "mean_var_1": 0.9615331918715918, "min_var_1": 0.21740299370753746, "mean_var_0": 0.0058680334171906726, "max_var_0": 0.024911331693066252, "max_var_1": 4.124230503189665, "train_size": 25, "std_var_0": 0.0035568092693525717, "_step": 0, "coregionalized": false, "median_var_0": 0.004906877194101433, "_runtime": 103.74939393997192, "std_var_1": 0.592910332660113, "r2_0_1": 0.9182599416919623, "max_error_0": 0.2207368851252971, "_timestamp": 1596815448.7769449, "r2_0": 0.9182599416919623}
