{"_timestamp": 1596817222.22421, "_step": 0, "min_var_0": 0.000184625541785888, "std_var_0": 0.0008926121131695489, "median_var_0": 0.0008523430339049123, "coregionalized": true, "median_var_1": 0.35061675134309594, "max_error_0_1": 0.13587266649537177, "r2_0_1": 0.9808732582236634, "mae_0_1": 0.025410291779606707, "r2_0": 0.9808732582236634, "train_size": 750, "mean_var_0": 0.0011174418115488293, "std_var_1": 0.07067216609349157, "min_var_1": 0.2919678584844398, "_runtime": 636.6414380073547, "max_var_0": 0.008903548858306465, "mae_0": 0.025410291779606707, "max_error_0": 0.13587266649537177, "mean_var_1": 0.3692687526906804, "max_var_1": 0.9354817004385716}
