{"_timestamp": 1597485621.374687, "max_var_0": 0.03270301761062918, "_runtime": 11714.295001745224, "std_var_0": 0.00014243340894115443, "r2_0": 0.9775008724131957, "mean_var_0": 0.031797694083539815, "mae_0": 0.026730665561662703, "min_var_1": 0.5657647838624975, "r2_0_1": 0.9775008724131957, "mean_var_1": 0.5691820581991275, "_step": 0, "std_var_1": 0.00270653434369836, "max_var_1": 0.5873895470557455, "max_error_0_1": 0.11859659761143915, "median_var_1": 0.5685075536601443, "median_var_0": 0.03176585126072668, "coregionalized": false, "min_var_0": 0.03161146347989578, "train_size": 1250, "max_error_0": 0.11859659761143915, "mae_0_1": 0.026730665561662703}
