{"mae_0_1": 0.022082493874680323, "coregionalized": false, "r2_0": 0.985956292091033, "min_var_1": 0.28394294067538767, "std_var_1": 0.04775215476815578, "median_var_1": 0.32565690097317174, "mean_var_0": 0.0007578877704080959, "mae_0": 0.022082493874680323, "_step": 0, "_timestamp": 1596845358.193346, "std_var_0": 8.386972075442947e-05, "max_var_1": 0.7564279138809977, "min_var_0": 0.0006603163332481736, "max_error_0_1": 0.10472716353004241, "median_var_0": 0.0007352103271738579, "_runtime": 12402.003736019135, "max_var_0": 0.0014812380727942391, "mean_var_1": 0.33873407855205623, "max_error_0": 0.10472716353004241, "train_size": 750, "r2_0_1": 0.985956292091033}
