{"_timestamp": 1596971096.753123, "median_var_0": 0.0007290773648257792, "train_size": 1250, "r2_0_1": 0.9859293611303781, "min_var_1": 0.2987034651362289, "median_var_1": 0.33100926251269513, "std_var_0": 0.00011344530781454295, "_runtime": 15119.11357307434, "mae_0": 0.022245898391452395, "mae_0_1": 0.022245898391452395, "max_var_0": 0.0025964534588162375, "coregionalized": false, "_step": 0, "mean_var_0": 0.0007524144876237907, "max_var_1": 1.2669661659622458, "max_error_0": 0.10894047150429298, "std_var_1": 0.05673837291914669, "mean_var_1": 0.3425428003723772, "max_error_0_1": 0.10894047150429298, "r2_0": 0.9859293611303781, "min_var_0": 0.0006636996880139729}
