{"mean_var_0": 0.25946415067827944, "mae_0": 0.27600744936993626, "max_var_0": 0.25946415145431007, "r2_0": -281898984.54621506, "coregionalized": false, "r2_0_1": -281898984.54621506, "max_error_0_1": 0.8487822405733214, "_step": 0, "_runtime": 23.910226106643677, "min_var_0": 0.25946384803133404, "mae_0_1": 0.27600744936993626, "median_var_1": 2.519294513148104, "max_var_1": 2.5192945131482047, "train_size": 2, "_timestamp": 1597746430.50614, "max_error_0": 0.8487822405733214, "mean_var_1": 2.519287322859709, "std_var_1": 0.00013030474615347796, "std_var_0": 1.2324787836851685e-08, "min_var_1": 2.5164854526961524, "median_var_0": 0.259464151454175}
