{"max_error_0": 0.14488274302201942, "max_error_0_1": 0.14488274302201942, "mae_0": 0.0285879645838368, "_timestamp": 1596972677.444957, "r2_0_1": 0.9774556027935508, "mean_var_0": 0.0003344539747644319, "min_var_1": 10.463909720878677, "max_var_1": 10.689279971926583, "r2_0": 0.9774556027935508, "std_var_0": 0.0005034831733523627, "mean_var_1": 10.475559509736245, "median_var_0": 0.00019197736381748598, "coregionalized": true, "_step": 0, "_runtime": 60.27576994895935, "std_var_1": 0.018065561996853732, "mae_0_1": 0.0285879645838368, "min_var_0": 9.776964223551232e-06, "max_var_0": 0.006290795467636556, "train_size": 25, "median_var_1": 10.47044728318251}
