{"max_var_1": 2.7794105863364367, "r2_0": 0.5197068221406058, "std_var_1": 0.09067907610594746, "max_var_0": 0.25735621848364476, "_timestamp": 1597959909.322301, "std_var_0": 0.0291615551787985, "train_size": 9, "mean_var_0": 0.13201145442359416, "_step": 0, "mae_0": 0.10872606633576247, "coregionalized": false, "max_error_0": 0.4014962886522391, "min_var_1": 0.003447185586894562, "r2_0_1": 0.5197068221406058, "mean_var_1": 2.7668729767128823, "min_var_0": 4.526915504874911e-05, "mae_0_1": 0.10872606633576247, "median_var_1": 2.7766873572605855, "max_error_0_1": 0.4014962886522391, "_runtime": 100.31571197509766, "median_var_0": 0.1313523626499598}
