{"_step": 0, "mean_var_1": 1.0454717477117448, "train_size": 25, "min_var_0": 8.154376329372326e-05, "mae_0_1": 0.06854390866856634, "mean_var_0": 0.003893782521507265, "std_var_0": 0.01689777511426896, "r2_0_1": 0.8793345568377802, "min_var_1": 0.021890480722504987, "max_error_0_1": 0.5156162600052414, "mae_0": 0.06854390866856634, "median_var_0": 0.0010901514158145886, "coregionalized": true, "std_var_1": 4.537058276222549, "max_var_1": 83.10586523727261, "max_error_0": 0.5156162600052414, "r2_0": 0.8793345568377802, "max_var_0": 0.3095186258633964, "_timestamp": 1597514170.253582, "_runtime": 2326.7895469665527, "median_var_1": 0.2926964193570717}
