{"median_var_0": 0.0008377377616051174, "max_error_0": 0.12801726330323815, "r2_0_1": 0.9768484673709471, "mean_var_1": 0.5458124513887652, "_timestamp": 1596874137.18122, "r2_0": 0.9768484673709471, "std_var_0": 0.0008928840685772693, "_runtime": 2963.0209169387817, "train_size": 250, "min_var_1": 0.11357877688732287, "_step": 0, "coregionalized": false, "median_var_1": 0.4129134680447635, "min_var_0": 0.0002220168328344041, "mae_0": 0.027753490181574886, "max_var_1": 3.3669547595196008, "std_var_1": 0.3948256991938696, "mean_var_0": 0.0011382768329502714, "mae_0_1": 0.027753490181574886, "max_error_0_1": 0.12801726330323815, "max_var_0": 0.00812767342279086}
