{"mae_0_1": 0.022105476235283004, "coregionalized": true, "r2_0": 0.986606442859618, "min_var_1": 0.32323794310701803, "std_var_1": 0.038302637376793854, "median_var_1": 0.3594749424160577, "mean_var_0": 0.0007570182637930612, "mae_0": 0.022105476235283004, "_step": 0, "_timestamp": 1596845456.68578, "std_var_0": 8.492936332395984e-05, "max_var_1": 0.7094490150053057, "min_var_0": 0.0006567620207928669, "max_error_0_1": 0.08676733141707738, "median_var_0": 0.0007365558645315516, "_runtime": 12500.496170043945, "max_var_0": 0.0015163634529611002, "mean_var_1": 0.36866185442043964, "max_error_0": 0.08676733141707738, "train_size": 750, "r2_0_1": 0.986606442859618}
