{"_step": 1, "cv_mean": 0.953471254233975, "_timestamp": 1599571409.375743, "_runtime": 16989.2535469532, "cv_std": 0.007540993953837676}
