{"_runtime": 704.4419729709625, "mae_0": 0.029162003725632133, "_step": 0, "mean_var_0": 0.0011624608860744097, "mae_0_1": 0.029162003725632133, "max_var_0": 0.013587804425078787, "train_size": 250, "median_var_0": 0.0009054876812260026, "median_var_1": 0.2680202966320806, "max_var_1": 2.3669346749191504, "r2_0_1": 0.9745807608928078, "min_var_0": 0.0001858381955686106, "std_var_0": 0.0010855404794867757, "mean_var_1": 0.35901145517033767, "max_error_0_1": 0.13371501968455934, "r2_0": 0.9745807608928078, "_timestamp": 1596972017.977227, "std_var_1": 0.31781115642241853, "min_var_1": 6.988116320627569e-05, "coregionalized": false, "max_error_0": 0.13371501968455934}
