{"_timestamp": 1596816668.299456, "_step": 0, "min_var_0": 0.0005047635505546211, "std_var_0": 0.0021449740950505547, "median_var_0": 0.0025944978352905324, "coregionalized": true, "median_var_1": 2.3279608534513874, "max_error_0_1": 0.2619338267512257, "r2_0_1": 0.9305313597707858, "mae_0_1": 0.04539811599877866, "r2_0": 0.9305313597707858, "train_size": 25, "mean_var_0": 0.0031569052091541907, "std_var_1": 1.2926297566204281, "min_var_1": 0.8831988760772592, "_runtime": 82.7166838645935, "max_var_0": 0.016335009292590463, "mae_0": 0.04539811599877866, "max_error_0": 0.2619338267512257, "mean_var_1": 2.6419724456909774, "max_var_1": 10.10292225146408}
