{"_runtime": 685.6730010509491, "mae_0": 0.028643753727903738, "_step": 0, "mean_var_0": 0.0008285077307574213, "mae_0_1": 0.028643753727903738, "max_var_0": 0.011449752596903173, "train_size": 250, "median_var_0": 0.0005978898297110957, "median_var_1": 0.30743735081987467, "max_var_1": 2.4825182387865325, "r2_0_1": 0.9741571829441196, "min_var_0": 0.00012643228113529137, "std_var_0": 0.000853589412468716, "mean_var_1": 0.39252100645882765, "max_error_0_1": 0.13170126255709613, "r2_0": 0.9741571829441196, "_timestamp": 1596971999.208255, "std_var_1": 0.2938660565389414, "min_var_1": 0.019278146134617202, "coregionalized": false, "max_error_0": 0.13170126255709613}
