{"r2_0_1": 0.8424768492726539, "min_var_0": 0.06377349749784945, "max_var_0": 0.2025626456687529, "median_var_0": 0.117110795133363, "r2_0": 0.8424768492726539, "_runtime": 322.73719000816345, "min_var_1": 1.3451163809670315, "std_var_1": 0.30732066532679214, "coregionalized": false, "mean_var_0": 0.11857601690111828, "mean_var_1": 2.0061766622920465, "max_error_0": 0.28937877961516034, "mae_0": 0.06673427802838851, "train_size": 18, "_timestamp": 1597982384.225709, "max_var_1": 3.2809246516655564, "median_var_1": 1.9752233539115993, "mae_0_1": 0.06673427802838851, "_step": 0, "max_error_0_1": 0.28937877961516034, "std_var_0": 0.021898752746707016}
