{"r2_0_1": 0.9809332539456509, "min_var_0": 0.028945666363061937, "max_var_0": 0.04494944471723402, "median_var_0": 0.03079093994886013, "r2_0": 0.9809332539456509, "_runtime": 1472.7188560962677, "min_var_1": 0.5791991879825116, "std_var_1": 0.027351521977798523, "coregionalized": false, "mean_var_0": 0.031206746239805905, "mean_var_1": 0.6165728933712367, "max_error_0": 0.12318318899323932, "mae_0": 0.026444823824793247, "train_size": 187, "_timestamp": 1597983534.207375, "max_var_1": 0.8392291753683907, "median_var_1": 0.6097792803428842, "mae_0_1": 0.026444823824793247, "_step": 0, "max_error_0_1": 0.12318318899323932, "std_var_0": 0.001682799996991992}
