{"max_error_0": 0.20517019719723928, "max_error_0_1": 0.20517019719723928, "mae_0": 0.04343738225170631, "_timestamp": 1596972635.947627, "r2_0_1": 0.9488950552420746, "mean_var_0": 0.0019855728758787963, "min_var_1": 0.06865496355567302, "max_var_1": 6.39270996678988, "r2_0": 0.9488950552420746, "std_var_0": 0.0014390892399730208, "mean_var_1": 0.5523482561464119, "median_var_0": 0.0015655270855178685, "coregionalized": false, "_step": 0, "_runtime": 18.77843999862671, "std_var_1": 0.5743162692500011, "mae_0_1": 0.04343738225170631, "min_var_0": 0.00018889634350231855, "max_var_0": 0.009112489762174089, "train_size": 25, "median_var_1": 0.3580359670661437}
