{"std_var_1": 0.011430253260636725, "mae_0_1": 0.07969779363646735, "max_error_0_1": 0.33482138608571077, "max_var_0": 0.159632584092319, "mean_var_1": 2.973445398147264, "_step": 0, "max_var_1": 3.0525080437481207, "std_var_0": 0.013247562019192244, "min_var_0": 0.0640948656216718, "train_size": 18, "mean_var_0": 0.08709136327753414, "max_error_0": 0.33482138608571077, "median_var_1": 2.9708589115558968, "_timestamp": 1597921633.576093, "median_var_0": 0.08475536003601716, "r2_0": 0.6895657928324034, "min_var_1": 2.956915792594811, "r2_0_1": 0.6895657928324034, "mae_0": 0.07969779363646735, "coregionalized": true, "_runtime": 302.7091751098633}
