{"_timestamp": 1596817236.937175, "_step": 0, "min_var_0": 0.0007222397838723598, "std_var_0": 9.405915758844108e-05, "median_var_0": 0.000803190476179984, "coregionalized": false, "median_var_1": 0.3444203771082605, "max_error_0_1": 0.08939086288536724, "r2_0_1": 0.986161206607666, "mae_0_1": 0.0213909094439046, "r2_0": 0.986161206607666, "train_size": 750, "mean_var_0": 0.0008263196675117429, "std_var_1": 0.046677738029190174, "min_var_1": 0.3051685180576235, "_runtime": 651.3544030189514, "max_var_0": 0.0015882191647626403, "mae_0": 0.0213909094439046, "max_error_0": 0.08939086288536724, "mean_var_1": 0.35607256139965987, "max_var_1": 0.7359185041146041}
