{"max_var_1": 0.9998129997481449, "r2_0": 0.9777651624649607, "std_var_1": 0.055875114299767104, "max_var_0": 0.04576286139445525, "_timestamp": 1597960525.486379, "std_var_0": 0.0019459071540248434, "train_size": 93, "mean_var_0": 0.032299158790404646, "_step": 0, "mae_0": 0.027996278453832166, "coregionalized": false, "max_error_0": 0.12084603611001388, "min_var_1": 0.5297076250552178, "r2_0_1": 0.9777651624649607, "mean_var_1": 0.6158629153835588, "min_var_0": 0.02920876990209048, "mae_0_1": 0.027996278453832166, "median_var_1": 0.6029036074985235, "max_error_0_1": 0.12084603611001388, "_runtime": 716.4797899723053, "median_var_0": 0.0318400652207909}
