{"mae_0_1": 0.026060377591695327, "median_var_1": 0.37924705437986694, "max_error_0_1": 0.1251891014340889, "min_var_0": 0.00017035336374782162, "mae_0": 0.026060377591695327, "mean_var_1": 0.40157643483814837, "min_var_1": 0.3211017985546716, "mean_var_0": 0.0011181531913270662, "max_var_0": 0.00914895238141078, "max_var_1": 0.9734182482268847, "train_size": 750, "std_var_0": 0.0009454088216448061, "_step": 0, "coregionalized": true, "median_var_0": 0.0008304529297573637, "_runtime": 742.2414331436157, "std_var_1": 0.0736065679683751, "r2_0_1": 0.9798571371749157, "max_error_0": 0.1251891014340889, "_timestamp": 1596816087.268984, "r2_0": 0.9798571371749157}
