{"_timestamp": 1597474009.546596, "max_var_0": 0.2569422005705897, "_runtime": 102.46691083908081, "std_var_0": 0.04774912009306321, "r2_0": 0.6400151976774201, "mean_var_0": 0.07370882608953137, "mae_0": 0.07995274062776289, "min_var_1": 0.0005401727686664787, "r2_0_1": 0.6400151976774201, "mean_var_1": 1.8123958837176957, "_step": 0, "std_var_1": 1.0320939285664918, "max_var_1": 4.967899924855492, "max_error_0_1": 0.6018735010215761, "median_var_1": 1.5412142479838504, "median_var_0": 0.06143656016243203, "coregionalized": false, "min_var_0": 2.2721691562713045e-05, "train_size": 25, "max_error_0": 0.6018735010215761, "mae_0_1": 0.07995274062776289}
