{"mean_var_1": 0.595186144080288, "max_var_0": 0.009889645625604127, "max_var_1": 4.062812721059217, "coregionalized": false, "min_var_0": 9.999659544846126e-09, "median_var_1": 0.4794613463752171, "median_var_0": 0.0010094502724546928, "mae_0_1": 0.029122062441827568, "max_error_0_1": 0.14466245105114206, "r2_0_1": 0.9782811875950639, "max_error_0": 0.14466245105114206, "mean_var_0": 0.0012792199427152998, "train_size": 250, "min_var_1": 1.0000093197959359e-08, "_runtime": 169.67144131660461, "_step": 0, "std_var_0": 0.0009988560604892816, "_timestamp": 1596816554.7510972, "mae_0": 0.029122062441827568, "r2_0": 0.9782811875950639, "std_var_1": 0.4304308286911572}
