{"_step": 1, "_timestamp": 1599555939.189358, "cv_mean": 0.91883933792996, "_runtime": 1515.4829699993134, "cv_std": 0.0070129963630752145}
