{"_step": 1, "_timestamp": 1599572445.3592231, "cv_mean": 0.9614897804534565, "_runtime": 18021.65283513069, "cv_std": 0.004884287221861067}
