{"mean_var_1": 0.47143547386411294, "max_var_0": 0.009928466717942008, "max_var_1": 1.572318987295905, "coregionalized": true, "min_var_0": 9.999639338786897e-09, "median_var_1": 0.4372037170839642, "median_var_0": 0.0009667384883380592, "mae_0_1": 0.029404009764956295, "max_error_0_1": 0.14706168761542138, "r2_0_1": 0.9778537423339265, "max_error_0": 0.14706168761542138, "mean_var_0": 0.001233678252786413, "train_size": 250, "min_var_1": 0.30850327794651755, "_runtime": 163.56241726875305, "_step": 0, "std_var_0": 0.0009871242084570277, "_timestamp": 1596816548.6420732, "mae_0": 0.029404009764956295, "r2_0": 0.9778537423339265, "std_var_1": 0.13626923760842102}
