{"max_error_0": 0.13734742689971347, "max_error_0_1": 0.13734742689971347, "min_var_0": 0.035170392553040365, "r2_0": 0.9800174109603857, "median_var_1": 0.6332186223529676, "coregionalized": false, "_runtime": 3255.981856107712, "median_var_0": 0.03655716004111431, "max_var_0": 0.04454231407062629, "max_var_1": 0.7464842493315921, "mae_0": 0.026754386525463116, "_step": 0, "std_var_0": 0.0012769988091043192, "mae_0_1": 0.026754386525463116, "min_var_1": 0.6127083294865663, "_timestamp": 1597903290.714807, "r2_0_1": 0.9800174109603857, "mean_var_0": 0.03685969449919491, "mean_var_1": 0.6376755169322051, "std_var_1": 0.01828425563666017, "train_size": 250}
