{"max_error_0": 0.11405020528195875, "max_error_0_1": 0.11405020528195875, "mae_0": 0.026244401287488558, "_timestamp": 1596979252.6707299, "r2_0_1": 0.9805426093082334, "mean_var_0": 0.0009052859400577631, "min_var_1": 0.04511450354452862, "max_var_1": 1.3389503106588698, "r2_0": 0.9805426093082334, "std_var_0": 0.0007867875578983791, "mean_var_1": 0.3560179309528765, "median_var_0": 0.0006782555454498684, "coregionalized": false, "_step": 0, "_runtime": 6635.501542806625, "std_var_1": 0.18729158163139698, "mae_0_1": 0.026244401287488558, "min_var_0": 0.0001268198039121593, "max_var_0": 0.006850917010620794, "train_size": 750, "median_var_1": 0.30759216820456814}
