{"r2_0_1": 0.8229948784331785, "min_var_0": 0.05246103347147347, "max_var_0": 0.16480756934762755, "median_var_0": 0.08314076593650958, "r2_0": 0.8229948784331785, "_runtime": 228.39244198799133, "min_var_1": 2.9358669997092988, "std_var_1": 0.15730846277195912, "coregionalized": false, "mean_var_0": 0.08544309970032747, "mean_var_1": 3.43986411076582, "max_error_0": 0.38712612847802585, "mae_0": 0.07417758371062609, "train_size": 18, "_timestamp": 1597982289.880961, "max_var_1": 3.863217510428787, "median_var_1": 3.4505817832206684, "mae_0_1": 0.07417758371062609, "_step": 0, "max_error_0_1": 0.38712612847802585, "std_var_0": 0.016595180919809535}
