{"_step": 0, "mean_var_1": 0.34378769575360696, "train_size": 1250, "min_var_0": 0.0010309766173181962, "mae_0_1": 0.025507039720649674, "mean_var_0": 0.001048084382974161, "std_var_0": 2.0878411682571604e-05, "r2_0_1": 0.9819086065660689, "min_var_1": 0.337987462341818, "max_error_0_1": 0.12228220164066395, "mae_0": 0.025507039720649674, "median_var_0": 0.00104253086711335, "coregionalized": true, "std_var_1": 0.007317370096096347, "max_var_1": 0.44297142541411794, "max_error_0": 0.12228220164066395, "r2_0": 0.9819086065660689, "max_var_0": 0.001328346358337989, "_timestamp": 1597523555.708891, "_runtime": 11712.244855880737, "median_var_1": 0.3418888359368173}
