{"std_var_0": 0.00012435864161832624, "_step": 0, "_runtime": 5494.4204018116, "min_var_0": 0.0009921565870416433, "max_error_0": 0.12533475809958272, "median_var_0": 0.0011018880250292912, "mae_0_1": 0.02735900611247981, "mean_var_0": 0.001138640608395179, "median_var_1": 0.3141124237109683, "mae_0": 0.02735900611247981, "std_var_1": 0.055290298326631786, "coregionalized": true, "_timestamp": 1597756778.315445, "max_var_0": 0.0019182243923085824, "r2_0": 0.977446235229993, "min_var_1": 0.26878839617266875, "max_error_0_1": 0.12533475809958272, "train_size": 250, "max_var_1": 0.6945943075944445, "mean_var_1": 0.33029651923670983, "r2_0_1": 0.977446235229993}
