{"_timestamp": 1599563169.209725, "cv_mean": 0.9493605413145255, "_step": 1, "_runtime": 8742.641647815704, "cv_std": 0.005216691272148639}
