{"std_var_1": 0.024311527895753453, "mae_0_1": 0.0266637458043692, "max_error_0_1": 0.12740653649519018, "max_var_0": 0.045306904015260566, "mean_var_1": 0.6295010775860822, "_step": 0, "max_var_1": 0.8435179550233106, "std_var_0": 0.0014036444664866953, "min_var_0": 0.03077030681148668, "train_size": 187, "mean_var_0": 0.0328680631084089, "max_error_0": 0.12740653649519018, "median_var_1": 0.6240212809629748, "_timestamp": 1597923932.9083068, "median_var_0": 0.03254819002108227, "r2_0": 0.9795579406581634, "min_var_1": 0.5928088171478622, "r2_0_1": 0.9795579406581634, "mae_0": 0.0266637458043692, "coregionalized": false, "_runtime": 2602.041388988495}
