{"_step": 0, "mean_var_1": 0.33230717402239274, "train_size": 1250, "min_var_0": 0.0009587803531593121, "mae_0_1": 0.024913304145119053, "mean_var_0": 0.000991036431879405, "std_var_0": 0.00011967330352772482, "r2_0_1": 0.9826667177535399, "min_var_1": 0.32737204934497316, "max_error_0_1": 0.1206116541096125, "mae_0": 0.024913304145119053, "median_var_0": 0.0009746817547982968, "coregionalized": true, "std_var_1": 0.012806724010743268, "max_var_1": 0.6064377440049216, "max_error_0": 0.1206116541096125, "r2_0": 0.9826667177535399, "max_var_0": 0.0037595411438649928, "_timestamp": 1597520287.185097, "_runtime": 8443.721061944962, "median_var_1": 0.3303619896902605}
