{"mae_0_1": 0.026285003258216342, "median_var_1": 0.5086868785479671, "max_error_0_1": 0.17298364340583827, "min_var_0": 0.00019313077892624264, "mae_0": 0.026285003258216342, "mean_var_1": 0.623738289638346, "min_var_1": 0.12158327463959519, "mean_var_0": 0.001099904608299053, "max_var_0": 0.009558106730042981, "max_var_1": 4.3089996095071585, "train_size": 250, "std_var_0": 0.0008858387868186093, "_step": 0, "coregionalized": false, "median_var_0": 0.0008643236395409204, "_runtime": 197.8798999786377, "std_var_1": 0.4382639632633795, "r2_0_1": 0.9788478959549257, "max_error_0": 0.17298364340583827, "_timestamp": 1596815542.907451, "r2_0": 0.9788478959549257}
