{"max_error_0_1": 0.727619203486253, "r2_0_1": -32.65904408520634, "std_var_1": 1.0539054797322365, "min_var_1": 5.773660564877517, "r2_0": -32.65904408520634, "_runtime": 30.44529414176941, "max_var_1": 11.85247728830204, "max_error_0": 0.727619203486253, "min_var_0": 0.07355552764440798, "mean_var_0": 0.22364645830935798, "mae_0_1": 0.2264485203992649, "mae_0": 0.2264485203992649, "median_var_0": 0.2238245360131037, "std_var_0": 0.049195231265913276, "mean_var_1": 8.989046491836309, "_timestamp": 1597405625.270688, "train_size": 2, "_step": 0, "median_var_1": 8.992861436150363, "coregionalized": true, "max_var_0": 0.35730848299287965}
