{"std_var_0": 0.029372721854560316, "_step": 0, "_runtime": 63.04960799217224, "min_var_0": 0.03822080671268743, "max_error_0": 0.3960162486034893, "median_var_0": 0.11259847178475223, "mae_0_1": 0.09990671075216087, "mean_var_0": 0.1151251423969044, "median_var_1": 0.6165714949861988, "mae_0": 0.09990671075216087, "std_var_1": 0.33990676223858385, "coregionalized": false, "_timestamp": 1597751346.9446511, "max_var_0": 0.2088647859091528, "r2_0": 0.583354141444937, "min_var_1": 0.15197422333178115, "max_error_0_1": 0.3960162486034893, "train_size": 12, "max_var_1": 1.9125328799146404, "mean_var_1": 0.7173064358187866, "r2_0_1": 0.583354141444937}
