{"_timestamp": 1596968106.549001, "median_var_0": 0.0006738858882840854, "train_size": 750, "r2_0_1": 0.985595108423247, "min_var_1": 0.31197954660936217, "median_var_1": 0.35412592593027353, "std_var_0": 0.00013242318777193808, "_runtime": 12128.909451007843, "mae_0": 0.022290177945234704, "mae_0_1": 0.022290177945234704, "max_var_0": 0.002712643571599936, "coregionalized": false, "_step": 0, "mean_var_0": 0.0007028363909887369, "max_var_1": 1.3753912797394863, "max_error_0": 0.08920898503982055, "std_var_1": 0.06684854955915459, "mean_var_1": 0.36879967190829327, "max_error_0_1": 0.08920898503982055, "r2_0": 0.985595108423247, "min_var_0": 0.0005916064686687245}
