{"max_error_0": 0.08534969272837722, "max_error_0_1": 0.08534969272837722, "mae_0": 0.020028586421370197, "_timestamp": 1596999672.4538062, "r2_0_1": 0.9888132076013655, "mean_var_0": 0.000684674659387965, "min_var_1": 0.32768405205973866, "max_var_1": 0.4190597641322154, "r2_0": 0.9888132076013655, "std_var_0": 1.3919413638997484e-05, "mean_var_1": 0.33862849293065705, "median_var_0": 0.00068092340066054, "coregionalized": true, "_step": 0, "_runtime": 27055.28461909294, "std_var_1": 0.010132986418233186, "mae_0_1": 0.020028586421370197, "min_var_0": 0.000669191293264739, "max_var_0": 0.0007938413604288505, "train_size": 1250, "median_var_1": 0.33603159152375045}
