{"std_var_0": 0.009256532880732584, "_step": 0, "_runtime": 414.78958797454834, "min_var_0": 0.00040683703768867364, "max_error_0": 0.37635250568365874, "median_var_0": 0.010628926100228859, "mae_0_1": 0.08004057897066426, "mean_var_0": 0.012923492769499433, "median_var_1": 6.434050611450376, "mae_0": 0.08004057897066426, "std_var_1": 3.0615891475189, "coregionalized": true, "_timestamp": 1597751698.684631, "max_var_0": 0.0630466837292099, "r2_0": 0.7404202080999456, "min_var_1": 3.0978097308838826, "max_error_0_1": 0.37635250568365874, "train_size": 25, "max_var_1": 23.471583489105768, "mean_var_1": 7.191191114394105, "r2_0_1": 0.7404202080999456}
