{"_step": 1, "_timestamp": 1599560740.119694, "cv_mean": 0.9599900462982014, "_runtime": 6316.4133059978485, "cv_std": 0.005159474569815723}
