{"_timestamp": 1599568273.242817, "cv_mean": 0.9478011598243438, "_step": 1, "_runtime": 13846.674739837646, "cv_std": 0.004695125155124285}
