{"_step": 1, "_timestamp": 1599562570.365674, "cv_mean": 0.9610415154382554, "_runtime": 8146.659286022186, "cv_std": 0.004972807481801449}
