{"std_var_1": 0.014953313299877806, "mae_0_1": 0.026677201115164934, "max_error_0_1": 0.1304961863883265, "max_var_0": 0.04845799137590104, "mean_var_1": 0.5880470627147439, "_step": 0, "max_var_1": 0.7659243292472512, "std_var_0": 0.0013121010336836169, "min_var_0": 0.031066216691064283, "train_size": 937, "mean_var_0": 0.03255409743581252, "max_error_0": 0.1304961863883265, "median_var_1": 0.5842069542037488, "_timestamp": 1597952239.9518652, "median_var_0": 0.03220778959669289, "r2_0": 0.9793584185886884, "min_var_1": 0.5705130690837806, "r2_0_1": 0.9793584185886884, "mae_0": 0.026677201115164934, "coregionalized": true, "_runtime": 30909.08494734764}
