{"mae_0_1": 0.04111928017642349, "coregionalized": false, "r2_0": 0.952933018950088, "min_var_1": 0.27343631665087287, "std_var_1": 1.0167201454996082, "median_var_1": 1.4795565113383873, "mean_var_0": 0.0024846921684732876, "mae_0": 0.04111928017642349, "_step": 0, "_timestamp": 1596833281.272115, "std_var_0": 0.0015451040540602474, "max_var_1": 6.852897905486259, "min_var_0": 0.00038061905769737336, "max_error_0_1": 0.2475254271194549, "median_var_0": 0.002070951028272816, "_runtime": 325.0825049877167, "max_var_0": 0.009542625424256101, "mean_var_1": 1.7129441135282861, "max_error_0": 0.2475254271194549, "train_size": 25, "r2_0_1": 0.952933018950088}
