{"std_var_0": 0.011658793379801587, "_step": 0, "_runtime": 162.73469376564026, "min_var_0": 0.0514439315357901, "max_error_0": 0.6407291547292369, "median_var_0": 0.13422676747685347, "mae_0_1": 0.1611486401157324, "mean_var_0": 0.13263417774875783, "median_var_1": 3.188291545153533, "mae_0": 0.1611486401157324, "std_var_1": 1.2460937338063755e-07, "coregionalized": false, "_timestamp": 1597751446.629737, "max_var_0": 0.15011361338691495, "r2_0": -11.064075352658643, "min_var_1": 3.1882884276256904, "max_error_0_1": 0.6407291547292369, "train_size": 12, "max_var_1": 3.188291545153533, "mean_var_1": 3.188291540040181, "r2_0_1": -11.064075352658643}
