{"r2_0_1": 0.981867648892474, "min_var_0": 0.03215498274231158, "max_var_0": 0.04217132773867422, "median_var_0": 0.03321188716703044, "r2_0": 0.981867648892474, "_runtime": 14251.404627084732, "min_var_1": 0.5767471345635931, "std_var_1": 0.016881077516675332, "coregionalized": false, "mean_var_0": 0.033468889209321, "mean_var_1": 0.5976528416262534, "max_error_0": 0.13063254885818454, "mae_0": 0.02560557998492739, "train_size": 375, "_timestamp": 1597996312.893146, "max_var_1": 0.7339027161463955, "median_var_1": 0.5935337417647923, "mae_0_1": 0.02560557998492739, "_step": 0, "max_error_0_1": 0.13063254885818454, "std_var_0": 0.0010780157052617595}
