{"_step": 1, "_timestamp": 1599554649.2429812, "cv_mean": 0.9592800172490155, "_runtime": 225.53659319877625, "cv_std": 0.0057449223621194164}
