{"_step": 0, "mean_var_1": 0.6968616072690637, "train_size": 250, "min_var_0": 5.585387101447736e-05, "mae_0_1": 0.03999467498448261, "mean_var_0": 0.002016596316366153, "std_var_0": 0.0023667581974245976, "r2_0_1": 0.953513572602668, "min_var_1": 0.2933345072472201, "max_error_0_1": 0.16931695938919322, "mae_0": 0.03999467498448261, "median_var_0": 0.0013035386260238369, "coregionalized": true, "std_var_1": 0.4263015327971183, "max_var_1": 4.362240750453804, "max_error_0": 0.16931695938919322, "r2_0": 0.953513572602668, "max_var_0": 0.02359951068185495, "_timestamp": 1597515735.096202, "_runtime": 3891.632166862488, "median_var_1": 0.5703282049442003}
