{"max_var_1": 4.462072447462035, "r2_0": 0.784875986086965, "std_var_1": 0.5320329153963983, "max_var_0": 0.19891225002353463, "_timestamp": 1597960074.729774, "std_var_0": 0.025225517170197914, "train_size": 18, "mean_var_0": 0.0924746725092244, "_step": 0, "mae_0": 0.07969543369951877, "coregionalized": false, "max_error_0": 0.27511226683431467, "min_var_1": 0.7614322380726458, "r2_0_1": 0.784875986086965, "mean_var_1": 2.59868115122038, "min_var_0": 0.0033653577087150747, "mae_0_1": 0.07969543369951877, "median_var_1": 2.5917848374925287, "max_error_0_1": 0.27511226683431467, "_runtime": 265.72318506240845, "median_var_0": 0.09069948777473177}
