{"_step": 0, "mean_var_1": 0.6082789279936276, "train_size": 250, "min_var_0": 7.810552038046573e-05, "mae_0_1": 0.041349439350000634, "mean_var_0": 0.0020781758168315592, "std_var_0": 0.004031616956268857, "r2_0_1": 0.9519247555520657, "min_var_1": 0.2490107435271786, "max_error_0_1": 0.15920095051519345, "mae_0": 0.041349439350000634, "median_var_0": 0.001031173305879439, "coregionalized": true, "std_var_1": 0.5867852407820893, "max_var_1": 7.225312161058155, "max_error_0": 0.15920095051519345, "r2_0": 0.9519247555520657, "max_var_0": 0.04866468582984874, "_timestamp": 1597514728.007157, "_runtime": 2884.5431220531464, "median_var_1": 0.45623605340122614}
