{"max_error_0": 0.13237741805516157, "max_error_0_1": 0.13237741805516157, "min_var_0": 0.030571787399853972, "r2_0": 0.9777258209252891, "median_var_1": 0.6971732714652225, "coregionalized": true, "_runtime": 1241.703185081482, "median_var_0": 0.034116570088557105, "max_var_0": 0.05897802740035594, "max_var_1": 1.3442114222380743, "mae_0": 0.027497993249063518, "_step": 0, "std_var_0": 0.003442932446507793, "mae_0_1": 0.027497993249063518, "min_var_1": 0.6028120684183511, "_timestamp": 1597901276.436136, "r2_0_1": 0.9777258209252891, "mean_var_0": 0.03501123051173878, "mean_var_1": 0.7201668048761865, "std_var_1": 0.09070459964631315, "train_size": 125}
