{"_timestamp": 1597475021.179766, "max_var_0": 0.03636450854035379, "_runtime": 1114.1000807285309, "std_var_0": 0.0004477831595862211, "r2_0": 0.9771787162314697, "mean_var_0": 0.032818005612890874, "mae_0": 0.026980161498383053, "min_var_1": 0.5951061434772215, "r2_0_1": 0.9771787162314697, "mean_var_1": 0.6067223690453754, "_step": 0, "std_var_1": 0.00737843304027306, "max_var_1": 0.6599136092974873, "max_error_0_1": 0.11568778343304364, "median_var_1": 0.6052048393612942, "median_var_0": 0.03272203683550468, "coregionalized": false, "min_var_0": 0.032171903612768046, "train_size": 250, "max_error_0": 0.11568778343304364, "mae_0_1": 0.026980161498383053}
