{"mean_var_1": 1.4880163273168914, "max_var_0": 0.010730197806029906, "max_var_1": 7.032937235559558, "coregionalized": false, "min_var_0": 0.0003944409342331312, "median_var_1": 1.2447423410029899, "median_var_0": 0.0016754760156025839, "mae_0_1": 0.04049041334803942, "max_error_0_1": 0.1603636877932817, "r2_0_1": 0.9585454454201198, "max_error_0": 0.1603636877932817, "mean_var_0": 0.0020227492521771523, "train_size": 25, "min_var_1": 0.37274027971696455, "_runtime": 57.896029233932495, "_step": 0, "std_var_0": 0.0013227814297217574, "_timestamp": 1596816442.9756851, "mae_0": 0.04049041334803942, "r2_0": 0.9585454454201198, "std_var_1": 0.8558098809425677}
