{"cv_mean": 376.8230202361195, "_timestamp": 1599546909.317512, "_step": 1, "_runtime": 644.8529469966888, "cv_std": 260.50107889795896}
