{"_runtime": 936.3990530967712, "mae_0": 0.028305122505600345, "_step": 0, "mean_var_0": 0.0008958139284555472, "mae_0_1": 0.028305122505600345, "max_var_0": 0.010772522233772008, "train_size": 250, "median_var_0": 0.0006987992893456862, "median_var_1": 0.30394183084092574, "max_var_1": 1.078020156319396, "r2_0_1": 0.9756134665645575, "min_var_0": 0.0001301120816026291, "std_var_0": 0.000795004859249429, "mean_var_1": 0.32059286610833254, "max_error_0_1": 0.1435020759026413, "r2_0": 0.9756134665645575, "_timestamp": 1596972249.934307, "std_var_1": 0.0686691828534809, "min_var_1": 0.24718662525758264, "coregionalized": true, "max_error_0": 0.1435020759026413}
