{"_step": 0, "mean_var_1": 0.5894833344215324, "train_size": 250, "min_var_0": 0.03492189796754188, "mae_0_1": 0.026121943012550695, "mean_var_0": 0.035611101586903365, "std_var_0": 0.0005325178157969592, "r2_0_1": 0.9803295509276722, "min_var_1": 0.5782787838821258, "max_error_0_1": 0.13476935595208595, "mae_0": 0.026121943012550695, "median_var_0": 0.035510938189672644, "coregionalized": false, "std_var_1": 0.006427357762401782, "max_var_1": 0.6274596914076581, "max_error_0": 0.13476935595208595, "r2_0": 0.9803295509276722, "max_var_0": 0.042366956583956276, "_timestamp": 1597517350.2558122, "_runtime": 5506.791777133942, "median_var_1": 0.5885004706432011}
