{"std_var_0": 0.006188878335904372, "_step": 0, "_runtime": 152.70022773742676, "min_var_0": 0.0076130632001838675, "max_error_0": 0.42353682027232153, "median_var_0": 0.01386626218302125, "mae_0_1": 0.11301416114875273, "mean_var_0": 0.015570667812623302, "median_var_1": 10.90594380231712, "mae_0": 0.11301416114875273, "std_var_1": 0.29430618522556595, "coregionalized": true, "_timestamp": 1597751436.5952709, "max_var_0": 0.04442005269902884, "r2_0": 0.19768675667150937, "min_var_1": 10.608578910294733, "max_error_0_1": 0.42353682027232153, "train_size": 12, "max_var_1": 12.35890006400012, "mean_var_1": 10.986995180563486, "r2_0_1": 0.19768675667150937}
