{"max_error_0": 0.10832528150475973, "max_error_0_1": 0.10832528150475973, "mae_0": 0.025068250726956915, "_timestamp": 1596992285.255121, "r2_0_1": 0.9830030034954089, "mean_var_0": 0.0008221234063730488, "min_var_1": 0.3502190444262562, "max_var_1": 0.4201828049692887, "r2_0": 0.9830030034954089, "std_var_0": 0.000614306088106093, "mean_var_1": 0.3618466776246904, "median_var_0": 0.0006633251098466797, "coregionalized": false, "_step": 0, "_runtime": 19668.08593392372, "std_var_1": 0.009547669927637968, "mae_0_1": 0.025068250726956915, "min_var_0": 0.00022079997099433424, "max_var_0": 0.008207483364056245, "train_size": 1250, "median_var_1": 0.3592042032028241}
