{"_timestamp": 1596816673.8164742, "_step": 0, "min_var_0": 0.0004707179281062679, "std_var_0": 0.002050863174894353, "median_var_0": 0.002480111211442093, "coregionalized": false, "median_var_1": 2.6342078042669073, "max_error_0_1": 0.26154549766322877, "r2_0_1": 0.9301924653596254, "mae_0_1": 0.045637594221393074, "r2_0": 0.9301924653596254, "train_size": 25, "mean_var_0": 0.0029957749058021877, "std_var_1": 1.9570559294068248, "min_var_1": 0.5251719126382568, "_runtime": 88.23370218276978, "max_var_0": 0.0156275401830257, "mae_0": 0.045637594221393074, "max_error_0": 0.26154549766322877, "mean_var_1": 3.122391550220665, "max_var_1": 14.471696740993707}
