{"r2_0_1": 0.981974873802372, "min_var_0": 0.03465303345221759, "max_var_0": 0.04475637723373138, "median_var_0": 0.0357489680500251, "r2_0": 0.981974873802372, "_runtime": 9034.659008026123, "min_var_1": 0.598597033926796, "std_var_1": 0.016176313412674895, "coregionalized": false, "mean_var_0": 0.036013757227336234, "mean_var_1": 0.6198829403823507, "max_error_0": 0.130312903995899, "mae_0": 0.025751499290361267, "train_size": 375, "_timestamp": 1597991096.147527, "max_var_1": 0.7550697572732725, "median_var_1": 0.6158608944256553, "mae_0_1": 0.025751499290361267, "_step": 0, "max_error_0_1": 0.130312903995899, "std_var_0": 0.001042200363074172}
