{"_timestamp": 1596817194.128972, "_step": 0, "min_var_0": 0.0006951308763867287, "std_var_0": 0.0001021365874206954, "median_var_0": 0.0007809002576799612, "coregionalized": false, "median_var_1": 0.32558456785254375, "max_error_0_1": 0.09662402425295191, "r2_0_1": 0.9870256484414323, "mae_0_1": 0.02110962185679255, "r2_0": 0.9870256484414323, "train_size": 750, "mean_var_0": 0.0008040461477383058, "std_var_1": 0.05251469558056616, "min_var_1": 0.2823866419569603, "_runtime": 608.5462000370026, "max_var_0": 0.0017174374661970133, "mae_0": 0.02110962185679255, "max_error_0": 0.09662402425295191, "mean_var_1": 0.3372107278261624, "max_var_1": 0.8146537752666481}
