{"_timestamp": 1599560202.429701, "cv_mean": 0.9478694137388702, "_step": 1, "_runtime": 5775.861624002457, "cv_std": 0.0044409757296784615}
