{"mae_0_1": 0.02100815641456292, "coregionalized": true, "r2_0": 0.9877973586866675, "min_var_1": 0.29424149696178903, "std_var_1": 0.009550170849929627, "median_var_1": 0.30359704200573434, "mean_var_0": 0.0007034980983397613, "mae_0": 0.02100815641456292, "_step": 0, "_timestamp": 1596851847.785571, "std_var_0": 3.097463960946145e-05, "max_var_1": 0.3880668372327851, "min_var_0": 0.0006666103453299652, "max_error_0_1": 0.090028869370399, "median_var_0": 0.0006957272143027436, "_runtime": 18891.595961093903, "max_var_0": 0.0009800786227843416, "mean_var_1": 0.30589470130749213, "max_error_0": 0.090028869370399, "train_size": 2000, "r2_0_1": 0.9877973586866675}
