{"r2_0_1": 0.977405282102148, "min_var_0": 0.03271597601955527, "max_var_0": 0.056123344446586274, "median_var_0": 0.03509252228805776, "r2_0": 0.977405282102148, "_runtime": 4279.332715034485, "min_var_1": 0.5078390959947496, "std_var_1": 0.0628230270724297, "coregionalized": true, "mean_var_0": 0.03565867054711229, "mean_var_1": 0.5904789590814475, "max_error_0": 0.13547621894996587, "mae_0": 0.028603561313401228, "train_size": 187, "_timestamp": 1597986340.821234, "max_var_1": 1.13051380393526, "median_var_1": 0.5732451606412705, "mae_0_1": 0.028603561313401228, "_step": 0, "max_error_0_1": 0.13547621894996587, "std_var_0": 0.0023026415028422884}
