{"_runtime": 530.3840901851654, "mae_0": 0.03710505979121044, "_step": 0, "mean_var_0": 0.0002111781941556387, "mae_0_1": 0.03710505979121044, "max_var_0": 0.0030261658300716476, "train_size": 25, "median_var_0": 0.00014445086906533788, "median_var_1": 0.20559406151824078, "max_var_1": 5.680213560424818, "r2_0_1": 0.9611503589820115, "min_var_0": 1.6419580354920527e-05, "std_var_0": 0.0002652145374161385, "mean_var_1": 0.3501799105438884, "max_error_0_1": 0.1740819734767638, "r2_0": 0.9611503589820115, "_timestamp": 1596971843.9193442, "std_var_1": 0.4693187726955891, "min_var_1": 0.008850622513818962, "coregionalized": false, "max_error_0": 0.1740819734767638}
