{"_timestamp": 1596816775.918606, "_step": 0, "min_var_0": 0.00019781543849539673, "std_var_0": 0.0009239689580292698, "median_var_0": 0.0009097416422529925, "coregionalized": true, "median_var_1": 0.39548522925541374, "max_error_0_1": 0.13307398640111678, "r2_0_1": 0.9776395523444562, "mae_0_1": 0.027309432360266703, "r2_0": 0.9776395523444562, "train_size": 250, "mean_var_0": 0.001157457363204402, "std_var_1": 0.1556505413377419, "min_var_1": 0.2673329801418022, "_runtime": 190.33583402633667, "max_var_0": 0.010160184167451458, "mae_0": 0.027309432360266703, "max_error_0": 0.13307398640111678, "mean_var_1": 0.43482708688964194, "max_var_1": 1.906304750103388}
