{"_step": 0, "mean_var_1": 0.577081797814826, "train_size": 1250, "min_var_0": 0.03178656474369087, "mae_0_1": 0.024893738612178196, "mean_var_0": 0.03224856078158606, "std_var_0": 0.0013875750073140856, "r2_0_1": 0.9825560583361466, "min_var_1": 0.574039657148483, "max_error_0_1": 0.11510672701331348, "mae_0": 0.024893738612178196, "median_var_0": 0.03203023872627859, "coregionalized": false, "std_var_1": 0.002288629112136692, "max_var_1": 0.5921015365737117, "max_error_0": 0.11510672701331348, "r2_0": 0.9825560583361466, "max_var_0": 0.06351546038395746, "_timestamp": 1597520669.880163, "_runtime": 8826.41612792015, "median_var_1": 0.5764845347686964}
