{"_timestamp": 1596964804.914519, "median_var_0": 0.0008553198066136858, "train_size": 250, "r2_0_1": 0.9775190167771729, "min_var_1": 0.35345094076576583, "median_var_1": 0.4739934723620088, "std_var_0": 0.0013170164009979372, "_runtime": 8827.274969100952, "mae_0": 0.02774044098401997, "mae_0_1": 0.02774044098401997, "max_var_0": 0.022952875798557315, "coregionalized": true, "_step": 0, "mean_var_0": 0.0011615663179399447, "max_var_1": 3.42828334137455, "max_error_0": 0.12361916963891306, "std_var_1": 0.19247387332492633, "mean_var_1": 0.519245190658509, "max_error_0_1": 0.12361916963891306, "r2_0": 0.9775190167771729, "min_var_0": 0.00018322986805152652}
