{"_timestamp": 1596970687.4721391, "median_var_0": 0.0007256739581372905, "train_size": 1250, "r2_0_1": 0.9861303263381798, "min_var_1": 0.29983224560722443, "median_var_1": 0.3289089465354962, "std_var_0": 0.00010651677759225698, "_runtime": 14709.832589149475, "mae_0": 0.022020078613317937, "mae_0_1": 0.022020078613317937, "max_var_0": 0.0024819492495930127, "coregionalized": true, "_step": 0, "mean_var_0": 0.0007476882516863363, "max_var_1": 1.1709920135720793, "max_error_0": 0.10969559550778296, "std_var_1": 0.050942529879658575, "mean_var_1": 0.33938529582253396, "max_error_0_1": 0.10969559550778296, "r2_0": 0.9861303263381798, "min_var_0": 0.0006643509593765749}
