{"std_var_0": 0.0028500741855036725, "_step": 0, "_runtime": 195.87251996994019, "min_var_0": 0.0012272145938259302, "max_error_0": 0.24732798029612657, "median_var_0": 0.004866295110130835, "mae_0_1": 0.07266929114105478, "mean_var_0": 0.005461450890091489, "median_var_1": 4.556421798292063, "mae_0": 0.07266929114105478, "std_var_1": 2.113358695665981, "coregionalized": true, "_timestamp": 1597751479.767563, "max_var_0": 0.023523111975469767, "r2_0": 0.8258456294555784, "min_var_1": 1.9033151256354859, "max_error_0_1": 0.24732798029612657, "train_size": 25, "max_var_1": 18.268332739137037, "mean_var_1": 4.994604200103645, "r2_0_1": 0.8258456294555784}
