{"_timestamp": 1596816662.561975, "_step": 0, "min_var_0": 0.0007918015444574238, "std_var_0": 0.003774188302506319, "median_var_0": 0.0048311996852716445, "coregionalized": false, "median_var_1": 1.5194336510019468, "max_error_0_1": 0.222729405554015, "r2_0_1": 0.9175193903515627, "mae_0_1": 0.05200871796322764, "r2_0": 0.9175193903515627, "train_size": 25, "mean_var_0": 0.005803428899659262, "std_var_1": 1.0816228414872555, "min_var_1": 0.2811474808065668, "_runtime": 76.97920298576355, "max_var_0": 0.03015574663771, "mae_0": 0.05200871796322764, "max_error_0": 0.222729405554015, "mean_var_1": 1.8021065579709994, "max_var_1": 8.467594351425248}
