{"_timestamp": 1596964329.837966, "median_var_0": 0.0009982206602206125, "train_size": 250, "r2_0_1": 0.9725435928612759, "min_var_1": 0.10028067499472115, "median_var_1": 0.4089440037382417, "std_var_0": 0.0012055619627971276, "_runtime": 8352.198415994644, "mae_0": 0.030647238511206935, "mae_0_1": 0.030647238511206935, "max_var_0": 0.01712753077469344, "coregionalized": false, "_step": 0, "mean_var_0": 0.0013124593867525139, "max_var_1": 5.819901276675068, "max_error_0": 0.15552155752476882, "std_var_1": 0.44082225702035516, "mean_var_1": 0.5269112322779578, "max_error_0_1": 0.15552155752476882, "r2_0": 0.9725435928612759, "min_var_0": 0.00024334136484950992}
