{"mae_0_1": 0.02706292502244887, "coregionalized": true, "r2_0": 0.9793895254349022, "min_var_1": 0.328801697519434, "std_var_1": 0.12570134616657921, "median_var_1": 0.43600085654388054, "mean_var_0": 0.0011091265054747168, "mae_0": 0.02706292502244887, "_step": 0, "_timestamp": 1596845230.477605, "std_var_0": 0.0008392860112256777, "max_var_1": 1.225425161191804, "min_var_0": 0.00022984066260356428, "max_error_0_1": 0.12969523168563502, "median_var_0": 0.0008770782198483928, "_runtime": 12274.287995100021, "max_var_0": 0.006522799379899524, "mean_var_1": 0.47154023178872156, "max_error_0": 0.12969523168563502, "train_size": 250, "r2_0_1": 0.9793895254349022}
