{"mean_var_1": 0.41102424558006095, "max_var_0": 0.008668626647476918, "max_var_1": 3.0457031037703373, "coregionalized": false, "min_var_0": 0.00014451548276239734, "median_var_1": 0.3193989420723269, "median_var_0": 0.0008573033687857556, "mae_0_1": 0.02732694623563243, "max_error_0_1": 0.13127030658050876, "r2_0_1": 0.9796302409196704, "max_error_0": 0.13127030658050876, "mean_var_0": 0.0011160045238441019, "train_size": 250, "min_var_1": 0.05423814610583257, "_runtime": 140.74983024597168, "_step": 0, "std_var_0": 0.0008940553750616408, "_timestamp": 1596816525.8294861, "mae_0": 0.02732694623563243, "r2_0": 0.9796302409196704, "std_var_1": 0.32035584675075873}
