{"max_error_0": 0.12332687521722141, "max_error_0_1": 0.12332687521722141, "min_var_0": 0.03175393649497863, "r2_0": 0.9786099983360068, "median_var_1": 0.5244563777773945, "coregionalized": true, "_runtime": 2116.0614001750946, "median_var_0": 0.03283659902343726, "max_var_0": 0.0409420270976018, "max_var_1": 0.7312827497168842, "mae_0": 0.027303325552039803, "_step": 0, "std_var_0": 0.0010916225836999204, "mae_0_1": 0.027303325552039803, "min_var_1": 0.4995982598963109, "_timestamp": 1597902150.794351, "r2_0_1": 0.9786099983360068, "mean_var_0": 0.03313912833479575, "mean_var_1": 0.5322106434269429, "std_var_1": 0.02704130959605473, "train_size": 250}
