{"mae_0_1": 0.026894459920095745, "coregionalized": false, "r2_0": 0.9794641468375561, "min_var_1": 0.34383141598378314, "std_var_1": 0.09249912447354826, "median_var_1": 0.42368121286504573, "mean_var_0": 0.0011494058651039915, "mae_0": 0.026894459920095745, "_step": 0, "_timestamp": 1596845237.710455, "std_var_0": 0.0008525165931812282, "max_var_1": 1.001370574765457, "min_var_0": 0.00024263499826771424, "max_error_0_1": 0.1308744205027077, "median_var_0": 0.0009148630518861541, "_runtime": 12281.52084493637, "max_var_0": 0.006555405257693829, "mean_var_1": 0.4494865349212745, "max_error_0": 0.1308744205027077, "train_size": 250, "r2_0_1": 0.9794641468375561}
