{"_timestamp": 1596816645.6241012, "_step": 0, "min_var_0": 0.0005201726200843027, "std_var_0": 0.0023455316083037104, "median_var_0": 0.0031632363892448723, "coregionalized": true, "median_var_1": 1.5560564640504073, "max_error_0_1": 0.1517467292248189, "r2_0_1": 0.9589946653051518, "mae_0_1": 0.03842211616610392, "r2_0": 0.9589946653051518, "train_size": 25, "mean_var_0": 0.0036807879058698306, "std_var_1": 1.0043267613526001, "min_var_1": 0.4184370149875395, "_runtime": 60.04132914543152, "max_var_0": 0.017461732592733092, "mae_0": 0.03842211616610392, "max_error_0": 0.1517467292248189, "mean_var_1": 1.7877278003691666, "max_var_1": 7.897480858887029}
