{"mean_var_0": 0.06684364056379777, "mae_0": 0.059519866118779054, "max_var_0": 0.12851312781172602, "r2_0": 0.8964806062763742, "coregionalized": false, "r2_0_1": 0.8964806062763742, "max_error_0_1": 0.22860234471552232, "_step": 0, "_runtime": 908.8630640506744, "min_var_0": 0.0594792099875193, "mae_0_1": 0.059519866118779054, "median_var_1": 2.0986067573034566, "max_var_1": 5.509960028379372, "train_size": 25, "_timestamp": 1597747315.458978, "max_error_0": 0.22860234471552232, "mean_var_1": 2.188815696056391, "std_var_1": 1.0120044545780518, "std_var_0": 0.009830348811043636, "min_var_1": 0.0034712405437896453, "median_var_0": 0.06356720889871258}
