{"max_error_0_1": 0.6370484775471406, "r2_0_1": -38407781.72155283, "std_var_1": 5.297710257062129e-07, "min_var_1": 1.5315121838134815, "r2_0": -38407781.72155283, "_runtime": 49.05242323875427, "max_var_1": 1.5315219568204812, "max_error_0": 0.6370484775471406, "min_var_0": 0.1675641716462084, "mean_var_0": 0.16756523616328442, "mae_0_1": 0.19811005049193303, "mae_0": 0.19811005049193303, "median_var_0": 0.16756524089927566, "std_var_0": 5.7962740370969684e-08, "mean_var_1": 1.531521913344895, "_timestamp": 1597405643.8778172, "train_size": 2, "_step": 0, "median_var_1": 1.5315219566311666, "coregionalized": false, "max_var_0": 0.16756524091998873}
