{"max_var_1": 1.3617825118798321, "r2_0": 0.977857874160469, "std_var_1": 0.09569600825948539, "max_var_0": 0.07276908703688667, "_timestamp": 1597961012.371714, "std_var_0": 0.004294398236096281, "train_size": 93, "mean_var_0": 0.04046390280797689, "_step": 0, "mae_0": 0.029036915251783667, "coregionalized": true, "max_error_0": 0.14049027508991996, "min_var_1": 0.5355839637497285, "r2_0_1": 0.977857874160469, "mean_var_1": 0.6642704829449473, "min_var_0": 0.034719196326667735, "mae_0_1": 0.029036915251783667, "median_var_1": 0.6411544962501206, "max_error_0_1": 0.14049027508991996, "_runtime": 1203.3651251792908, "median_var_0": 0.039391836087123676}
