{"mae_0_1": 0.026119346401568492, "coregionalized": true, "r2_0": 0.9807084696335389, "min_var_1": 0.3024327163863985, "std_var_1": 0.0708632881791128, "median_var_1": 0.3635097355290851, "mean_var_0": 0.0012305647123213347, "mae_0": 0.026119346401568492, "_step": 0, "_timestamp": 1596845301.6386318, "std_var_0": 0.001038489436592887, "max_var_1": 0.9960434136964478, "min_var_0": 0.00023052483789509637, "max_error_0_1": 0.1284215923352816, "median_var_0": 0.0009521082548973325, "_runtime": 12345.449021816254, "max_var_0": 0.011178185998759638, "mean_var_1": 0.38104123507487997, "max_error_0": 0.1284215923352816, "train_size": 750, "r2_0_1": 0.9807084696335389}
