{"max_error_0_1": 0.2999420998833964, "r2_0_1": 0.8479199505348916, "std_var_1": 4.647273599783154, "min_var_1": 1.9604012078123507, "r2_0": 0.8479199505348916, "_runtime": 140.25965213775635, "max_var_1": 52.208271256784016, "max_error_0": 0.2999420998833964, "min_var_0": 2.90784239354025e-07, "mean_var_0": 0.008670204622560716, "mae_0_1": 0.07428868066716547, "mae_0": 0.07428868066716547, "median_var_0": 0.004655758413992572, "std_var_0": 0.012054355246769705, "mean_var_1": 5.707185444184438, "_timestamp": 1597405735.085046, "train_size": 25, "_step": 0, "median_var_1": 4.238742040454139, "coregionalized": true, "max_var_0": 0.13371772117358205}
