{"_step": 1, "cv_mean": 0.9495364374950505, "_timestamp": 1599556410.955611, "_runtime": 1990.833415031433, "cv_std": 0.007903045696255086}
