{"mae_0_1": 0.02112018312213503, "coregionalized": false, "r2_0": 0.9877583466340553, "min_var_1": 0.2865331212370957, "std_var_1": 0.016968378551655255, "median_var_1": 0.30198551736169704, "mean_var_0": 0.0007129424363574042, "mae_0": 0.02112018312213503, "_step": 0, "_timestamp": 1596862004.771473, "std_var_0": 5.110366095659768e-05, "max_var_1": 0.46772798731320747, "min_var_0": 0.0006548180747662781, "max_error_0_1": 0.09542515160526843, "median_var_0": 0.0007006035342291551, "_runtime": 29048.581862926483, "max_var_0": 0.0012131281911555714, "mean_var_1": 0.30606394793682945, "max_error_0": 0.09542515160526843, "train_size": 2000, "r2_0_1": 0.9877583466340553}
