{"max_error_0": 0.08272812877551239, "max_error_0_1": 0.08272812877551239, "mae_0": 0.020019128896728758, "_timestamp": 1597017902.064857, "r2_0_1": 0.9890811934898757, "mean_var_0": 0.0006675389675151086, "min_var_1": 0.31453014468218626, "max_var_1": 0.48025199001143065, "r2_0": 0.9890811934898757, "std_var_0": 2.570836628308653e-05, "mean_var_1": 0.33834194132066786, "median_var_0": 0.0006600428862233432, "coregionalized": true, "_step": 0, "_runtime": 45284.895669937134, "std_var_1": 0.020773067190179354, "mae_0_1": 0.020019128896728758, "min_var_0": 0.0006374092161856016, "max_var_0": 0.000836185881690098, "train_size": 2000, "median_var_1": 0.332250919441441}
