{"_runtime": 578.0833129882812, "mae_0": 0.046715352327921525, "_step": 0, "mean_var_0": 0.0017310910257874639, "mae_0_1": 0.046715352327921525, "max_var_0": 0.011923164955533139, "train_size": 25, "median_var_0": 0.001432344664408447, "median_var_1": 0.11225236827704066, "max_var_1": 1.5636069646529904, "r2_0_1": 0.9296991322908874, "min_var_0": 0.00023275587682292098, "std_var_0": 0.001281438260024069, "mean_var_1": 0.16162447278294093, "max_error_0_1": 0.21797678935843123, "r2_0": 0.9296991322908874, "_timestamp": 1596971891.618567, "std_var_1": 0.15465048655318225, "min_var_1": 0.0091096873600236, "coregionalized": false, "max_error_0": 0.21797678935843123}
