{"std_var_1": 0.04991783714152856, "mae_0_1": 0.03146977688413642, "max_error_0_1": 0.15413809973333237, "max_var_0": 0.05008597459861387, "mean_var_1": 0.6743393154592257, "_step": 0, "max_var_1": 1.0775977875971685, "std_var_0": 0.0015946823451980956, "min_var_0": 0.03484480993877794, "train_size": 93, "mean_var_0": 0.03735682245445228, "max_error_0": 0.15413809973333237, "median_var_1": 0.6630114790653818, "_timestamp": 1597922589.727469, "median_var_0": 0.03705567254575068, "r2_0": 0.9710885000471688, "min_var_1": 0.597505873991236, "r2_0_1": 0.9710885000471688, "mae_0": 0.03146977688413642, "coregionalized": false, "_runtime": 1258.8605511188507}
