{"std_var_0": 8.247746449129302e-05, "_step": 0, "_runtime": 36614.4092028141, "min_var_0": 0.0009301447069891426, "max_error_0": 0.1182246220041483, "median_var_0": 0.0010002654388234647, "mae_0_1": 0.02663244264727335, "mean_var_0": 0.0010226236062743396, "median_var_1": 0.3256153477303417, "mae_0": 0.02663244264727335, "std_var_1": 0.0215314994490883, "coregionalized": true, "_timestamp": 1597787898.304246, "max_var_0": 0.0016921482391343149, "r2_0": 0.9786985559571448, "min_var_1": 0.30667753647488666, "max_error_0_1": 0.1182246220041483, "train_size": 1250, "max_var_1": 0.5002391798369319, "mean_var_1": 0.3312439972988995, "r2_0_1": 0.9786985559571448}
