{"_timestamp": 1597474041.535744, "max_var_0": 0.37611223305710156, "_runtime": 134.45605874061584, "std_var_0": 0.04069388170139781, "r2_0": 0.8383653482809844, "mean_var_0": 0.044289526286480224, "mae_0": 0.0699658773166162, "min_var_1": 0.0003714362333459287, "r2_0_1": 0.8383653482809844, "mean_var_1": 1.294374930242376, "_step": 0, "std_var_1": 0.9719945337324489, "max_var_1": 5.8752375588171635, "max_error_0_1": 0.30919646670200596, "median_var_1": 1.0206614225996724, "median_var_0": 0.030677511530558452, "coregionalized": false, "min_var_0": 0.00597334782728547, "train_size": 25, "max_error_0": 0.30919646670200596, "mae_0_1": 0.0699658773166162}
