{"r2_0_1": 0.9764034155115828, "min_var_0": 0.03401614328651793, "max_var_0": 0.05631739384956173, "median_var_0": 0.03702088763851162, "r2_0": 0.9764034155115828, "_runtime": 900.2889740467072, "min_var_1": 0.6009897156312703, "std_var_1": 0.0618896614497199, "coregionalized": false, "mean_var_0": 0.037686210222068306, "mean_var_1": 0.6829330148902875, "max_error_0": 0.13670222906077711, "mae_0": 0.028960076882788833, "train_size": 93, "_timestamp": 1597982961.777493, "max_var_1": 1.1125670953861844, "median_var_1": 0.667192656567293, "mae_0_1": 0.028960076882788833, "_step": 0, "max_error_0_1": 0.13670222906077711, "std_var_0": 0.0026753453039922363}
