{"max_error_0": 0.1254555597426954, "max_error_0_1": 0.1254555597426954, "mae_0": 0.02835634095160052, "_timestamp": 1596972824.1586828, "r2_0_1": 0.9781350188001471, "mean_var_0": 0.0010001652892705582, "min_var_1": 0.02403601335859662, "max_var_1": 3.6558243805379504, "r2_0": 0.9781350188001471, "std_var_0": 0.0009422775293626244, "mean_var_1": 0.3805490927674111, "median_var_0": 0.000723904506671813, "coregionalized": true, "_step": 0, "_runtime": 206.98949575424194, "std_var_1": 0.3585254024833597, "mae_0_1": 0.02835634095160052, "min_var_0": 6.318038874086884e-05, "max_var_0": 0.009608238936814173, "train_size": 250, "median_var_1": 0.2754350845310398}
