{"r2_0": -5.330875237329573e+18, "median_var_0": 0.017443931134331098, "max_error_0_1": 0.7205518303615688, "max_var_0": 0.01744393149021531, "train_size": 2, "_runtime": 87.9235429763794, "_timestamp": 1597431261.240855, "_step": 0, "std_var_1": 1.0234801560454786e-08, "r2_0_1": -5.330875237329573e+18, "min_var_1": 1.2642682194983024, "std_var_0": 1.6790951805311757e-10, "max_error_0": 0.7205518303615688, "min_var_0": 0.017443930614569975, "coregionalized": true, "mae_0_1": 0.1910842269988545, "mean_var_0": 0.017443931135455035, "mean_var_1": 1.2642682512485148, "max_var_1": 1.264268272872738, "mae_0": 0.1910842269988545, "median_var_1": 1.2642682511800956}
