{"_step": 0, "mean_var_1": 1.613641801268718, "train_size": 25, "min_var_0": 2.2302417550374164e-05, "mae_0_1": 0.07488331520883344, "mean_var_0": 0.032851009200937316, "std_var_0": 0.03072954973993967, "r2_0_1": 0.7384659714491795, "min_var_1": 0.05037366715567489, "max_error_0_1": 0.6432986256992237, "mae_0": 0.07488331520883344, "median_var_0": 0.024875447491789517, "coregionalized": false, "std_var_1": 0.6663415741047528, "max_var_1": 3.6051731403235796, "max_error_0": 0.6432986256992237, "r2_0": 0.7384659714491795, "max_var_0": 0.22595056767653135, "_timestamp": 1597514258.105376, "_runtime": 2414.641340970993, "median_var_1": 1.5629830979847132}
