{"std_var_1": 0.08189289369471431, "mae_0_1": 0.02756821254804379, "max_error_0_1": 0.11248622471829473, "max_var_0": 0.055051436034313235, "mean_var_1": 0.671254815261903, "_step": 0, "max_var_1": 1.3971712513958907, "std_var_0": 0.002460237016606081, "min_var_0": 0.028907910597392217, "train_size": 187, "mean_var_0": 0.03215837314851478, "max_error_0": 0.11248622471829473, "median_var_1": 0.6509339391344042, "_timestamp": 1597924301.992393, "median_var_0": 0.03152391015652849, "r2_0": 0.9775659871902526, "min_var_1": 0.5644825454217759, "r2_0_1": 0.9775659871902526, "mae_0": 0.02756821254804379, "coregionalized": true, "_runtime": 2971.125475168228}
