{"mae_0_1": 0.02075318562867212, "median_var_1": 0.3722635328793555, "max_error_0_1": 0.10641111605186904, "min_var_0": 0.0007272530784837664, "mae_0": 0.02075318562867212, "mean_var_1": 0.3864931824513193, "min_var_1": 0.33448999749436975, "mean_var_0": 0.0008343226385894176, "max_var_0": 0.001588032280540727, "max_var_1": 0.7548274933377113, "train_size": 750, "std_var_0": 9.720182612829554e-05, "_step": 0, "coregionalized": false, "median_var_0": 0.0008053203802979107, "_runtime": 765.4283971786499, "std_var_1": 0.047373137107431684, "r2_0_1": 0.9869051589594011, "max_error_0": 0.10641111605186904, "_timestamp": 1596816110.455948, "r2_0": 0.9869051589594011}
