{"max_var_1": 1.6453335997321932, "r2_0": 0.8197680819979495, "std_var_1": 0.058817506930659284, "max_var_0": 0.2617450629434218, "_timestamp": 1597959858.1740422, "std_var_0": 0.03368548810677191, "train_size": 9, "mean_var_0": 0.1367855712883549, "_step": 0, "mae_0": 0.06981368590838283, "coregionalized": false, "max_error_0": 0.27675500679308174, "min_var_1": 1.011098150611319, "r2_0_1": 0.8197680819979495, "mean_var_1": 1.6005335181531068, "min_var_0": 0.036885549862659454, "mae_0_1": 0.06981368590838283, "median_var_1": 1.616567679533059, "max_error_0_1": 0.27675500679308174, "_runtime": 49.16745328903198, "median_var_0": 0.13464069889092536}
