{"max_error_0_1": 0.11926176997468652, "r2_0_1": 0.980863505859665, "std_var_1": 0.007301728714680067, "min_var_1": 0.591748983337387, "r2_0": 0.980863505859665, "_runtime": 542.2748160362244, "max_var_1": 0.6643173212985911, "max_error_0": 0.11926176997468652, "min_var_0": 0.033019543145769895, "mean_var_0": 0.033733644184455486, "mae_0_1": 0.02602805140862288, "mae_0": 0.02602805140862288, "median_var_0": 0.03362992654310532, "std_var_0": 0.00045621388866231346, "mean_var_1": 0.6020507885247136, "_timestamp": 1597406137.10021, "train_size": 250, "_step": 0, "median_var_1": 0.6005063258970599, "coregionalized": false, "max_var_0": 0.03698767943877067}
