{"std_var_1": 0.021368522165046634, "mae_0_1": 0.027275717266927565, "max_error_0_1": 0.1390739307600395, "max_var_0": 0.04574634517545123, "mean_var_1": 0.5813895779194469, "_step": 0, "max_var_1": 0.7789080194549161, "std_var_0": 0.0015263897864068842, "min_var_0": 0.029378195300899235, "train_size": 187, "mean_var_0": 0.03150302449649233, "max_error_0": 0.1390739307600395, "median_var_1": 0.5763934283796593, "_timestamp": 1597924816.205355, "median_var_0": 0.03111824948721679, "r2_0": 0.9785775082123092, "min_var_1": 0.5505176577035197, "r2_0_1": 0.9785775082123092, "mae_0": 0.027275717266927565, "coregionalized": false, "_runtime": 3485.3384370803833}
