{"r2_0": -3.244926076922095, "median_var_0": 0.40160947282171755, "max_error_0_1": 0.5752786739519178, "max_var_0": 0.6364994366605164, "train_size": 2, "_runtime": 29.422878980636597, "_timestamp": 1597431202.740191, "_step": 0, "std_var_1": 2.0818782447778053, "r2_0_1": -3.244926076922095, "min_var_1": 5.439101833795248, "std_var_0": 0.09062042434974235, "max_error_0": 0.5752786739519178, "min_var_0": 0.08181312052008682, "coregionalized": true, "mae_0_1": 0.1501957053070611, "mean_var_0": 0.39934482375252367, "mean_var_1": 12.733951198388052, "max_var_1": 18.182248674422283, "mae_0": 0.1501957053070611, "median_var_1": 12.785978361834296}
