{"_step": 1, "_timestamp": 1599563687.367178, "cv_mean": 0.9603811391939674, "_runtime": 9263.660789966583, "cv_std": 0.004624879848134686}
