{"mae_0_1": 0.03517945522106151, "median_var_1": 8.178708625948232, "max_error_0_1": 0.15944050819477917, "min_var_0": 0.00031965110330389734, "mae_0": 0.03517945522106151, "mean_var_1": 8.188309937311937, "min_var_1": 8.137742350336467, "mean_var_0": 0.0020863609683557, "max_var_0": 0.010847635325294647, "max_var_1": 8.439079184616062, "train_size": 25, "std_var_0": 0.0013156341998059185, "_step": 0, "coregionalized": true, "median_var_0": 0.0017509142421410218, "_runtime": 58.785866022109985, "std_var_1": 0.03765669063319847, "r2_0_1": 0.9639020737079963, "max_error_0": 0.15944050819477917, "_timestamp": 1596815403.813417, "r2_0": 0.9639020737079963}
