{"_timestamp": 1597480823.655134, "max_var_0": 0.03360303418926474, "_runtime": 6916.57544875145, "std_var_0": 0.00013161746996610325, "r2_0": 0.9772495858998873, "mean_var_0": 0.03284794243250958, "mae_0": 0.026937856136955873, "min_var_1": 0.5757429621645676, "r2_0_1": 0.9772495858998873, "mean_var_1": 0.5798763349576519, "_step": 0, "std_var_1": 0.0033811680625426936, "max_var_1": 0.6002979421499831, "max_error_0_1": 0.11661461517111649, "median_var_1": 0.5790288168021459, "median_var_0": 0.032817400479604915, "coregionalized": false, "min_var_0": 0.032665254244879205, "train_size": 1250, "max_error_0": 0.11661461517111649, "mae_0_1": 0.026937856136955873}
