{"std_var_1": 0.03859672261474037, "mae_0_1": 0.02674542045456458, "max_error_0_1": 0.1284831051184976, "max_var_0": 0.05327635573271539, "mean_var_1": 0.5173978442429936, "_step": 0, "max_var_1": 0.7758090893369854, "std_var_0": 0.0026406106723793105, "min_var_0": 0.031616006721294956, "train_size": 93, "mean_var_0": 0.035608271179339415, "max_error_0": 0.1284831051184976, "median_var_1": 0.5082704348849005, "_timestamp": 1597921861.033809, "median_var_0": 0.03498203997148126, "r2_0": 0.9792655615409743, "min_var_1": 0.45899755372687, "r2_0_1": 0.9792655615409743, "mae_0": 0.02674542045456458, "coregionalized": false, "_runtime": 530.1668910980225}
