{"_runtime": 760.1325829029083, "mae_0": 0.027405675294977856, "_step": 0, "mean_var_0": 0.0007861903822868585, "mae_0_1": 0.027405675294977856, "max_var_0": 0.011295819132771334, "train_size": 250, "median_var_0": 0.0006045639390467317, "median_var_1": 0.24663083024037746, "max_var_1": 4.608147098915367, "r2_0_1": 0.9780341304800155, "min_var_0": 8.748147895021319e-05, "std_var_0": 0.0007706059773031573, "mean_var_1": 0.3207252354990526, "max_error_0_1": 0.12848160871283532, "r2_0": 0.9780341304800155, "_timestamp": 1596972073.667837, "std_var_1": 0.3143696491795469, "min_var_1": 0.03568484047940501, "coregionalized": true, "max_error_0": 0.12848160871283532}
