{"_timestamp": 1599555348.526757, "cv_mean": 0.9379106736767475, "_step": 1, "_runtime": 921.9586799144745, "cv_std": 0.0048159652481836795}
