{"r2_0": 0.7393182162282469, "median_var_0": 0.03419845002296173, "max_error_0_1": 0.32902338858792946, "max_var_0": 0.164343053251707, "train_size": 25, "_runtime": 206.80195093154907, "_timestamp": 1597431380.119263, "_step": 0, "std_var_1": 0.5942414022073506, "r2_0_1": 0.7393182162282469, "min_var_1": 0.0006921323935395757, "std_var_0": 0.02902563550667523, "max_error_0": 0.32902338858792946, "min_var_0": 2.8376218601993604e-05, "coregionalized": false, "mae_0_1": 0.0909465506868123, "mean_var_0": 0.03917740556840607, "mean_var_1": 1.8280185379853429, "max_var_1": 3.4148441823726405, "mae_0": 0.0909465506868123, "median_var_1": 1.8252403239794832}
