{"mean_var_1": 1.5109248613883663, "max_var_0": 0.044028941996363535, "max_var_1": 7.555703256551681, "coregionalized": false, "min_var_0": 0.0011945420849732713, "median_var_1": 1.3201112703374633, "median_var_0": 0.007757849540526607, "mae_0_1": 0.047897947739171734, "max_error_0_1": 0.2240489162417476, "r2_0_1": 0.9340754092729486, "max_error_0": 0.2240489162417476, "mean_var_0": 0.008846893804410876, "train_size": 25, "min_var_1": 0.19997131047955463, "_runtime": 35.19276213645935, "_step": 0, "std_var_0": 0.005159457012493516, "_timestamp": 1596816420.272418, "mae_0": 0.047897947739171734, "r2_0": 0.9340754092729486, "std_var_1": 0.8871337833429174}
