{"_step": 1, "cv_mean": 0.9088966098796769, "_timestamp": 1599558680.73823, "_runtime": 4260.616034030914, "cv_std": 0.009187034906043102}
