{"max_error_0": 0.12821963519768387, "max_error_0_1": 0.12821963519768387, "mae_0": 0.02529097076498057, "_timestamp": 1596978730.288644, "r2_0_1": 0.9816829063291633, "mean_var_0": 0.0007920328770425402, "min_var_1": 0.34057001678970744, "max_var_1": 0.4528784394247176, "r2_0": 0.9816829063291633, "std_var_0": 0.000596216397205249, "mean_var_1": 0.35503876293010533, "median_var_0": 0.000617108843181724, "coregionalized": false, "_step": 0, "_runtime": 6113.1194570064545, "std_var_1": 0.011932533325997514, "mae_0_1": 0.02529097076498057, "min_var_0": 0.0002037944800980518, "max_var_0": 0.006046543435411944, "train_size": 750, "median_var_1": 0.35178961702026834}
