{"_step": 1, "_timestamp": 1599558865.335807, "cv_mean": 0.9584304869402989, "_runtime": 4441.629419088364, "cv_std": 0.00580668414687029}
