{"_timestamp": 1596817176.694906, "_step": 0, "min_var_0": 9.999848948893941e-09, "std_var_0": 0.0008944532269618495, "median_var_0": 0.0008202141697850607, "coregionalized": true, "median_var_1": 0.3317317695435259, "max_error_0_1": 0.11825448284036622, "r2_0_1": 0.9808147654113055, "mae_0_1": 0.026138279630514672, "r2_0": 0.9808147654113055, "train_size": 750, "mean_var_0": 0.001052740101957238, "std_var_1": 0.0724675241446892, "min_var_1": 0.27410141383518527, "_runtime": 591.1121339797974, "max_var_0": 0.009979231376086695, "mae_0": 0.026138279630514672, "max_error_0": 0.11825448284036622, "mean_var_1": 0.34860374852821724, "max_var_1": 1.006462573933279}
