{"max_error_0": 0.12429580603533585, "max_error_0_1": 0.12429580603533585, "min_var_0": 0.03174719406898142, "r2_0": 0.9789629297259209, "median_var_1": 0.5184424469669046, "coregionalized": false, "_runtime": 2194.820641040802, "median_var_0": 0.032888913375990446, "max_var_0": 0.04149433520426827, "max_var_1": 0.6778992360302385, "mae_0": 0.027027381359906316, "_step": 0, "std_var_0": 0.0011724920656114022, "mae_0_1": 0.027027381359906316, "min_var_1": 0.497993205794117, "_timestamp": 1597902229.553592, "r2_0_1": 0.9789629297259209, "mean_var_0": 0.03321907248826297, "mean_var_1": 0.5244369140397996, "std_var_1": 0.021427368883710458, "train_size": 250}
