{"mae_0_1": 0.02674586921933116, "median_var_1": 0.34031032788374826, "max_error_0_1": 0.11076418689964385, "min_var_0": 9.99988225558468e-09, "mae_0": 0.02674586921933116, "mean_var_1": 0.3619641299164017, "min_var_1": 0.2813934848470643, "mean_var_0": 0.00103357620501652, "max_var_0": 0.009521205482989625, "max_var_1": 1.0165293074053414, "train_size": 750, "std_var_0": 0.0008984423410824416, "_step": 0, "coregionalized": true, "median_var_0": 0.0007743404294928702, "_runtime": 445.76097202301025, "std_var_1": 0.07666163190071881, "r2_0_1": 0.9787570162789345, "max_error_0": 0.11076418689964385, "_timestamp": 1596815790.788523, "r2_0": 0.9787570162789345}
