{"_timestamp": 1597473965.675749, "max_var_0": 0.03266439223057471, "_runtime": 58.59606385231018, "std_var_0": 0.004678047246521799, "r2_0": -304.46398400006933, "mean_var_0": 0.0193345487335093, "mae_0": 0.21959379701274537, "min_var_1": 2.289045854101659, "r2_0_1": -304.46398400006933, "mean_var_1": 2.8622025951359906, "_step": 0, "std_var_1": 0.16085238113408826, "max_var_1": 3.3205427857450904, "max_error_0_1": 0.7337738626734316, "median_var_1": 2.8625049405347913, "median_var_0": 0.019343341802353642, "coregionalized": true, "min_var_0": 0.0026655115994209666, "train_size": 2, "max_error_0": 0.7337738626734316, "mae_0_1": 0.21959379701274537}
