{"max_error_0_1": 0.23152105571451287, "mean_var_1": 10.377071609222309, "coregionalized": true, "_runtime": 43.31404972076416, "_step": 0, "median_var_0": 0.0033236147240707226, "r2_0": 0.9528949953432125, "train_size": 25, "min_var_1": 10.275365540698328, "std_var_0": 0.0027753983499047307, "mean_var_0": 0.0039844802677549895, "median_var_1": 10.356912668341959, "min_var_0": 0.000650275526036026, "_timestamp": 1596815261.655964, "max_error_0": 0.23152105571451287, "std_var_1": 0.0846603243120068, "mae_0": 0.04065144497384537, "max_var_0": 0.022403585899267497, "mae_0_1": 0.04065144497384537, "r2_0_1": 0.9528949953432125, "max_var_1": 10.938925173902259}
