{"max_error_0_1": 0.41503623525543043, "r2_0_1": 0.6856055471949678, "std_var_1": NaN, "min_var_1": NaN, "r2_0": 0.6856055471949678, "_runtime": 87.69219708442688, "max_var_1": NaN, "max_error_0": 0.41503623525543043, "min_var_0": 0.00323740336351756, "mean_var_0": 0.0422035662412285, "mae_0_1": 0.08527197095708777, "mae_0": 0.08527197095708777, "median_var_0": 0.0375737353078322, "std_var_0": 0.023909869168741445, "mean_var_1": NaN, "_timestamp": 1597405682.517591, "train_size": 25, "_step": 0, "median_var_1": NaN, "coregionalized": false, "max_var_0": 0.13371100959413385}
