{"mae_0_1": 0.02159708245711741, "coregionalized": false, "r2_0": 0.9871485079289033, "min_var_1": 0.30432539942067066, "std_var_1": 0.037887925204177435, "median_var_1": 0.3382613537629395, "mean_var_0": 0.0007448285380488216, "mae_0": 0.02159708245711741, "_step": 0, "_timestamp": 1596846046.324047, "std_var_0": 6.742353422468552e-05, "max_var_1": 0.689329110035581, "min_var_0": 0.0006673385564008897, "max_error_0_1": 0.0954493784221726, "median_var_0": 0.0007289468915312484, "_runtime": 13090.134437084198, "max_var_0": 0.0013455477946033882, "mean_var_1": 0.3474290452989879, "max_error_0": 0.0954493784221726, "train_size": 1250, "r2_0_1": 0.9871485079289033}
