{"r2_0_1": 0.9809215786699285, "min_var_0": 0.03138130188298384, "max_var_0": 0.04463962644586833, "median_var_0": 0.032788554121367386, "r2_0": 0.9809215786699285, "_runtime": 2581.604390144348, "min_var_1": 0.5436116076187039, "std_var_1": 0.02607223803170772, "coregionalized": false, "mean_var_0": 0.03316033331550859, "mean_var_1": 0.5761660860543668, "max_error_0": 0.12616912148672954, "mae_0": 0.026277061219331453, "train_size": 187, "_timestamp": 1597984643.092909, "max_var_1": 0.7887131200035052, "median_var_1": 0.5692681814798535, "mae_0_1": 0.026277061219331453, "_step": 0, "max_error_0_1": 0.12616912148672954, "std_var_0": 0.0014111428759064452}
