{"_step": 0, "mean_var_1": 0.35735812503893133, "train_size": 1250, "min_var_0": 0.001020394201238375, "mae_0_1": 0.02565528656782514, "mean_var_0": 0.0010360184827928577, "std_var_0": 1.7864903116054177e-05, "r2_0_1": 0.9815225780457814, "min_var_1": 0.3513092475612854, "max_error_0_1": 0.1217163749806418, "mae_0": 0.02565528656782514, "median_var_0": 0.0010316072813809996, "coregionalized": true, "std_var_1": 0.007423113151026782, "max_var_1": 0.447071418412516, "max_error_0": 0.1217163749806418, "r2_0": 0.9815225780457814, "max_var_0": 0.0012505081478382607, "_timestamp": 1597532165.928705, "_runtime": 20322.464669942856, "median_var_1": 0.35547915870744934}
