{"train_size": 25, "mean_var_1": 3.2741004605604123, "std_var_1": 2.0304937661338065, "min_var_0": 0.0006468507071515361, "mae_0": 0.0762779216610899, "coregionalized": true, "r2_0_1": 0.8722631465377628, "_timestamp": 1596815105.992095, "_step": 0, "min_var_1": 1.0231052348502634, "max_var_1": 13.907695527013274, "median_var_1": 2.5593847054434353, "max_error_0": 0.34232475670139095, "max_error_0_1": 0.34232475670139095, "mae_0_1": 0.0762779216610899, "mean_var_0": 0.005038441225600387, "max_var_0": 0.02688047089024348, "r2_0": 0.8722631465377628, "median_var_0": 0.0037839378301827153, "_runtime": 13.490827083587646, "std_var_0": 0.00391368542418161}
