{"max_error_0": 0.07964754729126389, "max_error_0_1": 0.07964754729126389, "mae_0": 0.019896540894893847, "_timestamp": 1597001188.400307, "r2_0_1": 0.9891047305094451, "mean_var_0": 0.0007353295004263476, "min_var_1": 0.060839032344791454, "max_var_1": 2.5552766097366124, "r2_0": 0.9891047305094451, "std_var_0": 1.647437536378559e-05, "mean_var_1": 0.4058868664015828, "median_var_0": 0.0007308338475149061, "coregionalized": false, "_step": 0, "_runtime": 28571.23111987114, "std_var_1": 0.26154449961604354, "mae_0_1": 0.019896540894893847, "min_var_0": 0.0007163286315283461, "max_var_0": 0.0008493162595350772, "train_size": 1250, "median_var_1": 0.3390520855050064}
