{"max_error_0_1": 0.15373339212729542, "mean_var_1": 1.8280407591364791, "coregionalized": true, "_runtime": 19.43493676185608, "_step": 0, "median_var_0": 0.0032338957280977354, "r2_0": 0.9704861081671518, "train_size": 25, "min_var_1": 0.7311720876830958, "std_var_0": 0.003088871178683, "mean_var_0": 0.004102508751487205, "median_var_1": 1.5896106550661142, "min_var_0": 0.0007306202392278749, "_timestamp": 1596815237.776851, "max_error_0": 0.15373339212729542, "std_var_1": 0.9056107839104525, "mae_0": 0.034746427007283004, "max_var_0": 0.03921908134762919, "mae_0_1": 0.034746427007283004, "r2_0_1": 0.9704861081671518, "max_var_1": 10.774204770940575}
