{"_step": 1, "cv_mean": 0.9544283527546593, "_timestamp": 1599572316.670804, "_runtime": 17896.54860806465, "cv_std": 0.00690023244529498}
