{"max_error_0": 0.11082402817398629, "max_error_0_1": 0.11082402817398629, "mae_0": 0.02264799974494471, "_timestamp": 1596972881.885443, "r2_0_1": 0.9856424169200203, "mean_var_0": 0.0009882138115922074, "min_var_1": 1.5135536841626163e-06, "max_var_1": 1.229621711062883, "r2_0": 0.9856424169200203, "std_var_0": 4.5267234102504565e-05, "mean_var_1": 0.317868425237842, "median_var_0": 0.0009765603172695351, "coregionalized": false, "_step": 0, "_runtime": 264.716255903244, "std_var_1": 0.1953455481211113, "mae_0_1": 0.02264799974494471, "min_var_0": 0.0009324427665546623, "max_var_0": 0.0012885993929216725, "train_size": 250, "median_var_1": 0.2699332491378783}
