{"max_error_0": 0.1255954759832072, "max_error_0_1": 0.1255954759832072, "min_var_0": 0.031761928002455246, "r2_0": 0.9768899327563987, "median_var_1": 0.650161262714721, "coregionalized": true, "_runtime": 1021.3498980998993, "median_var_0": 0.03508224566135115, "max_var_0": 0.05010374408223709, "max_var_1": 1.0034270689620088, "mae_0": 0.0287929900301348, "_step": 0, "std_var_0": 0.002977475759179395, "mae_0_1": 0.0287929900301348, "min_var_1": 0.5709788673961146, "_timestamp": 1597901056.082849, "r2_0_1": 0.9768899327563987, "mean_var_0": 0.03593217833473673, "mean_var_1": 0.6702483258322628, "std_var_1": 0.07116552621107694, "train_size": 125}
