{"_step": 0, "mean_var_1": 0.6030117645212176, "train_size": 250, "min_var_0": 0.03250287692184105, "mae_0_1": 0.026222857776275817, "mean_var_0": 0.033155394819888016, "std_var_0": 0.0004167630613049395, "r2_0_1": 0.9811191970756447, "min_var_1": 0.5912706177298086, "max_error_0_1": 0.11646182125189819, "mae_0": 0.026222857776275817, "median_var_0": 0.033061352041755754, "coregionalized": false, "std_var_1": 0.0068740066399260395, "max_var_1": 0.6460685498034751, "max_error_0": 0.11646182125189819, "r2_0": 0.9811191970756447, "max_var_0": 0.03702712597997112, "_timestamp": 1597516380.22627, "_runtime": 4536.762234926224, "median_var_1": 0.6019349444474118}
