{"_timestamp": 1596816701.544977, "_step": 0, "min_var_0": 0.00014906345369678634, "std_var_0": 0.00150352182792047, "median_var_0": 0.0017229180405341285, "coregionalized": false, "median_var_1": 1.0402724083933208, "max_error_0_1": 0.17790543438583528, "r2_0_1": 0.9360456935248486, "mae_0_1": 0.046135530993209536, "r2_0": 0.9360456935248486, "train_size": 25, "mean_var_0": 0.002122309740881153, "std_var_1": 0.8647496986067977, "min_var_1": 0.09770449525012737, "_runtime": 115.9622049331665, "max_var_0": 0.01127905557571194, "mae_0": 0.046135530993209536, "max_error_0": 0.17790543438583528, "mean_var_1": 1.2677582084295922, "max_var_1": 5.9805389066686985}
