{"mean_var_1": 1.2837187562068004, "max_var_0": 0.013549027382437018, "max_var_1": 4.83350191274103, "coregionalized": true, "min_var_0": 0.0005088886395974157, "median_var_1": 1.1476440978174651, "median_var_0": 0.0020939947723892516, "mae_0_1": 0.040214118933438035, "max_error_0_1": 0.15906120376124688, "r2_0_1": 0.9581140032970294, "max_error_0": 0.15906120376124688, "mean_var_0": 0.002504282374038229, "train_size": 25, "min_var_1": 0.49678531783847585, "_runtime": 51.82244110107422, "_step": 0, "std_var_0": 0.0015948600037641947, "_timestamp": 1596816436.902097, "mae_0": 0.040214118933438035, "r2_0": 0.9581140032970294, "std_var_1": 0.5723734954264579}
