{"max_error_0": 0.38113749604236613, "max_error_0_1": 0.38113749604236613, "min_var_0": 0.0534357371442861, "r2_0": 0.6923512025231473, "median_var_1": 2.9148226441115854, "coregionalized": true, "_runtime": 101.84768915176392, "median_var_0": 0.12621370910606483, "max_var_0": 0.2951987881268869, "max_var_1": 7.2940585742340325, "mae_0": 0.1066338375422646, "_step": 0, "std_var_0": 0.0404509224096643, "mae_0_1": 0.1066338375422646, "min_var_1": 0.44689764050713554, "_timestamp": 1597900136.58064, "r2_0_1": 0.6923512025231473, "mean_var_0": 0.13267647617426387, "mean_var_1": 3.0626913615552986, "std_var_1": 1.081141242757124, "train_size": 12}
