{"max_error_0_1": 0.31089974058800385, "r2_0_1": 0.9104623773274546, "std_var_1": 5.508241002273098, "min_var_1": 0.0054323913200278184, "r2_0": 0.9104623773274546, "_runtime": 155.10457611083984, "max_var_1": 87.63706817172272, "max_error_0": 0.31089974058800385, "min_var_0": 3.480442192138611e-05, "mean_var_0": 0.006975741115378032, "mae_0_1": 0.05577977725541962, "mae_0": 0.05577977725541962, "median_var_0": 0.0004861202702324263, "std_var_0": 0.03527079355082879, "mean_var_1": 1.0893902458705467, "_timestamp": 1597405749.92997, "train_size": 25, "_step": 0, "median_var_1": 0.0759117951066628, "coregionalized": true, "max_var_0": 0.5611635858977202}
