{"mae_0_1": 0.021208121665996178, "coregionalized": false, "r2_0": 0.9873579854060887, "min_var_1": 0.2826936926373403, "std_var_1": 0.03906409931507517, "median_var_1": 0.3165061992273788, "mean_var_0": 0.0007667618978662924, "mae_0": 0.021208121665996178, "_step": 0, "_timestamp": 1596845821.32811, "std_var_0": 7.558696959437735e-05, "max_var_1": 0.6974501098426937, "min_var_0": 0.0006817065801842271, "max_error_0_1": 0.08879724854629822, "median_var_0": 0.0007486559052582332, "_runtime": 12865.138499975204, "max_var_0": 0.001473408713205715, "mean_var_1": 0.32606398169987433, "max_error_0": 0.08879724854629822, "train_size": 1250, "r2_0_1": 0.9873579854060887}
