{"r2_0": -2.9897811136623087, "median_var_0": 1.0005789557760094, "max_error_0_1": 0.8843565152810853, "max_var_0": 1.809825399527898, "train_size": 2, "_runtime": 6.355305910110474, "_timestamp": 1597431179.672618, "_step": 0, "std_var_1": 7.628792393098053, "r2_0_1": -2.9897811136623087, "min_var_1": 12.71684426910442, "std_var_0": 0.2760725933443286, "max_error_0": 0.8843565152810853, "min_var_0": 0.000564655873609432, "coregionalized": true, "mae_0_1": 0.24992245061848647, "mean_var_0": 0.9648727404443868, "mean_var_1": 39.363843490794, "max_var_1": 62.71266033676728, "mae_0": 0.24992245061848647, "median_var_1": 40.350523481526885}
