{"_timestamp": 1597474064.4320982, "max_var_0": 0.2069507754731176, "_runtime": 157.35241293907166, "std_var_0": 0.033573062991296705, "r2_0": 0.7474759923443167, "mean_var_0": 0.05127293626608143, "mae_0": 0.09115581933578694, "min_var_1": 0.0012416903170730728, "r2_0_1": 0.7474759923443167, "mean_var_1": 1.3506134859577505, "_step": 0, "std_var_1": 0.5376875870481682, "max_var_1": 2.645400356563567, "max_error_0_1": 0.4885905170542959, "median_var_1": 1.3318156827510155, "median_var_0": 0.045675943311630926, "coregionalized": false, "min_var_0": 2.527038631317425e-05, "train_size": 25, "max_error_0": 0.4885905170542959, "mae_0_1": 0.09115581933578694}
