{"r2_0_1": 0.7988472532409939, "min_var_0": 0.0590963130228085, "max_var_0": 0.22055468771418954, "median_var_0": 0.10636758950222408, "r2_0": 0.7988472532409939, "_runtime": 92.54358696937561, "min_var_1": 2.5700201758034273, "std_var_1": 0.038991397552520554, "coregionalized": true, "mean_var_0": 0.10923486340477975, "mean_var_1": 2.6290325141257127, "max_error_0": 0.2985120361096514, "mae_0": 0.07309120051955206, "train_size": 9, "_timestamp": 1597982154.032106, "max_var_1": 2.8525553267434174, "median_var_1": 2.6211455897731764, "mae_0_1": 0.07309120051955206, "_step": 0, "max_error_0_1": 0.2985120361096514, "std_var_0": 0.025435290154128737}
