{"_timestamp": 1596960219.6608262, "median_var_0": 0.0020527332055042535, "train_size": 25, "r2_0_1": 0.9330593996042842, "min_var_1": 0.7028561880563018, "median_var_1": 2.410666336003061, "std_var_0": 0.0018941594909410008, "_runtime": 4242.02127623558, "mae_0": 0.047453480712184526, "mae_0_1": 0.047453480712184526, "max_var_0": 0.024967391660185356, "coregionalized": false, "_step": 0, "mean_var_0": 0.002513877404492763, "max_var_1": 22.063076883929824, "max_error_0": 0.20739053507429328, "std_var_1": 1.7939708322085244, "mean_var_1": 2.850077341506928, "max_error_0_1": 0.20739053507429328, "r2_0": 0.9330593996042842, "min_var_0": 0.0004509263283232201}
