{"max_var_1": 0.9174437971415192, "r2_0": 0.9797047949335861, "std_var_1": 0.042490180310907, "max_var_0": 0.052508621527482535, "_timestamp": 1597962241.415421, "std_var_0": 0.0022124487054777596, "train_size": 187, "mean_var_0": 0.03703928925589626, "_step": 0, "mae_0": 0.027106585095746975, "coregionalized": true, "max_error_0": 0.13262459729468912, "min_var_1": 0.5692552704991722, "r2_0_1": 0.9797047949335861, "mean_var_1": 0.6254147021298629, "min_var_0": 0.034093433752373704, "mae_0_1": 0.027106585095746975, "median_var_1": 0.6142552442897615, "max_error_0_1": 0.13262459729468912, "_runtime": 2432.4088320732117, "median_var_0": 0.036460634569815686}
