{"_step": 1, "_timestamp": 1599569829.459418, "cv_mean": 0.9600318218509611, "_runtime": 15405.753030061722, "cv_std": 0.004821787101382186}
