{"mae_0_1": 0.04764352243754428, "median_var_1": 0.8793824824161655, "max_error_0_1": 0.21827904288089517, "min_var_0": 0.0012522001391839233, "mae_0": 0.04764352243754428, "mean_var_1": 1.0503354299848964, "min_var_1": 0.23930772960349964, "mean_var_0": 0.00549596680456931, "max_var_0": 0.023481134638288825, "max_var_1": 4.4874890204990585, "train_size": 25, "std_var_0": 0.0033593774475721505, "_step": 0, "coregionalized": true, "median_var_0": 0.0046014407563705895, "_runtime": 97.6858172416687, "std_var_1": 0.6420120420342011, "r2_0_1": 0.9182666114076631, "max_error_0": 0.21827904288089517, "_timestamp": 1596815442.7133682, "r2_0": 0.9182666114076631}
