{"std_var_0": 8.41361407053236e-05, "_step": 0, "_runtime": 7302.0230448246, "min_var_0": 0.0011323084277399065, "max_error_0": 0.1237125687975853, "median_var_0": 0.0012198276040442468, "mae_0_1": 0.027402590569687045, "mean_var_0": 0.00124185641178118, "median_var_1": 0.2800792996287702, "mae_0": 0.027402590569687045, "std_var_1": 0.03219975774988407, "coregionalized": true, "_timestamp": 1597758585.918088, "max_var_0": 0.0018484972338490369, "r2_0": 0.9770878509734227, "min_var_1": 0.249761337459123, "max_error_0_1": 0.1237125687975853, "train_size": 250, "max_var_1": 0.5270826165080427, "mean_var_1": 0.28840963991883983, "r2_0_1": 0.9770878509734227}
