{"r2_0_1": 0.9806408946746416, "min_var_0": 0.033420210836398054, "max_var_0": 0.05111982527425164, "median_var_0": 0.03532199580843632, "r2_0": 0.9806408946746416, "_runtime": 3838.185247898102, "min_var_1": 0.5764704522017581, "std_var_1": 0.02674060524868803, "coregionalized": false, "mean_var_0": 0.03573362964291248, "mean_var_1": 0.6141568051318025, "max_error_0": 0.14180297031266642, "mae_0": 0.026757390705717216, "train_size": 187, "_timestamp": 1597985899.6737669, "max_var_1": 0.8623399174169721, "median_var_1": 0.6074747274999761, "mae_0_1": 0.026757390705717216, "_step": 0, "max_error_0_1": 0.14180297031266642, "std_var_0": 0.001650097822023772}
