{"mae_0_1": 0.02103566773411127, "median_var_1": 0.33626362599523774, "max_error_0_1": 0.11061179973659829, "min_var_0": 0.0006268184557686067, "mae_0": 0.02103566773411127, "mean_var_1": 0.3506146242811787, "min_var_1": 0.29454490944579803, "mean_var_0": 0.0007269340465710723, "max_var_0": 0.0015300412156849957, "max_var_1": 0.8125726484339647, "train_size": 750, "std_var_0": 9.482608784208772e-05, "_step": 0, "coregionalized": false, "median_var_0": 0.0007014904056151676, "_runtime": 467.93172097206116, "std_var_1": 0.05391805687732354, "r2_0_1": 0.9864563022978193, "max_error_0": 0.11061179973659829, "_timestamp": 1596815812.959272, "r2_0": 0.9864563022978193}
