{"r2_0_1": 0.9802774289923555, "min_var_0": 0.03172883612962204, "max_var_0": 0.04134884963987806, "median_var_0": 0.032898573138876494, "r2_0": 0.9802774289923555, "_runtime": 10983.93033504486, "min_var_1": 0.5533230903265886, "std_var_1": 0.01603411245498814, "coregionalized": false, "mean_var_0": 0.033161279577809205, "mean_var_1": 0.5751767190554404, "max_error_0": 0.12789194595835163, "mae_0": 0.026788440209261688, "train_size": 375, "_timestamp": 1597993045.418854, "max_var_1": 0.6990189307799317, "median_var_1": 0.5712755357414947, "mae_0_1": 0.026788440209261688, "_step": 0, "max_error_0_1": 0.12789194595835163, "std_var_0": 0.0010615156700476422}
