{"_step": 0, "mean_var_1": 1.5709744937375476, "train_size": 2, "min_var_0": 0.04946519875651423, "mae_0_1": 0.19700667814383274, "mean_var_0": 0.04947740888170403, "std_var_0": 4.892931622854702e-07, "r2_0_1": -27088085.93629559, "min_var_1": 1.5705868057871866, "max_error_0_1": 0.7071657044120254, "mae_0": 0.19700667814383274, "median_var_0": 0.04947743048933047, "coregionalized": false, "std_var_1": 1.5535718124374527e-05, "max_var_1": 1.5709751798122273, "max_error_0": 0.7071657044120254, "r2_0": -27088085.93629559, "max_var_0": 0.049477430489437056, "_timestamp": 1597514134.086842, "_runtime": 2290.6228070259094, "median_var_1": 1.5709751798088427}
