{"mean_var_0": 0.08195753876991123, "mae_0": 0.19598673827478025, "max_var_0": 0.10626402567995374, "r2_0": -35.9518385210715, "coregionalized": true, "r2_0_1": -35.9518385210715, "max_error_0_1": 0.7414326250000773, "_step": 0, "_runtime": 61.45152425765991, "min_var_0": 0.017872594532220572, "mae_0_1": 0.19598673827478025, "median_var_1": 2.591682429526485, "max_var_1": 3.080488676818816, "train_size": 2, "_timestamp": 1597746468.0474381, "max_error_0": 0.7414326250000773, "mean_var_1": 2.460433504834975, "std_var_1": 0.341258613800019, "std_var_0": 0.013377516072852076, "min_var_1": 0.8256353018721247, "median_var_0": 0.08710256523548054}
