{"_step": 0, "mean_var_1": 0.5872875979146344, "train_size": 1250, "min_var_0": 0.03244977408859625, "mae_0_1": 0.025231955726013694, "mean_var_0": 0.03280811265671657, "std_var_0": 0.0005064422290395563, "r2_0_1": 0.9823246063025433, "min_var_1": 0.5841389532444313, "max_error_0_1": 0.11919850655577546, "mae_0": 0.025231955726013694, "median_var_0": 0.03267772857036337, "coregionalized": false, "std_var_1": 0.0022654327504298675, "max_var_1": 0.6018354960208416, "max_error_0": 0.11919850655577546, "r2_0": 0.9823246063025433, "max_var_0": 0.03960729840220662, "_timestamp": 1597523922.2773051, "_runtime": 12078.81327009201, "median_var_1": 0.5866827504348443}
