{"max_error_0_1": 0.6825350101252363, "r2_0_1": -8969966075023265.0, "std_var_1": 4.6479847410769865e-07, "min_var_1": 4.814387868489924, "r2_0": -8969966075023265.0, "_runtime": 17.48763108253479, "max_var_1": 4.814390393803515, "max_error_0": 0.6825350101252363, "min_var_0": 0.09738717906635827, "mean_var_0": 0.09738720674351674, "mae_0_1": 0.1970604874552852, "mae_0": 0.1970604874552852, "median_var_0": 0.09738720681144361, "std_var_0": 1.0533212925839106e-08, "mean_var_1": 4.814389089798303, "_timestamp": 1597405612.313025, "train_size": 2, "_step": 0, "median_var_1": 4.814389092795701, "coregionalized": true, "max_var_0": 0.09738723629474208}
