{"_step": 0, "mean_var_1": 176.50120400107534, "train_size": 2, "min_var_0": 4.369077595710741, "mae_0_1": 2.1583738061941107, "mean_var_0": 4.3887399779134295, "std_var_0": 0.001221037243567286, "r2_0_1": -57290.160766844085, "min_var_1": 175.76155921937726, "max_error_0_1": 2.758465187381877, "mae_0": 2.1583738061941107, "median_var_0": 4.388826808872155, "coregionalized": true, "std_var_1": 0.04593206541067107, "max_var_1": 176.50447034311102, "max_error_0": 2.758465187381877, "r2_0": -57290.160766844085, "max_var_0": 4.388826808872155, "_timestamp": 1597511857.040004, "_runtime": 13.575968980789185, "median_var_1": 176.50447034311102}
