{"_timestamp": 1597480710.8588889, "max_var_0": 0.001348660109438904, "_runtime": 6803.779203653336, "std_var_0": 2.469224841460854e-05, "r2_0": 0.9777167627963542, "mean_var_0": 0.0010504766580322462, "mae_0": 0.02668801319572907, "min_var_1": 0.331185060829958, "r2_0_1": 0.9777167627963542, "mean_var_1": 0.33672768458827407, "_step": 0, "std_var_1": 0.007594556732262667, "max_var_1": 0.42874579438670546, "max_error_0_1": 0.11889395255817314, "median_var_1": 0.3350538642118779, "median_var_0": 0.0010449316616775173, "coregionalized": true, "min_var_0": 0.0010324156175972599, "train_size": 1250, "max_error_0": 0.11889395255817314, "mae_0_1": 0.02668801319572907}
