{"_timestamp": 1597474054.1653519, "max_var_0": 0.048576514597660214, "_runtime": 147.08566665649414, "std_var_0": 0.003866112864136228, "r2_0": 0.7989518782134193, "mean_var_0": 0.0031028705928297924, "mae_0": 0.08123537814186224, "min_var_1": 1.0635381108231492, "r2_0_1": 0.7989518782134193, "mean_var_1": 1.8411174572507072, "_step": 0, "std_var_1": 0.8270927771232471, "max_var_1": 10.579870392679457, "max_error_0_1": 0.3357051506518762, "median_var_1": 1.61373885457758, "median_var_0": 0.0019866630096032623, "coregionalized": true, "min_var_0": 1.535126337159909e-08, "train_size": 25, "max_error_0": 0.3357051506518762, "mae_0_1": 0.08123537814186224}
