{"_timestamp": 1596816651.786613, "_step": 0, "min_var_0": 0.0004974242379318268, "std_var_0": 0.002254349552601533, "median_var_0": 0.003028240342473249, "coregionalized": false, "median_var_1": 2.0136748928599104, "max_error_0_1": 0.1526191115740656, "r2_0_1": 0.9587751568119152, "mae_0_1": 0.03858176978257359, "r2_0": 0.9587751568119152, "train_size": 25, "mean_var_0": 0.003530867934402739, "std_var_1": 1.4338349253325489, "min_var_1": 0.3555237870010046, "_runtime": 66.20384097099304, "max_var_0": 0.01672848870027251, "mae_0": 0.03858176978257359, "max_error_0": 0.1526191115740656, "mean_var_1": 2.351230521127578, "max_var_1": 10.86719105351159}
