{"max_error_0": 0.2341326734534528, "max_error_0_1": 0.2341326734534528, "min_var_0": 0.06080667240161603, "r2_0": 0.8427844769149283, "median_var_1": 2.7384143834975188, "coregionalized": false, "_runtime": 312.460223197937, "median_var_0": 0.07481415973789947, "max_var_0": 0.11062819784367091, "max_var_1": 2.7597844561903737, "mae_0": 0.07007107321180456, "_step": 0, "std_var_0": 0.008698427035408575, "mae_0_1": 0.07007107321180456, "min_var_1": 2.709891742795694, "_timestamp": 1597900347.1931741, "r2_0_1": 0.8427844769149283, "mean_var_0": 0.07634014412781509, "mean_var_1": 2.7375107042514406, "std_var_1": 0.00923972710895309, "train_size": 25}
