{"_timestamp": 1596816706.8619761, "_step": 0, "min_var_0": 0.0007050196961282396, "std_var_0": 0.0025056503221115804, "median_var_0": 0.003193934492638384, "coregionalized": true, "median_var_1": 1.5248038885196114, "max_error_0_1": 0.26489630204494574, "r2_0_1": 0.9259951574319115, "mae_0_1": 0.04964176184273733, "r2_0": 0.9259951574319115, "train_size": 25, "mean_var_0": 0.0038712362878268935, "std_var_1": 1.004833109972106, "min_var_1": 0.5028667579830401, "_runtime": 121.27920413017273, "max_var_0": 0.021547365196552093, "mae_0": 0.04964176184273733, "max_error_0": 0.26489630204494574, "mean_var_1": 1.7898087461280077, "max_var_1": 8.756193588328072}
