{"max_error_0": 0.12363507546853247, "max_error_0_1": 0.12363507546853247, "min_var_0": 0.02949700474184768, "r2_0": 0.9773768749217612, "median_var_1": 0.6570033121020329, "coregionalized": true, "_runtime": 1482.7729799747467, "median_var_0": 0.032035991417593494, "max_var_0": 0.04599599873747594, "max_var_1": 0.9817410463009271, "mae_0": 0.02784240353587114, "_step": 0, "std_var_0": 0.0024460267489736214, "mae_0_1": 0.02784240353587114, "min_var_1": 0.5991892644759607, "_timestamp": 1597901517.505931, "r2_0_1": 0.9773768749217612, "mean_var_0": 0.0327096725365311, "mean_var_1": 0.672672472941591, "std_var_1": 0.057071019146512136, "train_size": 125}
