{"mae_0_1": 0.02827041347824101, "median_var_1": 0.35750676342090143, "max_error_0_1": 0.13472088452676667, "min_var_0": 0.00020765159362579055, "mae_0": 0.02827041347824101, "mean_var_1": 0.3981971307721443, "min_var_1": 0.25717927830177784, "mean_var_0": 0.001060347412237583, "max_var_0": 0.009578096333073383, "max_var_1": 1.613981573037763, "train_size": 250, "std_var_0": 0.0008969359369027388, "_step": 0, "coregionalized": true, "median_var_0": 0.0007775597385464295, "_runtime": 161.92190408706665, "std_var_1": 0.1385563583014601, "r2_0_1": 0.9773512791995995, "max_error_0": 0.13472088452676667, "_timestamp": 1596815506.949455, "r2_0": 0.9773512791995995}
