{"_timestamp": 1599557669.029501, "cv_mean": 0.9490284534745406, "_step": 1, "_runtime": 3242.4614238739014, "cv_std": 0.005254104606134126}
