{"mean_var_1": 0.38753303713272186, "max_var_0": 0.0022006190815775425, "max_var_1": 0.9026780709745901, "coregionalized": false, "min_var_0": 0.0005658653721953894, "median_var_1": 0.37079965571226353, "median_var_0": 0.000725145853170744, "mae_0_1": 0.023530233248592554, "max_error_0_1": 0.10223001391244502, "r2_0_1": 0.9854590465078219, "max_error_0": 0.10223001391244502, "mean_var_0": 0.0007709596199470239, "train_size": 250, "min_var_1": 0.30955533502762705, "_runtime": 128.5753002166748, "_step": 0, "std_var_0": 0.0001706531388151596, "_timestamp": 1596816513.654956, "mae_0": 0.023530233248592554, "r2_0": 0.9854590465078219, "std_var_1": 0.06313012335699987}
