{"max_var_1": 0.8555195353881119, "r2_0": 0.9806908133340264, "std_var_1": 0.024723825001784314, "max_var_0": 0.045624857993447475, "_timestamp": 1597965374.708842, "std_var_0": 0.0011842079132046617, "train_size": 375, "mean_var_0": 0.03399315539283679, "_step": 0, "mae_0": 0.026351418947015766, "coregionalized": true, "max_error_0": 0.10471770191764485, "min_var_1": 0.5830756846553822, "r2_0_1": 0.9806908133340264, "mean_var_1": 0.6113066073103406, "min_var_0": 0.032626901224780125, "mae_0_1": 0.026351418947015766, "median_var_1": 0.6048983352058337, "max_error_0_1": 0.10471770191764485, "_runtime": 5565.702253103256, "median_var_0": 0.03369503156579107}
