{"_step": 1, "_timestamp": 1599565450.36399, "cv_mean": 0.9615746946919325, "_runtime": 11026.657602071762, "cv_std": 0.004988753862074218}
