{"_step": 1, "cv_mean": 0.9329349115364319, "_timestamp": 1599555899.162417, "_runtime": 1479.0402209758759, "cv_std": 0.008798822407499162}
