{"r2_0_1": 0.9804234902451457, "min_var_0": 0.03564590068037087, "max_var_0": 0.05725396731736675, "median_var_0": 0.03919403337659607, "r2_0": 0.9804234902451457, "_runtime": 1089.4345560073853, "min_var_1": 0.5597090786486847, "std_var_1": 0.061424902095231174, "coregionalized": false, "mean_var_0": 0.03983319844225511, "mean_var_1": 0.6517860299314975, "max_error_0": 0.13457375460929155, "mae_0": 0.026761100990325002, "train_size": 93, "_timestamp": 1597983150.923075, "max_var_1": 1.0392299858100844, "median_var_1": 0.6370317984092081, "mae_0_1": 0.026761100990325002, "_step": 0, "max_error_0_1": 0.13457375460929155, "std_var_0": 0.002755118873967415}
