{"r2_0": 0.9786194296362171, "median_var_0": 0.03479633408406074, "max_error_0_1": 0.12356387275949032, "max_var_0": 0.03817946560272662, "train_size": 250, "_runtime": 1050.8761148452759, "_timestamp": 1597432224.1934268, "_step": 0, "std_var_1": 0.01130866800211113, "r2_0_1": 0.9786194296362171, "min_var_1": 0.622308979049697, "std_var_0": 0.0004106460377491935, "max_error_0": 0.12356387275949032, "min_var_0": 0.034258050904142114, "coregionalized": false, "mae_0_1": 0.0265469275460675, "mean_var_0": 0.03487052707363084, "mean_var_1": 0.6324575114181411, "max_var_1": 0.7702803367113479, "mae_0": 0.0265469275460675, "median_var_1": 0.6302181794028106}
