{"max_error_0_1": 0.5980281158971237, "r2_0_1": -40.33732854597994, "std_var_1": 0.5880965879114135, "min_var_1": 6.19439418660179, "r2_0": -40.33732854597994, "_runtime": 42.2616491317749, "max_var_1": 9.813239789934052, "max_error_0": 0.5980281158971237, "min_var_0": 0.02557623697269573, "mean_var_0": 0.101543593120613, "mae_0_1": 0.18540958488443277, "mae_0": 0.18540958488443277, "median_var_0": 0.09986170693082563, "std_var_0": 0.024399574153811776, "mean_var_1": 8.02541560777942, "_timestamp": 1597405637.087043, "train_size": 2, "_step": 0, "median_var_1": 7.984877542515071, "coregionalized": true, "max_var_0": 0.17571873646123493}
