{"_timestamp": 1596957873.271994, "median_var_0": 0.002683396628039958, "train_size": 25, "r2_0_1": 0.9452566492477208, "min_var_1": 0.6857842776532866, "median_var_1": 1.5399573035988428, "std_var_0": 0.0027850633227069913, "_runtime": 1895.6324441432953, "mae_0": 0.0436672014191472, "mae_0_1": 0.0436672014191472, "max_var_0": 0.03401968238449271, "coregionalized": true, "_step": 0, "mean_var_0": 0.003471321587922901, "max_var_1": 11.766994208745704, "max_error_0": 0.18177491897727416, "std_var_1": 1.0225304459500602, "mean_var_1": 1.8195890698923916, "max_error_0_1": 0.18177491897727416, "r2_0": 0.9452566492477208, "min_var_0": 0.00048070309132342004}
