{"mean_var_0": 0.07043917739497792, "mae_0": 0.3061476758649651, "max_var_0": 0.07043917739911942, "r2_0": -232986445917.19727, "coregionalized": false, "r2_0_1": -232986445917.19727, "max_error_0_1": 0.9467560669665167, "_step": 0, "_runtime": 93.160001039505, "min_var_0": 0.07043917523140489, "mae_0_1": 0.3061476758649651, "median_var_1": 1.585372674997984, "max_var_1": 1.58537271182777, "train_size": 2, "_timestamp": 1597746499.755915, "max_error_0": 0.9467560669665167, "mean_var_1": 1.5853648169446057, "std_var_1": 4.169603810174009e-05, "std_var_0": 8.746556901859385e-11, "min_var_1": 1.584889001994505, "median_var_0": 0.07043917739911942}
