{"max_error_0_1": 0.468251701063225, "r2_0_1": 0.7867319749679434, "std_var_1": NaN, "min_var_1": NaN, "r2_0": 0.7867319749679434, "_runtime": 147.90121388435364, "max_var_1": NaN, "max_error_0": 0.468251701063225, "min_var_0": 2.4692590090245147e-05, "mean_var_0": 0.06668143280882716, "mae_0_1": 0.07957956349689564, "mae_0": 0.07957956349689564, "median_var_0": 0.06268190202490569, "std_var_0": 0.037202495278946535, "mean_var_1": NaN, "_timestamp": 1597405742.7266078, "train_size": 25, "_step": 0, "median_var_1": NaN, "coregionalized": false, "max_var_0": 0.20673054803021307}
