{"max_error_0": 0.08359672779439231, "max_error_0_1": 0.08359672779439231, "mae_0": 0.01997170295412044, "_timestamp": 1597030960.240366, "r2_0_1": 0.9891459995552098, "mean_var_0": 0.0007117652267768904, "min_var_1": 0.3271557142062331, "max_var_1": 0.37384713629250216, "r2_0": 0.9891459995552098, "std_var_0": 1.1975250609251863e-05, "mean_var_1": 0.3371549993078477, "median_var_0": 0.0007087327383660636, "coregionalized": false, "_step": 0, "_runtime": 58343.07117891312, "std_var_1": 0.007245017987694898, "mae_0_1": 0.01997170295412044, "min_var_0": 0.0006980347778326291, "max_var_0": 0.0008060451207884512, "train_size": 2000, "median_var_1": 0.3349259547587646}
