{"max_var_1": 1.0733583482177034, "r2_0": 0.980653837329376, "std_var_1": 0.04652414633974248, "max_var_0": 0.05101726779234744, "_timestamp": 1597968802.1507862, "std_var_0": 0.0017976810065982681, "train_size": 375, "mean_var_0": 0.03427244237605036, "_step": 0, "mae_0": 0.02630986581703453, "coregionalized": true, "max_error_0": 0.10497993776191983, "min_var_1": 0.5903389271910392, "r2_0_1": 0.980653837329376, "mean_var_1": 0.642993312406309, "min_var_0": 0.032236393986178, "mae_0_1": 0.02630986581703453, "median_var_1": 0.6303303099986188, "max_error_0_1": 0.10497993776191983, "_runtime": 8993.14419722557, "median_var_0": 0.03378746545542168}
