{"std_var_1": 0.07055467006182095, "mae_0_1": 0.08250325004096246, "max_error_0_1": 0.3864030463802337, "max_var_0": 0.19614502829065494, "mean_var_1": 2.866872921249908, "_step": 0, "max_var_1": 2.8930395361303782, "std_var_0": 0.022569262257346782, "min_var_0": 0.020518734893372116, "train_size": 18, "mean_var_0": 0.09891089753454095, "max_error_0": 0.3864030463802337, "median_var_1": 2.8840156757447137, "_timestamp": 1597921670.053312, "median_var_0": 0.0975656121424068, "r2_0": 0.6897927080051576, "min_var_1": 1.6159139201633768, "r2_0_1": 0.6897927080051576, "mae_0": 0.08250325004096246, "coregionalized": false, "_runtime": 339.1863942146301}
