{"_timestamp": 1596817136.915555, "_step": 0, "min_var_0": 9.999855166142879e-09, "std_var_0": 0.0008809502704280525, "median_var_0": 0.0007334995620835727, "coregionalized": true, "median_var_1": 0.3467670479626916, "max_error_0_1": 0.1245008260710736, "r2_0_1": 0.9810130578421434, "mae_0_1": 0.025276262220659793, "r2_0": 0.9810130578421434, "train_size": 750, "mean_var_0": 0.0009672987675002403, "std_var_1": 0.07450075776482049, "min_var_1": 0.2900575431984917, "_runtime": 551.3327829837799, "max_var_0": 0.01167331773898983, "mae_0": 0.025276262220659793, "max_error_0": 0.1245008260710736, "mean_var_1": 0.365953864455432, "max_var_1": 1.196521095487418}
