{"_timestamp": 1597473929.918783, "max_var_0": 0.21936419438436072, "_runtime": 22.83909773826599, "std_var_0": 0.032556634337673654, "r2_0": -44.48372682952272, "mean_var_0": 0.11972296037897467, "mae_0": 0.22908308097764088, "min_var_1": 2.0367817877248307, "r2_0_1": -44.48372682952272, "mean_var_1": 7.749639984800725, "_step": 0, "std_var_1": 1.9841214041575157, "max_var_1": 13.822144380563198, "max_error_0_1": 0.7303825338630778, "median_var_1": 7.731986118514666, "median_var_0": 0.11943328532778219, "coregionalized": true, "min_var_0": 0.025983013339718756, "train_size": 2, "max_error_0": 0.7303825338630778, "mae_0_1": 0.22908308097764088}
