{"max_error_0": 0.25388218368187654, "max_error_0_1": 0.25388218368187654, "min_var_0": 0.057363687169140094, "r2_0": 0.8418654190832243, "median_var_1": 2.8436954475976393, "coregionalized": true, "_runtime": 208.74296808242798, "median_var_0": 0.07640972841364396, "max_var_0": 0.12553885068915907, "max_var_1": 2.8943549268712263, "mae_0": 0.06770870939586571, "_step": 0, "std_var_0": 0.01264641094293163, "mae_0_1": 0.06770870939586571, "min_var_1": 2.8305397927560576, "_timestamp": 1597900243.475919, "r2_0_1": 0.8418654190832243, "mean_var_0": 0.07858998202066216, "mean_var_1": 2.8462379518518115, "std_var_1": 0.010962289845383742, "train_size": 25}
