{"mae_0_1": 0.04667648657417604, "median_var_1": 0.9421851571364935, "max_error_0_1": 0.21574350208548232, "min_var_0": 0.000693491012554226, "mae_0": 0.04667648657417604, "mean_var_1": 1.1147652165375577, "min_var_1": 0.19107933322155288, "mean_var_0": 0.004045815836839539, "max_var_0": 0.01957040912633179, "max_var_1": 5.392350891773192, "train_size": 25, "std_var_0": 0.0025062819102274615, "_step": 0, "coregionalized": true, "median_var_0": 0.0034194705511092494, "_runtime": 84.90554404258728, "std_var_1": 0.6905702492356532, "r2_0_1": 0.9313346251540943, "max_error_0": 0.21574350208548232, "_timestamp": 1596815429.933095, "r2_0": 0.9313346251540943}
