{"_step": 1, "_timestamp": 1599554318.106931, "_runtime": 1080.1442067623138, "cv_mean": 0.9151232643727548, "cv_std": 0.01077017740634789}
