{"_timestamp": 1597495609.049879, "max_var_0": 0.03341404111507682, "_runtime": 21701.970193862915, "std_var_0": 0.00012425629045472564, "r2_0": 0.9775949594528912, "mean_var_0": 0.0322450370886238, "mae_0": 0.026786507364084094, "min_var_1": 0.5781307802560169, "r2_0_1": 0.9775949594528912, "mean_var_1": 0.5809086324131358, "_step": 0, "std_var_1": 0.001843001669707056, "max_var_1": 0.5916008083513309, "max_error_0_1": 0.11855536391479804, "median_var_1": 0.5805331954918302, "median_var_0": 0.03222090484777655, "coregionalized": false, "min_var_0": 0.03208541018136105, "train_size": 1250, "max_error_0": 0.11855536391479804, "mae_0_1": 0.026786507364084094}
