{"std_var_0": 0.0009517566233787718, "_step": 0, "_runtime": 6524.761067867279, "min_var_0": 0.033914733236392366, "max_error_0": 0.13124099740026418, "median_var_0": 0.034997666869934434, "mae_0_1": 0.027517514500794205, "mean_var_0": 0.03526540024246636, "median_var_1": 0.5967951991502103, "mae_0": 0.027517514500794205, "std_var_1": 0.022196325605218024, "coregionalized": false, "_timestamp": 1597757808.656111, "max_var_0": 0.04021590151905082, "r2_0": 0.9777323362064213, "min_var_1": 0.5732375715699877, "max_error_0_1": 0.13124099740026418, "train_size": 250, "max_var_1": 0.7186589646275275, "mean_var_1": 0.6034091823473242, "r2_0_1": 0.9777323362064213}
