{"max_var_1": 0.9105331520554518, "r2_0": 0.9807548894970103, "std_var_1": 0.05278979133072295, "max_var_0": 0.05317344193544683, "_timestamp": 1597961262.792994, "std_var_0": 0.002677665391529371, "train_size": 93, "mean_var_0": 0.03779350964532034, "_step": 0, "mae_0": 0.02653690266030185, "coregionalized": false, "max_error_0": 0.11533048992269324, "min_var_1": 0.5372579081105244, "r2_0_1": 0.9807548894970103, "mean_var_1": 0.6106137362286423, "min_var_0": 0.03405811252475628, "mae_0_1": 0.02653690266030185, "median_var_1": 0.5965912756975429, "max_error_0_1": 0.11533048992269324, "_runtime": 1453.7864050865173, "median_var_0": 0.037091352648110226}
