{"max_var_1": 1.4078206659602996, "r2_0": -291.5188583773707, "std_var_1": 0.05268791104304733, "max_var_0": 0.16555283839669296, "_timestamp": 1597960037.8666391, "std_var_0": 0.002933435232452993, "train_size": 9, "mean_var_0": 0.1647791350581468, "_step": 0, "mae_0": 0.1988649957535007, "coregionalized": false, "max_error_0": 0.7789997866124683, "min_var_1": 0.7564845246270036, "r2_0_1": -291.5188583773707, "mean_var_1": 1.3743614748974542, "min_var_0": 0.11385960548238983, "mae_0_1": 0.1988649957535007, "median_var_1": 1.388946548620665, "max_error_0_1": 0.7789997866124683, "_runtime": 228.86005020141602, "median_var_0": 0.1653974165263536}
