{"_timestamp": 1597473942.120165, "max_var_0": 0.26786387619290397, "_runtime": 35.04047989845276, "std_var_0": 0.04131782165111841, "r2_0": -58.130607450527734, "mean_var_0": 0.17229860962282098, "mae_0": 0.2448966027462525, "min_var_1": 1.2734408587480015, "r2_0_1": -58.130607450527734, "mean_var_1": 5.620953141734841, "_step": 0, "std_var_1": 1.3329723178486539, "max_var_1": 8.704026009452106, "max_error_0_1": 0.8679720058023883, "median_var_1": 5.661487715011118, "median_var_0": 0.1735550500206509, "coregionalized": true, "min_var_0": 0.03753981926443631, "train_size": 2, "max_error_0": 0.8679720058023883, "mae_0_1": 0.2448966027462525}
