{"max_error_0": 0.19923076998772515, "max_error_0_1": 0.19923076998772515, "mae_0": 0.04582613951010759, "_timestamp": 1596972648.254432, "r2_0_1": 0.9495787345630179, "mean_var_0": 0.00033443780746919457, "min_var_1": 11.19338495735986, "max_var_1": 11.272154571118257, "r2_0": 0.9495787345630179, "std_var_0": 0.0002576333431565806, "mean_var_1": 11.201237970749766, "median_var_0": 0.0002620678145008881, "coregionalized": true, "_step": 0, "_runtime": 31.08524489402771, "std_var_1": 0.006947391155731834, "mae_0_1": 0.04582613951010759, "min_var_0": 4.3220853052972075e-05, "max_var_0": 0.002964271140411867, "train_size": 25, "median_var_1": 11.199286427355112}
