{"max_var_0": 0.002938352015077275, "median_var_0": 0.000742909231375624, "_timestamp": 1596814306.925536, "mae_0": 0.02051409842411941, "coregionalized": true, "train_size": 1250, "min_var_0": 0.0006786672632713402, "mean_var_1": 0.3333487667850067, "_step": 64, "r2_0_1": 0.9888541159504125, "std_var_1": 0.05494389262958846, "std_var_0": 0.0001287930317508575, "max_var_1": 1.2574651795069303, "max_error_0": 0.09355240712208834, "mean_var_0": 0.000770015803699975, "min_var_1": 0.2942961196379701, "mae_0_1": 0.02051409842411941, "median_var_1": 0.3217925163910922, "max_error_0_1": 0.09355240712208834, "_runtime": 1165.242057800293, "r2_0": 0.9888541159504125}
