{"mae_0_1": 0.02904416673149402, "coregionalized": false, "r2_0": 0.9754653175514044, "min_var_1": 0.05214504631553041, "std_var_1": 0.3400886669995783, "median_var_1": 0.3505731171707964, "mean_var_0": 0.0008686252249901354, "mae_0": 0.02904416673149402, "_step": 0, "_timestamp": 1596845252.980439, "std_var_0": 0.0007144361838553199, "max_var_1": 3.7373569685213965, "min_var_0": 9.971305500022787e-05, "max_error_0_1": 0.16032461744023774, "median_var_0": 0.0006827181725108655, "_runtime": 12296.790828943253, "max_var_0": 0.008239137809594732, "mean_var_1": 0.43983886225606655, "max_error_0": 0.16032461744023774, "train_size": 250, "r2_0_1": 0.9754653175514044}
