{"max_error_0_1": 0.18955848300740596, "r2_0_1": 0.9591294454070365, "std_var_1": 0.4290566237501493, "min_var_1": 0.22033234577107255, "r2_0": 0.9591294454070365, "_runtime": 431.65540504455566, "max_var_1": 8.424130171256895, "max_error_0": 0.18955848300740596, "min_var_0": 6.589759577746435e-05, "mean_var_0": 0.0019110641908861524, "mae_0_1": 0.03729952639486641, "mae_0": 0.03729952639486641, "median_var_0": 0.0012748174898975506, "std_var_0": 0.0025301627265262683, "mean_var_1": 0.5724926584688145, "_timestamp": 1597406026.480799, "train_size": 250, "_step": 0, "median_var_1": 0.46659008172317173, "coregionalized": true, "max_var_0": 0.04973677882958327}
