{"max_error_0": 0.15087075010776863, "max_error_0_1": 0.15087075010776863, "mae_0": 0.036160798637602735, "_timestamp": 1596972629.369322, "r2_0_1": 0.9627885137559266, "mean_var_0": 0.0008274105322377352, "min_var_1": 9.317222539155317, "max_var_1": 9.769662346226987, "r2_0": 0.9627885137559266, "std_var_0": 0.0015474529166917958, "mean_var_1": 9.344742995000528, "median_var_0": 0.0003052073643994291, "coregionalized": true, "_step": 0, "_runtime": 12.200134992599487, "std_var_1": 0.05316766719666651, "mae_0_1": 0.036160798637602735, "min_var_0": 2.6423543123321735e-05, "max_var_0": 0.01319475188995245, "train_size": 25, "median_var_1": 9.326801044109992}
