{"_step": 1, "_timestamp": 1599559501.1570601, "cv_mean": 0.9604520673062023, "_runtime": 5077.450672149658, "cv_std": 0.005313139317517879}
