{"_timestamp": 1597474225.105581, "max_var_0": 0.058225338330421206, "_runtime": 318.0258958339691, "std_var_0": 0.0036007081621287815, "r2_0": 0.9499151030127989, "mean_var_0": 0.0019318911067309897, "mae_0": 0.03979197214308043, "min_var_1": 0.2144788108822605, "r2_0_1": 0.9499151030127989, "mean_var_1": 0.5465871688242995, "_step": 0, "std_var_1": 0.5666223508807944, "max_var_1": 9.313314443292589, "max_error_0_1": 0.21025249105203803, "median_var_1": 0.4522045343695619, "median_var_0": 0.0013160093262274389, "coregionalized": true, "min_var_0": 3.994348767255389e-05, "train_size": 250, "max_error_0": 0.21025249105203803, "mae_0_1": 0.03979197214308043}
