{"max_error_0_1": 0.11471890137570906, "r2_0_1": 0.9817998527805407, "std_var_1": 0.0017954064910686307, "min_var_1": 0.3337001779994733, "r2_0": 0.9817998527805407, "_runtime": 19028.081433057785, "max_var_1": 0.3491096476039655, "max_error_0": 0.11471890137570906, "min_var_0": 0.0010530578243443628, "mean_var_0": 0.0010591419967720173, "mae_0_1": 0.025314166126095054, "mae_0": 0.025314166126095054, "median_var_0": 0.001058068339795794, "std_var_0": 4.333253676698657e-06, "mean_var_1": 0.33596209969136787, "_timestamp": 1597424622.906827, "train_size": 2000, "_step": 0, "median_var_1": 0.33547401222798895, "coregionalized": true, "max_var_0": 0.0010900946604916711}
