{"r2_0_1": 0.9797549806735574, "min_var_0": 0.02793416485337196, "max_var_0": 0.0583031902633758, "median_var_0": 0.03136795364597099, "r2_0": 0.9797549806735574, "_runtime": 1430.247943162918, "min_var_1": 0.5780713819506621, "std_var_1": 0.0647949396642951, "coregionalized": true, "mean_var_0": 0.03214156413614047, "mean_var_1": 0.6620991011511271, "max_error_0": 0.12694291886865372, "mae_0": 0.027296389603435837, "train_size": 187, "_timestamp": 1597983491.736462, "max_var_1": 1.1880697658801738, "median_var_1": 0.6466163139030121, "mae_0_1": 0.027296389603435837, "_step": 0, "max_error_0_1": 0.12694291886865372, "std_var_0": 0.003236963431571371}
