{"_timestamp": 1597474432.314504, "max_var_0": 0.0562105776807237, "_runtime": 525.2348186969757, "std_var_0": 0.003408926629909707, "r2_0": 0.9479435896096802, "mean_var_0": 0.0021329770672935526, "mae_0": 0.041213295462012016, "min_var_1": 0.2252709671513727, "r2_0_1": 0.9479435896096802, "mean_var_1": 0.562377123550278, "_step": 0, "std_var_1": 0.48063717040751475, "max_var_1": 7.934218977254231, "max_error_0_1": 0.23534386373315597, "median_var_1": 0.43696811619568476, "median_var_0": 0.0012379165784580806, "coregionalized": true, "min_var_0": 6.22318186803852e-05, "train_size": 250, "max_error_0": 0.23534386373315597, "mae_0_1": 0.041213295462012016}
