{"mean_var_1": 0.38190926152871, "max_var_0": 0.011372607651858768, "max_var_1": 1.7162367911991838, "coregionalized": true, "min_var_0": 0.00024717605676372045, "median_var_1": 0.33866503176304696, "median_var_0": 0.001072837089566292, "mae_0_1": 0.02765479699226813, "max_error_0_1": 0.10456292824574387, "r2_0_1": 0.9806970038756861, "max_error_0": 0.10456292824574387, "mean_var_0": 0.0014008012945610417, "train_size": 250, "min_var_1": 0.20614087854190621, "_runtime": 179.64382410049438, "_step": 0, "std_var_0": 0.001129383988035585, "_timestamp": 1596816564.72348, "mae_0": 0.02765479699226813, "r2_0": 0.9806970038756861, "std_var_1": 0.15771239579525384}
