{"mean_var_0": 0.05948730223365606, "mae_0": 0.10292944179590699, "max_var_0": 0.26793684489841346, "r2_0": 0.5997314595421912, "coregionalized": false, "r2_0_1": 0.5997314595421912, "max_error_0_1": 0.6863010371319038, "_step": 0, "_runtime": 1133.0672481060028, "min_var_0": 0.0002386298955114734, "mae_0_1": 0.10292944179590699, "median_var_1": 0.3947333651242962, "max_var_1": 16.124039912287902, "train_size": 25, "_timestamp": 1597747539.663162, "max_error_0": 0.6863010371319038, "mean_var_1": 0.9163731752706379, "std_var_1": 1.7238535142555782, "std_var_0": 0.05070288088031192, "min_var_1": 0.02079860308499001, "median_var_0": 0.04538984652590745}
