{"_timestamp": 1597474706.8589242, "max_var_0": 0.043108789849354345, "_runtime": 799.7792389392853, "std_var_0": 0.0008198406312195207, "r2_0": 0.977491535384303, "mean_var_0": 0.03237222743884449, "mae_0": 0.027036314358865138, "min_var_1": 0.5729557484719665, "r2_0_1": 0.977491535384303, "mean_var_1": 0.582698169377109, "_step": 0, "std_var_1": 0.010176737845382379, "max_var_1": 0.7091460927072835, "max_error_0_1": 0.11818586255483243, "median_var_1": 0.5809408182705283, "median_var_0": 0.0322252275935407, "coregionalized": false, "min_var_0": 0.031711716667035095, "train_size": 250, "max_error_0": 0.11818586255483243, "mae_0_1": 0.027036314358865138}
