{"mae_0_1": 0.026444143592363065, "median_var_1": 0.36861819251944894, "max_error_0_1": 0.1259577516862329, "min_var_0": 1.0093190918749345e-08, "mae_0": 0.026444143592363065, "mean_var_1": 0.4897259055324206, "min_var_1": 1.0000050565395213e-08, "mean_var_0": 0.0013268183960919134, "max_var_0": 0.007141669224308669, "max_var_1": 2.4756563763912993, "train_size": 250, "std_var_0": 0.0010652521334417772, "_step": 0, "coregionalized": false, "median_var_0": 0.0009832651297005635, "_runtime": 140.6422951221466, "std_var_1": 0.37661331248510166, "r2_0_1": 0.9793246673445803, "max_error_0": 0.1259577516862329, "_timestamp": 1596815485.669846, "r2_0": 0.9793246673445803}
