{"mae_0_1": 0.02137816202558849, "coregionalized": false, "r2_0": 0.9874441508651319, "min_var_1": 0.2814421125897768, "std_var_1": 0.04210789662911863, "median_var_1": 0.31813247381892484, "mean_var_0": 0.0007502714717331449, "mae_0": 0.02137816202558849, "_step": 0, "_timestamp": 1596846135.183521, "std_var_0": 7.486691484390076e-05, "max_var_1": 0.6540893929491647, "min_var_0": 0.0006643604417545524, "max_error_0_1": 0.09234597169249392, "median_var_0": 0.0007302014563433935, "_runtime": 13178.993911027908, "max_var_0": 0.0013241504873148235, "mean_var_1": 0.32968587737132343, "max_error_0": 0.09234597169249392, "train_size": 1250, "r2_0_1": 0.9874441508651319}
