{"_step": 0, "mean_var_1": 5.511224429523105, "train_size": 2, "min_var_0": 0.04764245827265795, "mae_0_1": 0.20306014154159446, "mean_var_0": 0.04813124224494071, "std_var_0": 2.5315047887918136e-05, "r2_0_1": -322895.50707619556, "min_var_1": 5.455256662161224, "max_error_0_1": 0.6639340160931098, "mae_0": 0.20306014154159446, "median_var_0": 0.0481332543933458, "coregionalized": false, "std_var_1": 0.002898676698274049, "max_var_1": 5.511454829317388, "max_error_0": 0.6639340160931098, "r2_0": -322895.50707619556, "max_var_0": 0.048133254398220554, "_timestamp": 1597512372.111029, "_runtime": 528.6469938755035, "median_var_1": 5.511454828759209}
