{"max_error_0_1": 0.11396476431311608, "r2_0_1": 0.9817189483414784, "std_var_1": 0.0016805871055577035, "min_var_1": 0.5715177817812405, "r2_0": 0.9817189483414784, "_runtime": 25249.20525622368, "max_var_1": 0.596238385017047, "max_error_0": 0.11396476431311608, "min_var_0": 0.032662002529511944, "mean_var_0": 0.032788690470039135, "mae_0_1": 0.025373213906654455, "mae_0": 0.025373213906654455, "median_var_0": 0.03275843514061906, "std_var_0": 0.00010249583912646788, "mean_var_1": 0.5733024214516413, "_timestamp": 1597430844.0306501, "train_size": 2000, "_step": 0, "median_var_1": 0.5729382563243006, "coregionalized": false, "max_var_0": 0.033388175567976505}
