{"median_var_0": 0.0032729020716484314, "max_error_0": 0.1986113436443082, "r2_0_1": 0.9524624242646974, "mean_var_1": 7.455060222766135, "_timestamp": 1596871224.526935, "r2_0": 0.9524624242646974, "std_var_0": 0.0026163174196143016, "_runtime": 50.36663198471069, "train_size": 25, "min_var_1": 7.338020891662718, "_step": 0, "coregionalized": true, "median_var_1": 7.431670628697016, "min_var_0": 0.0005762863630920378, "mae_0": 0.040564501074611556, "max_var_1": 7.906663796084099, "std_var_1": 0.09086108842559054, "mean_var_0": 0.0039463983224777965, "mae_0_1": 0.040564501074611556, "max_error_0_1": 0.1986113436443082, "max_var_0": 0.016950185929525574}
