{"std_var_1": 1.1451014491089418e-09, "mae_0_1": 0.10014454897176425, "max_error_0_1": 0.3944768636289355, "max_var_0": 0.24983067098237624, "mean_var_1": 2.0307308768666275, "_step": 0, "max_var_1": 2.0307308769132852, "std_var_0": 0.03125833891878897, "min_var_0": 0.04501615053633324, "train_size": 9, "mean_var_0": 0.1654849127221166, "max_error_0": 0.3944768636289355, "median_var_1": 2.0307308769132852, "_timestamp": 1597921451.394996, "median_var_0": 0.1651026270319212, "r2_0": 0.4596373341978448, "min_var_1": 2.030730838851609, "r2_0_1": 0.4596373341978448, "mae_0": 0.10014454897176425, "coregionalized": false, "_runtime": 120.52807807922363}
