{"mae_0_1": 0.021993976566112187, "coregionalized": false, "r2_0": 0.9865934915197732, "min_var_1": 0.28121164799943077, "std_var_1": 0.05275017386574154, "median_var_1": 0.32685604427517834, "mean_var_0": 0.000781121880106336, "mae_0": 0.021993976566112187, "_step": 0, "_timestamp": 1596845427.331531, "std_var_0": 8.631030481603857e-05, "max_var_1": 0.8183643007536608, "min_var_0": 0.0006814969983698957, "max_error_0_1": 0.09694559385800883, "median_var_0": 0.0007605412072299642, "_runtime": 12471.141921043396, "max_var_0": 0.001536578939523808, "mean_var_1": 0.3403089003460919, "max_error_0": 0.09694559385800883, "train_size": 750, "r2_0_1": 0.9865934915197732}
