{"mae_0_1": 0.04851772834978281, "coregionalized": true, "r2_0": 0.9147369147455446, "min_var_1": 0.7615588088273967, "std_var_1": 0.8850849697571571, "median_var_1": 1.6337416581437423, "mean_var_0": 0.0044675508168542525, "mae_0": 0.04851772834978281, "_step": 0, "_timestamp": 1596832981.199892, "std_var_0": 0.0030078644251232294, "max_var_1": 7.14619995982863, "min_var_0": 0.0008654077529781655, "max_error_0_1": 0.22335954787544643, "median_var_0": 0.003664754653404324, "_runtime": 25.010282039642334, "max_var_0": 0.024744110391565766, "mean_var_1": 1.8824930838936422, "max_error_0": 0.22335954787544643, "train_size": 25, "r2_0_1": 0.9147369147455446}
