{"_timestamp": 1596816782.061944, "_step": 0, "min_var_0": 0.00020429352175010967, "std_var_0": 0.0009323076683972493, "median_var_0": 0.0009487587397130071, "coregionalized": false, "median_var_1": 0.3718142439230121, "max_error_0_1": 0.13682438565443, "r2_0_1": 0.9777055805661823, "mae_0_1": 0.027264006796559444, "r2_0": 0.9777055805661823, "train_size": 250, "mean_var_0": 0.001195808968342881, "std_var_1": 0.3443025394771505, "min_var_1": 0.07958610594289439, "_runtime": 196.47917199134827, "max_var_0": 0.010033900749620628, "mae_0": 0.027264006796559444, "max_error_0": 0.13682438565443, "mean_var_1": 0.4608138449851802, "max_var_1": 3.5705226036492093}
