{"max_error_0": 0.5778698493425498, "max_error_0_1": 0.5778698493425498, "min_var_0": 0.09188228155049992, "r2_0": -0.5768456241879318, "median_var_1": 2.882196236995301, "coregionalized": false, "_runtime": 139.1889350414276, "median_var_0": 0.1791968446215952, "max_var_0": 0.21092748164129357, "max_var_1": 3.923730127261728, "mae_0": 0.12105119235365619, "_step": 0, "std_var_0": 0.021354569956919832, "mae_0_1": 0.12105119235365619, "min_var_1": 1.2558361520761745, "_timestamp": 1597900173.921886, "r2_0_1": -0.5768456241879318, "mean_var_0": 0.17505329483071674, "mean_var_1": 2.8324627884737295, "std_var_1": 0.5000561172429284, "train_size": 12}
