{"mae_0_1": 0.02101817076579935, "coregionalized": false, "r2_0": 0.9877048666834222, "min_var_1": 0.28886606529051484, "std_var_1": 0.031036807162201672, "median_var_1": 0.31552013922630273, "mean_var_0": 0.0007388275554841132, "mae_0": 0.02101817076579935, "_step": 0, "_timestamp": 1596861451.220733, "std_var_0": 5.514913644844187e-05, "max_var_1": 0.6309155760562337, "min_var_0": 0.0006775687131739233, "max_error_0_1": 0.08921990206570651, "median_var_0": 0.0007251812536157559, "_runtime": 28495.031122922897, "max_var_0": 0.0012810140156904709, "mean_var_1": 0.3231731711659212, "max_error_0": 0.08921990206570651, "train_size": 2000, "r2_0_1": 0.9877048666834222}
