{"_step": 1, "_timestamp": 1599564312.104358, "cv_mean": 0.9602892920778199, "_runtime": 9888.397969961166, "cv_std": 0.004480851229332589}
