{"max_error_0": 0.30779817220703154, "max_error_0_1": 0.30779817220703154, "min_var_0": 0.020763023242857222, "r2_0": 0.7498681224609837, "median_var_1": 2.9779674299165113, "coregionalized": false, "_runtime": 82.7225239276886, "median_var_0": 0.08790766040865987, "max_var_0": 0.1970401393948259, "max_var_1": 4.1707467100794995, "mae_0": 0.07760563880989575, "_step": 0, "std_var_0": 0.027620953278863526, "mae_0_1": 0.07760563880989575, "min_var_1": 0.8982849152911875, "_timestamp": 1597900117.4554749, "r2_0_1": 0.7498681224609837, "mean_var_0": 0.09179145003675648, "mean_var_1": 2.970009897701187, "std_var_1": 0.49102233527629807, "train_size": 12}
