{"_runtime": 695.6979830265045, "mae_0": 0.029610216219425105, "_step": 0, "mean_var_0": 0.000913095474561656, "mae_0_1": 0.029610216219425105, "max_var_0": 0.007895674720508339, "train_size": 250, "median_var_0": 0.0007092792000960024, "median_var_1": 9.353165609818879, "max_var_1": 9.581952575498155, "r2_0_1": 0.9743146351170227, "min_var_0": 0.00010726658012094603, "std_var_0": 0.000753841719241609, "mean_var_1": 9.359443941404345, "max_error_0_1": 0.1565898713468763, "r2_0": 0.9743146351170227, "_timestamp": 1596972009.233237, "std_var_1": 0.024612343387724504, "min_var_1": 9.33282088848687, "coregionalized": true, "max_error_0": 0.1565898713468763}
