{"mae_0_1": 0.03956509946550326, "median_var_1": 1.2134332572264839, "max_error_0_1": 0.1968250687789972, "min_var_0": 0.00031084203579296747, "mae_0": 0.03956509946550326, "mean_var_1": 1.4599598183172053, "min_var_1": 0.21623685349607058, "mean_var_0": 0.0023974159943545175, "max_var_0": 0.012290003280925953, "max_var_1": 6.408428063420956, "train_size": 25, "std_var_0": 0.0016289099172222612, "_step": 0, "coregionalized": false, "median_var_0": 0.0019289999175474237, "_runtime": 77.88700795173645, "std_var_1": 0.9549032213497415, "r2_0_1": 0.9526864618095396, "max_error_0": 0.1968250687789972, "_timestamp": 1596815422.914559, "r2_0": 0.9526864618095396}
