{"_runtime": 22.8222599029541, "_timestamp": 1599546382.92023, "_step": 1, "cv_mean": 365.4410572474978, "cv_std": 251.96071737104208}
