{"r2_0": 0.9567817752957822, "median_var_0": 0.0010888657135284187, "max_error_0_1": 0.17530243669408252, "max_var_0": 0.03989128777798869, "train_size": 250, "_runtime": 769.6574609279633, "_timestamp": 1597431942.974773, "_step": 0, "std_var_1": 0.5491339422050475, "r2_0_1": 0.9567817752957822, "min_var_1": 0.2626343767527971, "std_var_0": 0.0026143262207892785, "max_error_0": 0.17530243669408252, "min_var_0": 4.820841191823707e-05, "coregionalized": true, "mae_0_1": 0.03799329881010102, "mean_var_0": 0.0017747525169067707, "mean_var_1": 0.6729665391067207, "max_var_1": 8.388990493803842, "mae_0": 0.03799329881010102, "median_var_1": 0.5378131928715931}
