{"std_var_1": 0.10335751531519508, "mae_0_1": 0.02899425923439289, "max_error_0_1": 0.13494334264966978, "max_var_0": 0.07276035886651694, "mean_var_1": 0.6882003907290859, "_step": 0, "max_var_1": 1.6162689773672954, "std_var_0": 0.0034927491101831767, "min_var_0": 0.0345772065963031, "train_size": 93, "mean_var_0": 0.03940814373197681, "max_error_0": 0.13494334264966978, "median_var_1": 0.6611360785153577, "_timestamp": 1597922173.573934, "median_var_0": 0.038601417520558776, "r2_0": 0.9743036813306389, "min_var_1": 0.5481359383004406, "r2_0_1": 0.9743036813306389, "mae_0": 0.02899425923439289, "coregionalized": true, "_runtime": 842.7070162296295}
