{"max_error_0": 0.3813558870198446, "max_error_0_1": 0.3813558870198446, "min_var_0": 0.08490108692197189, "r2_0": 0.6460538606838888, "median_var_1": 2.6172851416911236, "coregionalized": true, "_runtime": 176.287250995636, "median_var_0": 0.13087075822285316, "max_var_0": 0.25187124306627356, "max_var_1": 2.852498475010578, "mae_0": 0.10513763331768437, "_step": 0, "std_var_0": 0.028257860984984156, "mae_0_1": 0.10513763331768437, "min_var_1": 2.564103857052907, "_timestamp": 1597900211.020202, "r2_0_1": 0.6460538606838888, "mean_var_0": 0.13471692506999644, "mean_var_1": 2.6265601533484033, "std_var_1": 0.043859750342335045, "train_size": 12}
