{"_timestamp": 1596969613.83158, "median_var_0": 0.0007084200890356273, "train_size": 750, "r2_0_1": 0.9853971299567512, "min_var_1": 0.3061043985766447, "median_var_1": 0.34059953420037353, "std_var_0": 0.00013898849454330406, "_runtime": 13636.192029953003, "mae_0": 0.02259121457832377, "mae_0_1": 0.02259121457832377, "max_var_0": 0.002958933171124528, "coregionalized": true, "_step": 0, "mean_var_0": 0.0007403167891740681, "max_var_1": 1.299568512910264, "max_error_0": 0.10284466670293124, "std_var_1": 0.05958343559772583, "mean_var_1": 0.35461476884412985, "max_error_0_1": 0.10284466670293124, "r2_0": 0.9853971299567512, "min_var_0": 0.000628616105582097}
