{"max_var_1": 1.0456162356767191, "r2_0": 0.973165285130198, "std_var_1": 0.062404190593533755, "max_var_0": 0.061460174144384455, "_timestamp": 1597960797.4104981, "std_var_0": 0.003175058523405245, "train_size": 93, "mean_var_0": 0.03895482423120782, "_step": 0, "mae_0": 0.030663073492029593, "coregionalized": false, "max_error_0": 0.12350852253297928, "min_var_1": 0.51385044532565, "r2_0_1": 0.973165285130198, "mean_var_1": 0.6009610691988515, "min_var_0": 0.03447851852350707, "mae_0_1": 0.030663073492029593, "median_var_1": 0.5855531210827923, "max_error_0_1": 0.12350852253297928, "_runtime": 988.4039092063904, "median_var_0": 0.038204018581634906}
