{"std_var_0": 0.0017862786261851192, "_step": 0, "_runtime": 2446.0251548290253, "min_var_0": 0.029939393000679472, "max_error_0": 0.12501237280428557, "median_var_0": 0.031865721467432565, "mae_0_1": 0.027300077521974397, "mean_var_0": 0.032339405186469175, "median_var_1": 0.6546578297659734, "mae_0": 0.027300077521974397, "std_var_1": 0.04201406456908246, "coregionalized": false, "_timestamp": 1597753729.920198, "max_var_0": 0.04252178043411609, "r2_0": 0.9789486123958607, "min_var_1": 0.6109954899081861, "max_error_0_1": 0.12501237280428557, "train_size": 125, "max_var_1": 0.9058614862882226, "mean_var_1": 0.6660971172931895, "r2_0_1": 0.9789486123958607}
