{"std_var_1": 0.04386939758544286, "mae_0_1": 0.029648488529785664, "max_error_0_1": 0.1458345384752131, "max_var_0": 0.05530783044241553, "mean_var_1": 0.6640035131580309, "_step": 0, "max_var_1": 1.0503491210784666, "std_var_0": 0.0023113825986888553, "min_var_0": 0.0313151555351712, "train_size": 93, "mean_var_0": 0.034974084311574, "max_error_0": 0.1458345384752131, "median_var_1": 0.6533886187098767, "_timestamp": 1597922054.078748, "median_var_0": 0.03441601899747712, "r2_0": 0.9745194507299458, "min_var_1": 0.5944312728439236, "r2_0_1": 0.9745194507299458, "mae_0": 0.029648488529785664, "coregionalized": false, "_runtime": 723.2118301391602}
