{"_step": 1, "cv_mean": 0.9421108577184253, "_timestamp": 1599553677.2329988, "_runtime": 611.8318867683411, "cv_std": 0.002275158461399918}
