{"mae_0_1": 0.025380766624759944, "median_var_1": 0.41977437342741813, "max_error_0_1": 0.14563818255169814, "min_var_0": 0.0001477115129997486, "mae_0": 0.025380766624759944, "mean_var_1": 0.46305571573707455, "min_var_1": 0.30587379642948326, "mean_var_0": 0.0011191819716998197, "max_var_0": 0.007681823496336726, "max_var_1": 1.3879934456352485, "train_size": 250, "std_var_0": 0.0009202960073902306, "_step": 0, "coregionalized": true, "median_var_0": 0.0008576305105032489, "_runtime": 148.47984313964844, "std_var_1": 0.14286685363108445, "r2_0_1": 0.9800657852904968, "max_error_0": 0.14563818255169814, "_timestamp": 1596815493.507394, "r2_0": 0.9800657852904968}
