{"mae_0_1": 0.021409956917378035, "coregionalized": true, "r2_0": 0.987404294594064, "min_var_1": 0.28091113103577425, "std_var_1": 0.0351008095754375, "median_var_1": 0.30971110965905735, "mean_var_0": 0.0007594535367922441, "mae_0": 0.021409956917378035, "_step": 0, "_timestamp": 1596845557.095445, "std_var_0": 6.967883846625692e-05, "max_var_1": 0.6844879467840123, "min_var_0": 0.0006844529165073079, "max_error_0_1": 0.08948404365335616, "median_var_0": 0.0007426806590353687, "_runtime": 12600.905834913254, "max_var_0": 0.0014731854333456165, "mean_var_1": 0.3181034093504356, "max_error_0": 0.08948404365335616, "train_size": 1250, "r2_0_1": 0.987404294594064}
