{"_timestamp": 1597478718.28135, "max_var_0": 0.001250701933939162, "_runtime": 4811.201664686203, "std_var_0": 1.6588315052184066e-05, "r2_0": 0.9775730008627529, "mean_var_0": 0.0010270588978339578, "mae_0": 0.02686950930304541, "min_var_1": 0.3411907548631766, "r2_0_1": 0.9775730008627529, "mean_var_1": 0.34532294881001496, "_step": 0, "std_var_1": 0.004647268838794385, "max_var_1": 0.4074811790685394, "max_error_0_1": 0.11969078708894765, "median_var_1": 0.3443451453547218, "median_var_0": 0.0010233968489483589, "coregionalized": true, "min_var_0": 0.0010129816284898327, "train_size": 1250, "max_error_0": 0.11969078708894765, "mae_0_1": 0.02686950930304541}
