{"r2_0": 0.9792774644495633, "median_var_0": 0.03417743217264703, "max_error_0_1": 0.11531202700629395, "max_var_0": 0.037071973419627494, "train_size": 250, "_runtime": 463.4034171104431, "_timestamp": 1597431636.720729, "_step": 0, "std_var_1": 0.00661250789850782, "r2_0_1": 0.9792774644495633, "min_var_1": 0.6150466926681296, "std_var_0": 0.0005058809029885986, "max_error_0": 0.11531202700629395, "min_var_0": 0.033585465951007434, "coregionalized": false, "mae_0_1": 0.02609975175750571, "mean_var_0": 0.03428971306559379, "mean_var_1": 0.6251129896657777, "max_var_1": 0.6714318012041239, "mae_0": 0.02609975175750571, "median_var_1": 0.6237219831940058}
