{"r2_0_1": 0.9813808441960958, "min_var_0": 0.03310113167027244, "max_var_0": 0.04288310665889147, "median_var_0": 0.03400847103281044, "r2_0": 0.9813808441960958, "_runtime": 12814.518989086151, "min_var_1": 0.6160846944371181, "std_var_1": 0.015311992489718831, "coregionalized": false, "mean_var_0": 0.03426633687738713, "mean_var_1": 0.6350857539565055, "max_error_0": 0.13155079379025825, "mae_0": 0.02611586329913848, "train_size": 375, "_timestamp": 1597994876.007508, "max_var_1": 0.7706086676823581, "median_var_1": 0.6309512512557647, "mae_0_1": 0.02611586329913848, "_step": 0, "max_error_0_1": 0.13155079379025825, "std_var_0": 0.0009624791164086861}
