{"_timestamp": 1599561222.020861, "cv_mean": 0.948094937226772, "_step": 1, "_runtime": 6795.452783823013, "cv_std": 0.004097898245036607}
