{"_step": 1, "cv_mean": 0.9316139578082161, "_timestamp": 1599553204.7835479, "_runtime": 139.38243579864502, "cv_std": 0.002493968429541243}
