{"std_var_1": 0.03625048681244457, "mae_0_1": 0.027365996599588858, "max_error_0_1": 0.12936045829918763, "max_var_0": 0.051927802560192846, "mean_var_1": 0.6507346583565773, "_step": 0, "max_var_1": 1.0030013119537078, "std_var_0": 0.0016452381139500552, "min_var_0": 0.033824819077173926, "train_size": 187, "mean_var_0": 0.03598260019092143, "max_error_0": 0.12936045829918763, "median_var_1": 0.6414389371006763, "_timestamp": 1597922927.5365272, "median_var_0": 0.035569009871105554, "r2_0": 0.9787744121055129, "min_var_1": 0.6039003026405378, "r2_0_1": 0.9787744121055129, "mae_0": 0.027365996599588858, "coregionalized": true, "_runtime": 1596.6696093082428}
