{"_timestamp": 1596965270.547363, "median_var_0": 0.0008923778862490739, "train_size": 250, "r2_0_1": 0.9779276882323974, "min_var_1": 0.11304790551281485, "median_var_1": 0.501168293775109, "std_var_0": 0.001302157658125603, "_runtime": 9292.907813072205, "mae_0": 0.02748602487785671, "mae_0_1": 0.02748602487785671, "max_var_0": 0.022139747022401846, "coregionalized": false, "_step": 0, "mean_var_0": 0.0012002550364807057, "max_var_1": 8.885847704759911, "max_error_0": 0.12103471422882772, "std_var_1": 0.5857478112922782, "mean_var_1": 0.64649266259425, "max_error_0_1": 0.12103471422882772, "r2_0": 0.9779276882323974, "min_var_0": 0.00019311238054764424}
