{"max_var_1": 2.727475536450873, "r2_0": 0.8072735623935682, "std_var_1": 0.012561810575006096, "max_var_0": 0.151840367976502, "_timestamp": 1597960221.068158, "std_var_0": 0.014387452941056995, "train_size": 18, "mean_var_0": 0.08027116329927439, "_step": 0, "mae_0": 0.07119490755579547, "coregionalized": true, "max_error_0": 0.2974381999414333, "min_var_1": 2.632657300867365, "r2_0_1": 0.8072735623935682, "mean_var_1": 2.649052340028894, "min_var_0": 0.05721822263181225, "mae_0_1": 0.07119490755579547, "median_var_1": 2.6454981005338536, "max_error_0_1": 0.2974381999414333, "_runtime": 412.0615689754486, "median_var_0": 0.07688875532245812}
