{"_step": 1, "_timestamp": 1599556461.150151, "cv_mean": 0.9595540986730076, "_runtime": 2037.4437630176544, "cv_std": 0.005425666946666297}
