{"_timestamp": 1596958813.727515, "median_var_0": 0.0021538361984934085, "train_size": 25, "r2_0_1": 0.9582338835336566, "min_var_1": 0.13034274224601178, "median_var_1": 0.6329652182041172, "std_var_0": 0.0019335583714698943, "_runtime": 2836.0879650115967, "mae_0": 0.0376067600802779, "mae_0_1": 0.0376067600802779, "max_var_0": 0.02612602435162792, "coregionalized": true, "_step": 0, "mean_var_0": 0.002595433018678855, "max_var_1": 7.6778952770470825, "max_error_0": 0.17150645424296118, "std_var_1": 0.5682326081700712, "mean_var_1": 0.7627420858660829, "max_error_0_1": 0.17150645424296118, "r2_0": 0.9582338835336566, "min_var_0": 0.00044352887402787644}
