{"max_error_0": 0.12705172572269152, "max_error_0_1": 0.12705172572269152, "mae_0": 0.027236968088489324, "_timestamp": 1596972869.248537, "r2_0_1": 0.9783249666778174, "mean_var_0": 0.0010599145777419657, "min_var_1": 0.2874622271945453, "max_var_1": 0.6454658807615414, "r2_0": 0.9783249666778174, "std_var_0": 0.0007371418884824341, "mean_var_1": 0.35461469366449866, "median_var_0": 0.0008698024936815152, "coregionalized": true, "_step": 0, "_runtime": 252.07934999465942, "std_var_1": 0.053035222565848014, "mae_0_1": 0.027236968088489324, "min_var_0": 4.7400574053391153e-05, "max_var_0": 0.005384798509542765, "train_size": 250, "median_var_1": 0.33979562065908175}
