{"mae_0_1": 0.03895950983848121, "median_var_1": 1.3690858912597306, "max_error_0_1": 0.21297373306670897, "min_var_0": 0.0008352484564495555, "mae_0": 0.03895950983848121, "mean_var_1": 1.7072924041154212, "min_var_1": 0.2188740871150841, "mean_var_0": 0.006517108763071218, "max_var_0": 0.025945940586705518, "max_var_1": 6.796886208021208, "train_size": 25, "std_var_0": 0.004334825304869579, "_step": 0, "coregionalized": true, "median_var_0": 0.005225937774765654, "_runtime": 121.68765020370483, "std_var_1": 1.1355517991017707, "r2_0_1": 0.9484998174340517, "max_error_0": 0.21297373306670897, "_timestamp": 1596815466.7152011, "r2_0": 0.9484998174340517}
