{"max_error_0": 0.08987946614938958, "max_error_0_1": 0.08987946614938958, "mae_0": 0.02009337049801139, "_timestamp": 1596998444.404633, "r2_0_1": 0.9888630734733745, "mean_var_0": 0.0007208914923954599, "min_var_1": 0.32341603898394783, "max_var_1": 0.4043223418616269, "r2_0": 0.9888630734733745, "std_var_0": 1.6796775168226103e-05, "mean_var_1": 0.3356081206540701, "median_var_0": 0.0007171175699884362, "coregionalized": false, "_step": 0, "_runtime": 25827.235445976257, "std_var_1": 0.009844737376575652, "mae_0_1": 0.02009337049801139, "min_var_0": 0.0007021986019701291, "max_var_0": 0.0008768420184603347, "train_size": 1250, "median_var_1": 0.33283149367023884}
