{"_timestamp": 1596816632.9810061, "_step": 0, "min_var_0": 0.0005980236449474319, "std_var_0": 0.0030578871889717103, "median_var_0": 0.004019179154855834, "coregionalized": true, "median_var_1": 2.2555587856072052, "max_error_0_1": 0.17813753610240246, "r2_0_1": 0.9454302541427161, "mae_0_1": 0.04372786754112267, "r2_0": 0.9454302541427161, "train_size": 25, "mean_var_0": 0.004700967940759344, "std_var_1": 1.2115431211978371, "min_var_1": 0.8520286401293888, "_runtime": 47.398234128952026, "max_var_0": 0.022405466683322217, "mae_0": 0.04372786754112267, "max_error_0": 0.17813753610240246, "mean_var_1": 2.5401051379035633, "max_var_1": 9.137855372269255}
