{"_step": 0, "mean_var_1": 4.437081451504725, "train_size": 25, "min_var_0": 2.3141170685914147e-05, "mae_0_1": 0.07342943005975958, "mean_var_0": 0.0026269470429287046, "std_var_0": 0.0038807229498862695, "r2_0_1": 0.8047705608247833, "min_var_1": 2.2817789562060344, "max_error_0_1": 0.5171878244141479, "mae_0": 0.07342943005975958, "median_var_0": 0.0016597261751765124, "coregionalized": true, "std_var_1": 2.997763373791101, "max_var_1": 31.8315927677396, "max_error_0": 0.5171878244141479, "r2_0": 0.8047705608247833, "max_var_0": 0.03913941600764925, "_timestamp": 1597514248.95546, "_runtime": 2405.491425037384, "median_var_1": 3.6740117999653368}
