{"_timestamp": 1597502202.0225332, "max_var_0": 0.035501998452397134, "_runtime": 28294.942847967148, "std_var_0": 0.00034956236091250896, "r2_0": 0.9785013005825818, "mean_var_0": 0.03115020144208749, "mae_0": 0.026435403023686143, "min_var_1": 0.5776378403213009, "r2_0_1": 0.9785013005825818, "mean_var_1": 0.5821518331309621, "_step": 0, "std_var_1": 0.0036962790184866916, "max_var_1": 0.6039187250717046, "max_error_0_1": 0.11265488478244912, "median_var_1": 0.5811424865954179, "median_var_0": 0.031067021937087234, "coregionalized": false, "min_var_0": 0.03091616912109799, "train_size": 2000, "max_error_0": 0.11265488478244912, "mae_0_1": 0.026435403023686143}
