{"_step": 0, "mean_var_1": 1.3598419360144294, "train_size": 2, "min_var_0": 0.02194010374326804, "mae_0_1": 0.21654085129030404, "mean_var_0": 0.02217947107488281, "std_var_0": 9.890041132333556e-06, "r2_0_1": -3185246.31859527, "min_var_1": 1.3451661245605837, "max_error_0_1": 0.7139053191653741, "mae_0": 0.21654085129030404, "median_var_0": 0.022179974843856535, "coregionalized": false, "std_var_1": 0.0006063666998740433, "max_var_1": 1.359872823111342, "max_error_0": 0.7139053191653741, "r2_0": -3185246.31859527, "max_var_0": 0.022179974853634165, "_timestamp": 1597513400.2498932, "_runtime": 1556.7858581542969, "median_var_1": 1.3598728225118673}
