{"max_error_0_1": 0.10362908674414673, "r2_0_1": 0.9818495089859512, "std_var_1": 0.0056416584678024625, "min_var_1": 0.3652424484164691, "r2_0": 0.9818495089859512, "_runtime": 3906.1262872219086, "max_var_1": 0.4361275106341815, "max_error_0": 0.10362908674414673, "min_var_0": 0.0010809395519930766, "mean_var_0": 0.0010936349411409243, "mae_0_1": 0.025338252227719318, "mae_0": 0.025338252227719318, "median_var_0": 0.0010905185830227928, "std_var_0": 1.2614604330101586e-05, "mean_var_1": 0.3705028995425677, "_timestamp": 1597409500.9516811, "train_size": 1250, "_step": 0, "median_var_1": 0.3689095645816302, "coregionalized": true, "max_var_0": 0.001244583114693676}
